[2025-01-15 12:57:48] local.ERROR: Please provide a valid cache path. {"exception":"[object] (InvalidArgumentException(code: 0): Please provide a valid cache path. at /home/saai/Documents/Projects/CGTA-CLUB/vendor/laravel/framework/src/Illuminate/View/Compilers/Compiler.php:67)
[stacktrace]
#0 /home/saai/Documents/Projects/CGTA-CLUB/vendor/laravel/framework/src/Illuminate/View/ViewServiceProvider.php(97): Illuminate\\View\\Compilers\\Compiler->__construct()
#1 /home/saai/Documents/Projects/CGTA-CLUB/vendor/laravel/framework/src/Illuminate/Container/Container.php(908): Illuminate\\View\\ViewServiceProvider->Illuminate\\View\\{closure}()
#2 /home/saai/Documents/Projects/CGTA-CLUB/vendor/laravel/framework/src/Illuminate/Container/Container.php(795): Illuminate\\Container\\Container->build()
#3 /home/saai/Documents/Projects/CGTA-CLUB/vendor/laravel/framework/src/Illuminate/Foundation/Application.php(961): Illuminate\\Container\\Container->resolve()
#4 /home/saai/Documents/Projects/CGTA-CLUB/vendor/laravel/framework/src/Illuminate/Container/Container.php(731): Illuminate\\Foundation\\Application->resolve()
#5 /home/saai/Documents/Projects/CGTA-CLUB/vendor/laravel/framework/src/Illuminate/Foundation/Application.php(946): Illuminate\\Container\\Container->make()
#6 /home/saai/Documents/Projects/CGTA-CLUB/vendor/laravel/framework/src/Illuminate/Container/Container.php(1454): Illuminate\\Foundation\\Application->make()
#7 /home/saai/Documents/Projects/CGTA-CLUB/vendor/laravel/framework/src/Illuminate/Support/Facades/Facade.php(237): Illuminate\\Container\\Container->offsetGet()
#8 /home/saai/Documents/Projects/CGTA-CLUB/vendor/laravel/framework/src/Illuminate/Support/Facades/Facade.php(208): Illuminate\\Support\\Facades\\Facade::resolveFacadeInstance()
#9 /home/saai/Documents/Projects/CGTA-CLUB/vendor/laravel/framework/src/Illuminate/Support/Facades/Facade.php(349): Illuminate\\Support\\Facades\\Facade::getFacadeRoot()
#10 /home/saai/Documents/Projects/CGTA-CLUB/vendor/livewire/livewire/src/Mechanisms/FrontendAssets/FrontendAssets.php(30): Illuminate\\Support\\Facades\\Facade::__callStatic()
#11 /home/saai/Documents/Projects/CGTA-CLUB/vendor/livewire/livewire/src/LivewireServiceProvider.php(77): Livewire\\Mechanisms\\FrontendAssets\\FrontendAssets->boot()
#12 /home/saai/Documents/Projects/CGTA-CLUB/vendor/livewire/livewire/src/LivewireServiceProvider.php(19): Livewire\\LivewireServiceProvider->bootMechanisms()
#13 /home/saai/Documents/Projects/CGTA-CLUB/vendor/laravel/framework/src/Illuminate/Container/BoundMethod.php(36): Livewire\\LivewireServiceProvider->boot()
#14 /home/saai/Documents/Projects/CGTA-CLUB/vendor/laravel/framework/src/Illuminate/Container/Util.php(41): Illuminate\\Container\\BoundMethod::Illuminate\\Container\\{closure}()
#15 /home/saai/Documents/Projects/CGTA-CLUB/vendor/laravel/framework/src/Illuminate/Container/BoundMethod.php(93): Illuminate\\Container\\Util::unwrapIfClosure()
#16 /home/saai/Documents/Projects/CGTA-CLUB/vendor/laravel/framework/src/Illuminate/Container/BoundMethod.php(35): Illuminate\\Container\\BoundMethod::callBoundMethod()
#17 /home/saai/Documents/Projects/CGTA-CLUB/vendor/laravel/framework/src/Illuminate/Container/Container.php(662): Illuminate\\Container\\BoundMethod::call()
#18 /home/saai/Documents/Projects/CGTA-CLUB/vendor/laravel/framework/src/Illuminate/Foundation/Application.php(1034): Illuminate\\Container\\Container->call()
#19 /home/saai/Documents/Projects/CGTA-CLUB/vendor/laravel/framework/src/Illuminate/Foundation/Application.php(1015): Illuminate\\Foundation\\Application->bootProvider()
#20 [internal function]: Illuminate\\Foundation\\Application->Illuminate\\Foundation\\{closure}()
#21 /home/saai/Documents/Projects/CGTA-CLUB/vendor/laravel/framework/src/Illuminate/Foundation/Application.php(1014): array_walk()
#22 /home/saai/Documents/Projects/CGTA-CLUB/vendor/laravel/framework/src/Illuminate/Foundation/Bootstrap/BootProviders.php(17): Illuminate\\Foundation\\Application->boot()
#23 /home/saai/Documents/Projects/CGTA-CLUB/vendor/laravel/framework/src/Illuminate/Foundation/Application.php(263): Illuminate\\Foundation\\Bootstrap\\BootProviders->bootstrap()
#24 /home/saai/Documents/Projects/CGTA-CLUB/vendor/laravel/framework/src/Illuminate/Foundation/Console/Kernel.php(447): Illuminate\\Foundation\\Application->bootstrapWith()
#25 /home/saai/Documents/Projects/CGTA-CLUB/vendor/laravel/framework/src/Illuminate/Foundation/Console/Kernel.php(199): Illuminate\\Foundation\\Console\\Kernel->bootstrap()
#26 /home/saai/Documents/Projects/CGTA-CLUB/artisan(35): Illuminate\\Foundation\\Console\\Kernel->handle()
#27 {main}
"} 
[2025-01-15 12:58:54] local.ERROR: Please provide a valid cache path. {"exception":"[object] (InvalidArgumentException(code: 0): Please provide a valid cache path. at /home/saai/Documents/Projects/CGTA-CLUB/vendor/laravel/framework/src/Illuminate/View/Compilers/Compiler.php:67)
[stacktrace]
#0 /home/saai/Documents/Projects/CGTA-CLUB/vendor/laravel/framework/src/Illuminate/View/ViewServiceProvider.php(97): Illuminate\\View\\Compilers\\Compiler->__construct()
#1 /home/saai/Documents/Projects/CGTA-CLUB/vendor/laravel/framework/src/Illuminate/Container/Container.php(908): Illuminate\\View\\ViewServiceProvider->Illuminate\\View\\{closure}()
#2 /home/saai/Documents/Projects/CGTA-CLUB/vendor/laravel/framework/src/Illuminate/Container/Container.php(795): Illuminate\\Container\\Container->build()
#3 /home/saai/Documents/Projects/CGTA-CLUB/vendor/laravel/framework/src/Illuminate/Foundation/Application.php(961): Illuminate\\Container\\Container->resolve()
#4 /home/saai/Documents/Projects/CGTA-CLUB/vendor/laravel/framework/src/Illuminate/Container/Container.php(731): Illuminate\\Foundation\\Application->resolve()
#5 /home/saai/Documents/Projects/CGTA-CLUB/vendor/laravel/framework/src/Illuminate/Foundation/Application.php(946): Illuminate\\Container\\Container->make()
#6 /home/saai/Documents/Projects/CGTA-CLUB/vendor/laravel/framework/src/Illuminate/Container/Container.php(1454): Illuminate\\Foundation\\Application->make()
#7 /home/saai/Documents/Projects/CGTA-CLUB/vendor/laravel/framework/src/Illuminate/Support/Facades/Facade.php(237): Illuminate\\Container\\Container->offsetGet()
#8 /home/saai/Documents/Projects/CGTA-CLUB/vendor/laravel/framework/src/Illuminate/Support/Facades/Facade.php(208): Illuminate\\Support\\Facades\\Facade::resolveFacadeInstance()
#9 /home/saai/Documents/Projects/CGTA-CLUB/vendor/laravel/framework/src/Illuminate/Support/Facades/Facade.php(349): Illuminate\\Support\\Facades\\Facade::getFacadeRoot()
#10 /home/saai/Documents/Projects/CGTA-CLUB/vendor/livewire/livewire/src/Mechanisms/FrontendAssets/FrontendAssets.php(30): Illuminate\\Support\\Facades\\Facade::__callStatic()
#11 /home/saai/Documents/Projects/CGTA-CLUB/vendor/livewire/livewire/src/LivewireServiceProvider.php(77): Livewire\\Mechanisms\\FrontendAssets\\FrontendAssets->boot()
#12 /home/saai/Documents/Projects/CGTA-CLUB/vendor/livewire/livewire/src/LivewireServiceProvider.php(19): Livewire\\LivewireServiceProvider->bootMechanisms()
#13 /home/saai/Documents/Projects/CGTA-CLUB/vendor/laravel/framework/src/Illuminate/Container/BoundMethod.php(36): Livewire\\LivewireServiceProvider->boot()
#14 /home/saai/Documents/Projects/CGTA-CLUB/vendor/laravel/framework/src/Illuminate/Container/Util.php(41): Illuminate\\Container\\BoundMethod::Illuminate\\Container\\{closure}()
#15 /home/saai/Documents/Projects/CGTA-CLUB/vendor/laravel/framework/src/Illuminate/Container/BoundMethod.php(93): Illuminate\\Container\\Util::unwrapIfClosure()
#16 /home/saai/Documents/Projects/CGTA-CLUB/vendor/laravel/framework/src/Illuminate/Container/BoundMethod.php(35): Illuminate\\Container\\BoundMethod::callBoundMethod()
#17 /home/saai/Documents/Projects/CGTA-CLUB/vendor/laravel/framework/src/Illuminate/Container/Container.php(662): Illuminate\\Container\\BoundMethod::call()
#18 /home/saai/Documents/Projects/CGTA-CLUB/vendor/laravel/framework/src/Illuminate/Foundation/Application.php(1034): Illuminate\\Container\\Container->call()
#19 /home/saai/Documents/Projects/CGTA-CLUB/vendor/laravel/framework/src/Illuminate/Foundation/Application.php(1015): Illuminate\\Foundation\\Application->bootProvider()
#20 [internal function]: Illuminate\\Foundation\\Application->Illuminate\\Foundation\\{closure}()
#21 /home/saai/Documents/Projects/CGTA-CLUB/vendor/laravel/framework/src/Illuminate/Foundation/Application.php(1014): array_walk()
#22 /home/saai/Documents/Projects/CGTA-CLUB/vendor/laravel/framework/src/Illuminate/Foundation/Bootstrap/BootProviders.php(17): Illuminate\\Foundation\\Application->boot()
#23 /home/saai/Documents/Projects/CGTA-CLUB/vendor/laravel/framework/src/Illuminate/Foundation/Application.php(263): Illuminate\\Foundation\\Bootstrap\\BootProviders->bootstrap()
#24 /home/saai/Documents/Projects/CGTA-CLUB/vendor/laravel/framework/src/Illuminate/Foundation/Console/Kernel.php(447): Illuminate\\Foundation\\Application->bootstrapWith()
#25 /home/saai/Documents/Projects/CGTA-CLUB/vendor/laravel/framework/src/Illuminate/Foundation/Console/Kernel.php(199): Illuminate\\Foundation\\Console\\Kernel->bootstrap()
#26 /home/saai/Documents/Projects/CGTA-CLUB/artisan(35): Illuminate\\Foundation\\Console\\Kernel->handle()
#27 {main}
"} 
[2025-01-15 12:59:07] local.ERROR: Please provide a valid cache path. {"exception":"[object] (InvalidArgumentException(code: 0): Please provide a valid cache path. at /home/saai/Documents/Projects/CGTA-CLUB/vendor/laravel/framework/src/Illuminate/View/Compilers/Compiler.php:67)
[stacktrace]
#0 /home/saai/Documents/Projects/CGTA-CLUB/vendor/laravel/framework/src/Illuminate/View/ViewServiceProvider.php(97): Illuminate\\View\\Compilers\\Compiler->__construct()
#1 /home/saai/Documents/Projects/CGTA-CLUB/vendor/laravel/framework/src/Illuminate/Container/Container.php(908): Illuminate\\View\\ViewServiceProvider->Illuminate\\View\\{closure}()
#2 /home/saai/Documents/Projects/CGTA-CLUB/vendor/laravel/framework/src/Illuminate/Container/Container.php(795): Illuminate\\Container\\Container->build()
#3 /home/saai/Documents/Projects/CGTA-CLUB/vendor/laravel/framework/src/Illuminate/Foundation/Application.php(961): Illuminate\\Container\\Container->resolve()
#4 /home/saai/Documents/Projects/CGTA-CLUB/vendor/laravel/framework/src/Illuminate/Container/Container.php(731): Illuminate\\Foundation\\Application->resolve()
#5 /home/saai/Documents/Projects/CGTA-CLUB/vendor/laravel/framework/src/Illuminate/Foundation/Application.php(946): Illuminate\\Container\\Container->make()
#6 /home/saai/Documents/Projects/CGTA-CLUB/vendor/laravel/framework/src/Illuminate/Container/Container.php(1454): Illuminate\\Foundation\\Application->make()
#7 /home/saai/Documents/Projects/CGTA-CLUB/vendor/laravel/framework/src/Illuminate/Support/Facades/Facade.php(237): Illuminate\\Container\\Container->offsetGet()
#8 /home/saai/Documents/Projects/CGTA-CLUB/vendor/laravel/framework/src/Illuminate/Support/Facades/Facade.php(208): Illuminate\\Support\\Facades\\Facade::resolveFacadeInstance()
#9 /home/saai/Documents/Projects/CGTA-CLUB/vendor/laravel/framework/src/Illuminate/Support/Facades/Facade.php(349): Illuminate\\Support\\Facades\\Facade::getFacadeRoot()
#10 /home/saai/Documents/Projects/CGTA-CLUB/vendor/livewire/livewire/src/Mechanisms/FrontendAssets/FrontendAssets.php(30): Illuminate\\Support\\Facades\\Facade::__callStatic()
#11 /home/saai/Documents/Projects/CGTA-CLUB/vendor/livewire/livewire/src/LivewireServiceProvider.php(77): Livewire\\Mechanisms\\FrontendAssets\\FrontendAssets->boot()
#12 /home/saai/Documents/Projects/CGTA-CLUB/vendor/livewire/livewire/src/LivewireServiceProvider.php(19): Livewire\\LivewireServiceProvider->bootMechanisms()
#13 /home/saai/Documents/Projects/CGTA-CLUB/vendor/laravel/framework/src/Illuminate/Container/BoundMethod.php(36): Livewire\\LivewireServiceProvider->boot()
#14 /home/saai/Documents/Projects/CGTA-CLUB/vendor/laravel/framework/src/Illuminate/Container/Util.php(41): Illuminate\\Container\\BoundMethod::Illuminate\\Container\\{closure}()
#15 /home/saai/Documents/Projects/CGTA-CLUB/vendor/laravel/framework/src/Illuminate/Container/BoundMethod.php(93): Illuminate\\Container\\Util::unwrapIfClosure()
#16 /home/saai/Documents/Projects/CGTA-CLUB/vendor/laravel/framework/src/Illuminate/Container/BoundMethod.php(35): Illuminate\\Container\\BoundMethod::callBoundMethod()
#17 /home/saai/Documents/Projects/CGTA-CLUB/vendor/laravel/framework/src/Illuminate/Container/Container.php(662): Illuminate\\Container\\BoundMethod::call()
#18 /home/saai/Documents/Projects/CGTA-CLUB/vendor/laravel/framework/src/Illuminate/Foundation/Application.php(1034): Illuminate\\Container\\Container->call()
#19 /home/saai/Documents/Projects/CGTA-CLUB/vendor/laravel/framework/src/Illuminate/Foundation/Application.php(1015): Illuminate\\Foundation\\Application->bootProvider()
#20 [internal function]: Illuminate\\Foundation\\Application->Illuminate\\Foundation\\{closure}()
#21 /home/saai/Documents/Projects/CGTA-CLUB/vendor/laravel/framework/src/Illuminate/Foundation/Application.php(1014): array_walk()
#22 /home/saai/Documents/Projects/CGTA-CLUB/vendor/laravel/framework/src/Illuminate/Foundation/Bootstrap/BootProviders.php(17): Illuminate\\Foundation\\Application->boot()
#23 /home/saai/Documents/Projects/CGTA-CLUB/vendor/laravel/framework/src/Illuminate/Foundation/Application.php(263): Illuminate\\Foundation\\Bootstrap\\BootProviders->bootstrap()
#24 /home/saai/Documents/Projects/CGTA-CLUB/vendor/laravel/framework/src/Illuminate/Foundation/Console/Kernel.php(447): Illuminate\\Foundation\\Application->bootstrapWith()
#25 /home/saai/Documents/Projects/CGTA-CLUB/vendor/laravel/framework/src/Illuminate/Foundation/Console/Kernel.php(199): Illuminate\\Foundation\\Console\\Kernel->bootstrap()
#26 /home/saai/Documents/Projects/CGTA-CLUB/artisan(35): Illuminate\\Foundation\\Console\\Kernel->handle()
#27 {main}
"} 
[2025-01-15 12:59:14] local.ERROR: Please provide a valid cache path. {"exception":"[object] (InvalidArgumentException(code: 0): Please provide a valid cache path. at /home/saai/Documents/Projects/CGTA-CLUB/vendor/laravel/framework/src/Illuminate/View/Compilers/Compiler.php:67)
[stacktrace]
#0 /home/saai/Documents/Projects/CGTA-CLUB/vendor/laravel/framework/src/Illuminate/View/ViewServiceProvider.php(97): Illuminate\\View\\Compilers\\Compiler->__construct()
#1 /home/saai/Documents/Projects/CGTA-CLUB/vendor/laravel/framework/src/Illuminate/Container/Container.php(908): Illuminate\\View\\ViewServiceProvider->Illuminate\\View\\{closure}()
#2 /home/saai/Documents/Projects/CGTA-CLUB/vendor/laravel/framework/src/Illuminate/Container/Container.php(795): Illuminate\\Container\\Container->build()
#3 /home/saai/Documents/Projects/CGTA-CLUB/vendor/laravel/framework/src/Illuminate/Foundation/Application.php(961): Illuminate\\Container\\Container->resolve()
#4 /home/saai/Documents/Projects/CGTA-CLUB/vendor/laravel/framework/src/Illuminate/Container/Container.php(731): Illuminate\\Foundation\\Application->resolve()
#5 /home/saai/Documents/Projects/CGTA-CLUB/vendor/laravel/framework/src/Illuminate/Foundation/Application.php(946): Illuminate\\Container\\Container->make()
#6 /home/saai/Documents/Projects/CGTA-CLUB/vendor/laravel/framework/src/Illuminate/Container/Container.php(1454): Illuminate\\Foundation\\Application->make()
#7 /home/saai/Documents/Projects/CGTA-CLUB/vendor/laravel/framework/src/Illuminate/Support/Facades/Facade.php(237): Illuminate\\Container\\Container->offsetGet()
#8 /home/saai/Documents/Projects/CGTA-CLUB/vendor/laravel/framework/src/Illuminate/Support/Facades/Facade.php(208): Illuminate\\Support\\Facades\\Facade::resolveFacadeInstance()
#9 /home/saai/Documents/Projects/CGTA-CLUB/vendor/laravel/framework/src/Illuminate/Support/Facades/Facade.php(349): Illuminate\\Support\\Facades\\Facade::getFacadeRoot()
#10 /home/saai/Documents/Projects/CGTA-CLUB/vendor/livewire/livewire/src/Mechanisms/FrontendAssets/FrontendAssets.php(30): Illuminate\\Support\\Facades\\Facade::__callStatic()
#11 /home/saai/Documents/Projects/CGTA-CLUB/vendor/livewire/livewire/src/LivewireServiceProvider.php(77): Livewire\\Mechanisms\\FrontendAssets\\FrontendAssets->boot()
#12 /home/saai/Documents/Projects/CGTA-CLUB/vendor/livewire/livewire/src/LivewireServiceProvider.php(19): Livewire\\LivewireServiceProvider->bootMechanisms()
#13 /home/saai/Documents/Projects/CGTA-CLUB/vendor/laravel/framework/src/Illuminate/Container/BoundMethod.php(36): Livewire\\LivewireServiceProvider->boot()
#14 /home/saai/Documents/Projects/CGTA-CLUB/vendor/laravel/framework/src/Illuminate/Container/Util.php(41): Illuminate\\Container\\BoundMethod::Illuminate\\Container\\{closure}()
#15 /home/saai/Documents/Projects/CGTA-CLUB/vendor/laravel/framework/src/Illuminate/Container/BoundMethod.php(93): Illuminate\\Container\\Util::unwrapIfClosure()
#16 /home/saai/Documents/Projects/CGTA-CLUB/vendor/laravel/framework/src/Illuminate/Container/BoundMethod.php(35): Illuminate\\Container\\BoundMethod::callBoundMethod()
#17 /home/saai/Documents/Projects/CGTA-CLUB/vendor/laravel/framework/src/Illuminate/Container/Container.php(662): Illuminate\\Container\\BoundMethod::call()
#18 /home/saai/Documents/Projects/CGTA-CLUB/vendor/laravel/framework/src/Illuminate/Foundation/Application.php(1034): Illuminate\\Container\\Container->call()
#19 /home/saai/Documents/Projects/CGTA-CLUB/vendor/laravel/framework/src/Illuminate/Foundation/Application.php(1015): Illuminate\\Foundation\\Application->bootProvider()
#20 [internal function]: Illuminate\\Foundation\\Application->Illuminate\\Foundation\\{closure}()
#21 /home/saai/Documents/Projects/CGTA-CLUB/vendor/laravel/framework/src/Illuminate/Foundation/Application.php(1014): array_walk()
#22 /home/saai/Documents/Projects/CGTA-CLUB/vendor/laravel/framework/src/Illuminate/Foundation/Bootstrap/BootProviders.php(17): Illuminate\\Foundation\\Application->boot()
#23 /home/saai/Documents/Projects/CGTA-CLUB/vendor/laravel/framework/src/Illuminate/Foundation/Application.php(263): Illuminate\\Foundation\\Bootstrap\\BootProviders->bootstrap()
#24 /home/saai/Documents/Projects/CGTA-CLUB/vendor/laravel/framework/src/Illuminate/Foundation/Console/Kernel.php(447): Illuminate\\Foundation\\Application->bootstrapWith()
#25 /home/saai/Documents/Projects/CGTA-CLUB/vendor/laravel/framework/src/Illuminate/Foundation/Console/Kernel.php(199): Illuminate\\Foundation\\Console\\Kernel->bootstrap()
#26 /home/saai/Documents/Projects/CGTA-CLUB/artisan(35): Illuminate\\Foundation\\Console\\Kernel->handle()
#27 {main}
"} 
[2025-01-15 12:59:54] local.ERROR: Please provide a valid cache path. {"exception":"[object] (InvalidArgumentException(code: 0): Please provide a valid cache path. at /home/saai/Documents/Projects/CGTA-CLUB/vendor/laravel/framework/src/Illuminate/View/Compilers/Compiler.php:67)
[stacktrace]
#0 /home/saai/Documents/Projects/CGTA-CLUB/vendor/laravel/framework/src/Illuminate/View/ViewServiceProvider.php(97): Illuminate\\View\\Compilers\\Compiler->__construct()
#1 /home/saai/Documents/Projects/CGTA-CLUB/vendor/laravel/framework/src/Illuminate/Container/Container.php(908): Illuminate\\View\\ViewServiceProvider->Illuminate\\View\\{closure}()
#2 /home/saai/Documents/Projects/CGTA-CLUB/vendor/laravel/framework/src/Illuminate/Container/Container.php(795): Illuminate\\Container\\Container->build()
#3 /home/saai/Documents/Projects/CGTA-CLUB/vendor/laravel/framework/src/Illuminate/Foundation/Application.php(961): Illuminate\\Container\\Container->resolve()
#4 /home/saai/Documents/Projects/CGTA-CLUB/vendor/laravel/framework/src/Illuminate/Container/Container.php(731): Illuminate\\Foundation\\Application->resolve()
#5 /home/saai/Documents/Projects/CGTA-CLUB/vendor/laravel/framework/src/Illuminate/Foundation/Application.php(946): Illuminate\\Container\\Container->make()
#6 /home/saai/Documents/Projects/CGTA-CLUB/vendor/laravel/framework/src/Illuminate/Container/Container.php(1454): Illuminate\\Foundation\\Application->make()
#7 /home/saai/Documents/Projects/CGTA-CLUB/vendor/laravel/framework/src/Illuminate/Support/Facades/Facade.php(237): Illuminate\\Container\\Container->offsetGet()
#8 /home/saai/Documents/Projects/CGTA-CLUB/vendor/laravel/framework/src/Illuminate/Support/Facades/Facade.php(208): Illuminate\\Support\\Facades\\Facade::resolveFacadeInstance()
#9 /home/saai/Documents/Projects/CGTA-CLUB/vendor/laravel/framework/src/Illuminate/Support/Facades/Facade.php(349): Illuminate\\Support\\Facades\\Facade::getFacadeRoot()
#10 /home/saai/Documents/Projects/CGTA-CLUB/vendor/livewire/livewire/src/Mechanisms/FrontendAssets/FrontendAssets.php(30): Illuminate\\Support\\Facades\\Facade::__callStatic()
#11 /home/saai/Documents/Projects/CGTA-CLUB/vendor/livewire/livewire/src/LivewireServiceProvider.php(77): Livewire\\Mechanisms\\FrontendAssets\\FrontendAssets->boot()
#12 /home/saai/Documents/Projects/CGTA-CLUB/vendor/livewire/livewire/src/LivewireServiceProvider.php(19): Livewire\\LivewireServiceProvider->bootMechanisms()
#13 /home/saai/Documents/Projects/CGTA-CLUB/vendor/laravel/framework/src/Illuminate/Container/BoundMethod.php(36): Livewire\\LivewireServiceProvider->boot()
#14 /home/saai/Documents/Projects/CGTA-CLUB/vendor/laravel/framework/src/Illuminate/Container/Util.php(41): Illuminate\\Container\\BoundMethod::Illuminate\\Container\\{closure}()
#15 /home/saai/Documents/Projects/CGTA-CLUB/vendor/laravel/framework/src/Illuminate/Container/BoundMethod.php(93): Illuminate\\Container\\Util::unwrapIfClosure()
#16 /home/saai/Documents/Projects/CGTA-CLUB/vendor/laravel/framework/src/Illuminate/Container/BoundMethod.php(35): Illuminate\\Container\\BoundMethod::callBoundMethod()
#17 /home/saai/Documents/Projects/CGTA-CLUB/vendor/laravel/framework/src/Illuminate/Container/Container.php(662): Illuminate\\Container\\BoundMethod::call()
#18 /home/saai/Documents/Projects/CGTA-CLUB/vendor/laravel/framework/src/Illuminate/Foundation/Application.php(1034): Illuminate\\Container\\Container->call()
#19 /home/saai/Documents/Projects/CGTA-CLUB/vendor/laravel/framework/src/Illuminate/Foundation/Application.php(1015): Illuminate\\Foundation\\Application->bootProvider()
#20 [internal function]: Illuminate\\Foundation\\Application->Illuminate\\Foundation\\{closure}()
#21 /home/saai/Documents/Projects/CGTA-CLUB/vendor/laravel/framework/src/Illuminate/Foundation/Application.php(1014): array_walk()
#22 /home/saai/Documents/Projects/CGTA-CLUB/vendor/laravel/framework/src/Illuminate/Foundation/Bootstrap/BootProviders.php(17): Illuminate\\Foundation\\Application->boot()
#23 /home/saai/Documents/Projects/CGTA-CLUB/vendor/laravel/framework/src/Illuminate/Foundation/Application.php(263): Illuminate\\Foundation\\Bootstrap\\BootProviders->bootstrap()
#24 /home/saai/Documents/Projects/CGTA-CLUB/vendor/laravel/framework/src/Illuminate/Foundation/Console/Kernel.php(447): Illuminate\\Foundation\\Application->bootstrapWith()
#25 /home/saai/Documents/Projects/CGTA-CLUB/vendor/laravel/framework/src/Illuminate/Foundation/Console/Kernel.php(199): Illuminate\\Foundation\\Console\\Kernel->bootstrap()
#26 /home/saai/Documents/Projects/CGTA-CLUB/artisan(35): Illuminate\\Foundation\\Console\\Kernel->handle()
#27 {main}
"} 
[2025-01-15 13:06:14] local.ERROR: No application encryption key has been specified. {"exception":"[object] (Illuminate\\Encryption\\MissingAppKeyException(code: 0): No application encryption key has been specified. at /home/saai/Documents/Projects/CGTA-CLUB/vendor/laravel/framework/src/Illuminate/Encryption/EncryptionServiceProvider.php:79)
[stacktrace]
#0 /home/saai/Documents/Projects/CGTA-CLUB/vendor/laravel/framework/src/Illuminate/Support/helpers.php(307): Illuminate\\Encryption\\EncryptionServiceProvider->Illuminate\\Encryption\\{closure}()
#1 /home/saai/Documents/Projects/CGTA-CLUB/vendor/laravel/framework/src/Illuminate/Encryption/EncryptionServiceProvider.php(77): tap()
#2 /home/saai/Documents/Projects/CGTA-CLUB/vendor/laravel/framework/src/Illuminate/Encryption/EncryptionServiceProvider.php(60): Illuminate\\Encryption\\EncryptionServiceProvider->key()
#3 /home/saai/Documents/Projects/CGTA-CLUB/vendor/laravel/framework/src/Illuminate/Encryption/EncryptionServiceProvider.php(32): Illuminate\\Encryption\\EncryptionServiceProvider->parseKey()
#4 /home/saai/Documents/Projects/CGTA-CLUB/vendor/laravel/framework/src/Illuminate/Container/Container.php(908): Illuminate\\Encryption\\EncryptionServiceProvider->Illuminate\\Encryption\\{closure}()
#5 /home/saai/Documents/Projects/CGTA-CLUB/vendor/laravel/framework/src/Illuminate/Container/Container.php(795): Illuminate\\Container\\Container->build()
#6 /home/saai/Documents/Projects/CGTA-CLUB/vendor/laravel/framework/src/Illuminate/Foundation/Application.php(961): Illuminate\\Container\\Container->resolve()
#7 /home/saai/Documents/Projects/CGTA-CLUB/vendor/laravel/framework/src/Illuminate/Container/Container.php(731): Illuminate\\Foundation\\Application->resolve()
#8 /home/saai/Documents/Projects/CGTA-CLUB/vendor/laravel/framework/src/Illuminate/Foundation/Application.php(946): Illuminate\\Container\\Container->make()
#9 /home/saai/Documents/Projects/CGTA-CLUB/vendor/laravel/framework/src/Illuminate/Container/Container.php(1066): Illuminate\\Foundation\\Application->make()
#10 /home/saai/Documents/Projects/CGTA-CLUB/vendor/laravel/framework/src/Illuminate/Container/Container.php(982): Illuminate\\Container\\Container->resolveClass()
#11 /home/saai/Documents/Projects/CGTA-CLUB/vendor/laravel/framework/src/Illuminate/Container/Container.php(943): Illuminate\\Container\\Container->resolveDependencies()
#12 /home/saai/Documents/Projects/CGTA-CLUB/vendor/laravel/framework/src/Illuminate/Container/Container.php(795): Illuminate\\Container\\Container->build()
#13 /home/saai/Documents/Projects/CGTA-CLUB/vendor/laravel/framework/src/Illuminate/Foundation/Application.php(961): Illuminate\\Container\\Container->resolve()
#14 /home/saai/Documents/Projects/CGTA-CLUB/vendor/laravel/framework/src/Illuminate/Container/Container.php(731): Illuminate\\Foundation\\Application->resolve()
#15 /home/saai/Documents/Projects/CGTA-CLUB/vendor/laravel/framework/src/Illuminate/Foundation/Application.php(946): Illuminate\\Container\\Container->make()
#16 /home/saai/Documents/Projects/CGTA-CLUB/vendor/laravel/framework/src/Illuminate/Pipeline/Pipeline.php(172): Illuminate\\Foundation\\Application->make()
#17 /home/saai/Documents/Projects/CGTA-CLUB/vendor/laravel/framework/src/Illuminate/Pipeline/Pipeline.php(119): Illuminate\\Pipeline\\Pipeline->Illuminate\\Pipeline\\{closure}()
#18 /home/saai/Documents/Projects/CGTA-CLUB/vendor/laravel/framework/src/Illuminate/Routing/Router.php(805): Illuminate\\Pipeline\\Pipeline->then()
#19 /home/saai/Documents/Projects/CGTA-CLUB/vendor/laravel/framework/src/Illuminate/Routing/Router.php(784): Illuminate\\Routing\\Router->runRouteWithinStack()
#20 /home/saai/Documents/Projects/CGTA-CLUB/vendor/laravel/framework/src/Illuminate/Routing/Router.php(748): Illuminate\\Routing\\Router->runRoute()
#21 /home/saai/Documents/Projects/CGTA-CLUB/vendor/laravel/framework/src/Illuminate/Routing/Router.php(737): Illuminate\\Routing\\Router->dispatchToRoute()
#22 /home/saai/Documents/Projects/CGTA-CLUB/vendor/laravel/framework/src/Illuminate/Foundation/Http/Kernel.php(200): Illuminate\\Routing\\Router->dispatch()
#23 /home/saai/Documents/Projects/CGTA-CLUB/vendor/laravel/framework/src/Illuminate/Pipeline/Pipeline.php(144): Illuminate\\Foundation\\Http\\Kernel->Illuminate\\Foundation\\Http\\{closure}()
#24 /home/saai/Documents/Projects/CGTA-CLUB/vendor/livewire/livewire/src/Features/SupportDisablingBackButtonCache/DisableBackButtonCacheMiddleware.php(19): Illuminate\\Pipeline\\Pipeline->Illuminate\\Pipeline\\{closure}()
#25 /home/saai/Documents/Projects/CGTA-CLUB/vendor/laravel/framework/src/Illuminate/Pipeline/Pipeline.php(183): Livewire\\Features\\SupportDisablingBackButtonCache\\DisableBackButtonCacheMiddleware->handle()
#26 /home/saai/Documents/Projects/CGTA-CLUB/vendor/laravel/framework/src/Illuminate/Foundation/Http/Middleware/TransformsRequest.php(21): Illuminate\\Pipeline\\Pipeline->Illuminate\\Pipeline\\{closure}()
#27 /home/saai/Documents/Projects/CGTA-CLUB/vendor/laravel/framework/src/Illuminate/Foundation/Http/Middleware/ConvertEmptyStringsToNull.php(31): Illuminate\\Foundation\\Http\\Middleware\\TransformsRequest->handle()
#28 /home/saai/Documents/Projects/CGTA-CLUB/vendor/laravel/framework/src/Illuminate/Pipeline/Pipeline.php(183): Illuminate\\Foundation\\Http\\Middleware\\ConvertEmptyStringsToNull->handle()
#29 /home/saai/Documents/Projects/CGTA-CLUB/vendor/laravel/framework/src/Illuminate/Foundation/Http/Middleware/TransformsRequest.php(21): Illuminate\\Pipeline\\Pipeline->Illuminate\\Pipeline\\{closure}()
#30 /home/saai/Documents/Projects/CGTA-CLUB/vendor/laravel/framework/src/Illuminate/Foundation/Http/Middleware/TrimStrings.php(40): Illuminate\\Foundation\\Http\\Middleware\\TransformsRequest->handle()
#31 /home/saai/Documents/Projects/CGTA-CLUB/vendor/laravel/framework/src/Illuminate/Pipeline/Pipeline.php(183): Illuminate\\Foundation\\Http\\Middleware\\TrimStrings->handle()
#32 /home/saai/Documents/Projects/CGTA-CLUB/vendor/laravel/framework/src/Illuminate/Foundation/Http/Middleware/ValidatePostSize.php(27): Illuminate\\Pipeline\\Pipeline->Illuminate\\Pipeline\\{closure}()
#33 /home/saai/Documents/Projects/CGTA-CLUB/vendor/laravel/framework/src/Illuminate/Pipeline/Pipeline.php(183): Illuminate\\Foundation\\Http\\Middleware\\ValidatePostSize->handle()
#34 /home/saai/Documents/Projects/CGTA-CLUB/vendor/laravel/framework/src/Illuminate/Foundation/Http/Middleware/PreventRequestsDuringMaintenance.php(99): Illuminate\\Pipeline\\Pipeline->Illuminate\\Pipeline\\{closure}()
#35 /home/saai/Documents/Projects/CGTA-CLUB/vendor/laravel/framework/src/Illuminate/Pipeline/Pipeline.php(183): Illuminate\\Foundation\\Http\\Middleware\\PreventRequestsDuringMaintenance->handle()
#36 /home/saai/Documents/Projects/CGTA-CLUB/vendor/laravel/framework/src/Illuminate/Http/Middleware/HandleCors.php(49): Illuminate\\Pipeline\\Pipeline->Illuminate\\Pipeline\\{closure}()
#37 /home/saai/Documents/Projects/CGTA-CLUB/vendor/laravel/framework/src/Illuminate/Pipeline/Pipeline.php(183): Illuminate\\Http\\Middleware\\HandleCors->handle()
#38 /home/saai/Documents/Projects/CGTA-CLUB/vendor/laravel/framework/src/Illuminate/Http/Middleware/TrustProxies.php(39): Illuminate\\Pipeline\\Pipeline->Illuminate\\Pipeline\\{closure}()
#39 /home/saai/Documents/Projects/CGTA-CLUB/vendor/laravel/framework/src/Illuminate/Pipeline/Pipeline.php(183): Illuminate\\Http\\Middleware\\TrustProxies->handle()
#40 /home/saai/Documents/Projects/CGTA-CLUB/vendor/laravel/framework/src/Illuminate/Pipeline/Pipeline.php(119): Illuminate\\Pipeline\\Pipeline->Illuminate\\Pipeline\\{closure}()
#41 /home/saai/Documents/Projects/CGTA-CLUB/vendor/laravel/framework/src/Illuminate/Foundation/Http/Kernel.php(175): Illuminate\\Pipeline\\Pipeline->then()
#42 /home/saai/Documents/Projects/CGTA-CLUB/vendor/laravel/framework/src/Illuminate/Foundation/Http/Kernel.php(144): Illuminate\\Foundation\\Http\\Kernel->sendRequestThroughRouter()
#43 /home/saai/Documents/Projects/CGTA-CLUB/public/index.php(51): Illuminate\\Foundation\\Http\\Kernel->handle()
#44 /home/saai/Documents/Projects/CGTA-CLUB/vendor/laravel/framework/src/Illuminate/Foundation/resources/server.php(16): require_once('...')
#45 {main}
"} 
[2025-01-15 13:06:14] local.ERROR: No application encryption key has been specified. {"exception":"[object] (Illuminate\\Encryption\\MissingAppKeyException(code: 0): No application encryption key has been specified. at /home/saai/Documents/Projects/CGTA-CLUB/vendor/laravel/framework/src/Illuminate/Encryption/EncryptionServiceProvider.php:79)
[stacktrace]
#0 /home/saai/Documents/Projects/CGTA-CLUB/vendor/laravel/framework/src/Illuminate/Support/helpers.php(307): Illuminate\\Encryption\\EncryptionServiceProvider->Illuminate\\Encryption\\{closure}()
#1 /home/saai/Documents/Projects/CGTA-CLUB/vendor/laravel/framework/src/Illuminate/Encryption/EncryptionServiceProvider.php(77): tap()
#2 /home/saai/Documents/Projects/CGTA-CLUB/vendor/laravel/framework/src/Illuminate/Encryption/EncryptionServiceProvider.php(60): Illuminate\\Encryption\\EncryptionServiceProvider->key()
#3 /home/saai/Documents/Projects/CGTA-CLUB/vendor/laravel/framework/src/Illuminate/Encryption/EncryptionServiceProvider.php(32): Illuminate\\Encryption\\EncryptionServiceProvider->parseKey()
#4 /home/saai/Documents/Projects/CGTA-CLUB/vendor/laravel/framework/src/Illuminate/Container/Container.php(908): Illuminate\\Encryption\\EncryptionServiceProvider->Illuminate\\Encryption\\{closure}()
#5 /home/saai/Documents/Projects/CGTA-CLUB/vendor/laravel/framework/src/Illuminate/Container/Container.php(795): Illuminate\\Container\\Container->build()
#6 /home/saai/Documents/Projects/CGTA-CLUB/vendor/laravel/framework/src/Illuminate/Foundation/Application.php(961): Illuminate\\Container\\Container->resolve()
#7 /home/saai/Documents/Projects/CGTA-CLUB/vendor/laravel/framework/src/Illuminate/Container/Container.php(731): Illuminate\\Foundation\\Application->resolve()
#8 /home/saai/Documents/Projects/CGTA-CLUB/vendor/laravel/framework/src/Illuminate/Foundation/Application.php(946): Illuminate\\Container\\Container->make()
#9 /home/saai/Documents/Projects/CGTA-CLUB/vendor/laravel/framework/src/Illuminate/Container/Container.php(1066): Illuminate\\Foundation\\Application->make()
#10 /home/saai/Documents/Projects/CGTA-CLUB/vendor/laravel/framework/src/Illuminate/Container/Container.php(982): Illuminate\\Container\\Container->resolveClass()
#11 /home/saai/Documents/Projects/CGTA-CLUB/vendor/laravel/framework/src/Illuminate/Container/Container.php(943): Illuminate\\Container\\Container->resolveDependencies()
#12 /home/saai/Documents/Projects/CGTA-CLUB/vendor/laravel/framework/src/Illuminate/Container/Container.php(795): Illuminate\\Container\\Container->build()
#13 /home/saai/Documents/Projects/CGTA-CLUB/vendor/laravel/framework/src/Illuminate/Foundation/Application.php(961): Illuminate\\Container\\Container->resolve()
#14 /home/saai/Documents/Projects/CGTA-CLUB/vendor/laravel/framework/src/Illuminate/Container/Container.php(731): Illuminate\\Foundation\\Application->resolve()
#15 /home/saai/Documents/Projects/CGTA-CLUB/vendor/laravel/framework/src/Illuminate/Foundation/Application.php(946): Illuminate\\Container\\Container->make()
#16 /home/saai/Documents/Projects/CGTA-CLUB/vendor/laravel/framework/src/Illuminate/Foundation/Http/Kernel.php(255): Illuminate\\Foundation\\Application->make()
#17 /home/saai/Documents/Projects/CGTA-CLUB/vendor/laravel/framework/src/Illuminate/Foundation/Http/Kernel.php(213): Illuminate\\Foundation\\Http\\Kernel->terminateMiddleware()
#18 /home/saai/Documents/Projects/CGTA-CLUB/public/index.php(55): Illuminate\\Foundation\\Http\\Kernel->terminate()
#19 /home/saai/Documents/Projects/CGTA-CLUB/vendor/laravel/framework/src/Illuminate/Foundation/resources/server.php(16): require_once('...')
#20 {main}
"} 
[2025-01-15 13:06:18] local.ERROR: No application encryption key has been specified. {"exception":"[object] (Illuminate\\Encryption\\MissingAppKeyException(code: 0): No application encryption key has been specified. at /home/saai/Documents/Projects/CGTA-CLUB/vendor/laravel/framework/src/Illuminate/Encryption/EncryptionServiceProvider.php:79)
[stacktrace]
#0 /home/saai/Documents/Projects/CGTA-CLUB/vendor/laravel/framework/src/Illuminate/Support/helpers.php(307): Illuminate\\Encryption\\EncryptionServiceProvider->Illuminate\\Encryption\\{closure}()
#1 /home/saai/Documents/Projects/CGTA-CLUB/vendor/laravel/framework/src/Illuminate/Encryption/EncryptionServiceProvider.php(77): tap()
#2 /home/saai/Documents/Projects/CGTA-CLUB/vendor/laravel/framework/src/Illuminate/Encryption/EncryptionServiceProvider.php(60): Illuminate\\Encryption\\EncryptionServiceProvider->key()
#3 /home/saai/Documents/Projects/CGTA-CLUB/vendor/laravel/framework/src/Illuminate/Encryption/EncryptionServiceProvider.php(32): Illuminate\\Encryption\\EncryptionServiceProvider->parseKey()
#4 /home/saai/Documents/Projects/CGTA-CLUB/vendor/laravel/framework/src/Illuminate/Container/Container.php(908): Illuminate\\Encryption\\EncryptionServiceProvider->Illuminate\\Encryption\\{closure}()
#5 /home/saai/Documents/Projects/CGTA-CLUB/vendor/laravel/framework/src/Illuminate/Container/Container.php(795): Illuminate\\Container\\Container->build()
#6 /home/saai/Documents/Projects/CGTA-CLUB/vendor/laravel/framework/src/Illuminate/Foundation/Application.php(961): Illuminate\\Container\\Container->resolve()
#7 /home/saai/Documents/Projects/CGTA-CLUB/vendor/laravel/framework/src/Illuminate/Container/Container.php(731): Illuminate\\Foundation\\Application->resolve()
#8 /home/saai/Documents/Projects/CGTA-CLUB/vendor/laravel/framework/src/Illuminate/Foundation/Application.php(946): Illuminate\\Container\\Container->make()
#9 /home/saai/Documents/Projects/CGTA-CLUB/vendor/laravel/framework/src/Illuminate/Container/Container.php(1066): Illuminate\\Foundation\\Application->make()
#10 /home/saai/Documents/Projects/CGTA-CLUB/vendor/laravel/framework/src/Illuminate/Container/Container.php(982): Illuminate\\Container\\Container->resolveClass()
#11 /home/saai/Documents/Projects/CGTA-CLUB/vendor/laravel/framework/src/Illuminate/Container/Container.php(943): Illuminate\\Container\\Container->resolveDependencies()
#12 /home/saai/Documents/Projects/CGTA-CLUB/vendor/laravel/framework/src/Illuminate/Container/Container.php(795): Illuminate\\Container\\Container->build()
#13 /home/saai/Documents/Projects/CGTA-CLUB/vendor/laravel/framework/src/Illuminate/Foundation/Application.php(961): Illuminate\\Container\\Container->resolve()
#14 /home/saai/Documents/Projects/CGTA-CLUB/vendor/laravel/framework/src/Illuminate/Container/Container.php(731): Illuminate\\Foundation\\Application->resolve()
#15 /home/saai/Documents/Projects/CGTA-CLUB/vendor/laravel/framework/src/Illuminate/Foundation/Application.php(946): Illuminate\\Container\\Container->make()
#16 /home/saai/Documents/Projects/CGTA-CLUB/vendor/laravel/framework/src/Illuminate/Pipeline/Pipeline.php(172): Illuminate\\Foundation\\Application->make()
#17 /home/saai/Documents/Projects/CGTA-CLUB/vendor/laravel/framework/src/Illuminate/Pipeline/Pipeline.php(119): Illuminate\\Pipeline\\Pipeline->Illuminate\\Pipeline\\{closure}()
#18 /home/saai/Documents/Projects/CGTA-CLUB/vendor/laravel/framework/src/Illuminate/Routing/Router.php(805): Illuminate\\Pipeline\\Pipeline->then()
#19 /home/saai/Documents/Projects/CGTA-CLUB/vendor/laravel/framework/src/Illuminate/Routing/Router.php(784): Illuminate\\Routing\\Router->runRouteWithinStack()
#20 /home/saai/Documents/Projects/CGTA-CLUB/vendor/laravel/framework/src/Illuminate/Routing/Router.php(748): Illuminate\\Routing\\Router->runRoute()
#21 /home/saai/Documents/Projects/CGTA-CLUB/vendor/laravel/framework/src/Illuminate/Routing/Router.php(737): Illuminate\\Routing\\Router->dispatchToRoute()
#22 /home/saai/Documents/Projects/CGTA-CLUB/vendor/laravel/framework/src/Illuminate/Foundation/Http/Kernel.php(200): Illuminate\\Routing\\Router->dispatch()
#23 /home/saai/Documents/Projects/CGTA-CLUB/vendor/laravel/framework/src/Illuminate/Pipeline/Pipeline.php(144): Illuminate\\Foundation\\Http\\Kernel->Illuminate\\Foundation\\Http\\{closure}()
#24 /home/saai/Documents/Projects/CGTA-CLUB/vendor/livewire/livewire/src/Features/SupportDisablingBackButtonCache/DisableBackButtonCacheMiddleware.php(19): Illuminate\\Pipeline\\Pipeline->Illuminate\\Pipeline\\{closure}()
#25 /home/saai/Documents/Projects/CGTA-CLUB/vendor/laravel/framework/src/Illuminate/Pipeline/Pipeline.php(183): Livewire\\Features\\SupportDisablingBackButtonCache\\DisableBackButtonCacheMiddleware->handle()
#26 /home/saai/Documents/Projects/CGTA-CLUB/vendor/laravel/framework/src/Illuminate/Foundation/Http/Middleware/TransformsRequest.php(21): Illuminate\\Pipeline\\Pipeline->Illuminate\\Pipeline\\{closure}()
#27 /home/saai/Documents/Projects/CGTA-CLUB/vendor/laravel/framework/src/Illuminate/Foundation/Http/Middleware/ConvertEmptyStringsToNull.php(31): Illuminate\\Foundation\\Http\\Middleware\\TransformsRequest->handle()
#28 /home/saai/Documents/Projects/CGTA-CLUB/vendor/laravel/framework/src/Illuminate/Pipeline/Pipeline.php(183): Illuminate\\Foundation\\Http\\Middleware\\ConvertEmptyStringsToNull->handle()
#29 /home/saai/Documents/Projects/CGTA-CLUB/vendor/laravel/framework/src/Illuminate/Foundation/Http/Middleware/TransformsRequest.php(21): Illuminate\\Pipeline\\Pipeline->Illuminate\\Pipeline\\{closure}()
#30 /home/saai/Documents/Projects/CGTA-CLUB/vendor/laravel/framework/src/Illuminate/Foundation/Http/Middleware/TrimStrings.php(40): Illuminate\\Foundation\\Http\\Middleware\\TransformsRequest->handle()
#31 /home/saai/Documents/Projects/CGTA-CLUB/vendor/laravel/framework/src/Illuminate/Pipeline/Pipeline.php(183): Illuminate\\Foundation\\Http\\Middleware\\TrimStrings->handle()
#32 /home/saai/Documents/Projects/CGTA-CLUB/vendor/laravel/framework/src/Illuminate/Foundation/Http/Middleware/ValidatePostSize.php(27): Illuminate\\Pipeline\\Pipeline->Illuminate\\Pipeline\\{closure}()
#33 /home/saai/Documents/Projects/CGTA-CLUB/vendor/laravel/framework/src/Illuminate/Pipeline/Pipeline.php(183): Illuminate\\Foundation\\Http\\Middleware\\ValidatePostSize->handle()
#34 /home/saai/Documents/Projects/CGTA-CLUB/vendor/laravel/framework/src/Illuminate/Foundation/Http/Middleware/PreventRequestsDuringMaintenance.php(99): Illuminate\\Pipeline\\Pipeline->Illuminate\\Pipeline\\{closure}()
#35 /home/saai/Documents/Projects/CGTA-CLUB/vendor/laravel/framework/src/Illuminate/Pipeline/Pipeline.php(183): Illuminate\\Foundation\\Http\\Middleware\\PreventRequestsDuringMaintenance->handle()
#36 /home/saai/Documents/Projects/CGTA-CLUB/vendor/laravel/framework/src/Illuminate/Http/Middleware/HandleCors.php(49): Illuminate\\Pipeline\\Pipeline->Illuminate\\Pipeline\\{closure}()
#37 /home/saai/Documents/Projects/CGTA-CLUB/vendor/laravel/framework/src/Illuminate/Pipeline/Pipeline.php(183): Illuminate\\Http\\Middleware\\HandleCors->handle()
#38 /home/saai/Documents/Projects/CGTA-CLUB/vendor/laravel/framework/src/Illuminate/Http/Middleware/TrustProxies.php(39): Illuminate\\Pipeline\\Pipeline->Illuminate\\Pipeline\\{closure}()
#39 /home/saai/Documents/Projects/CGTA-CLUB/vendor/laravel/framework/src/Illuminate/Pipeline/Pipeline.php(183): Illuminate\\Http\\Middleware\\TrustProxies->handle()
#40 /home/saai/Documents/Projects/CGTA-CLUB/vendor/laravel/framework/src/Illuminate/Pipeline/Pipeline.php(119): Illuminate\\Pipeline\\Pipeline->Illuminate\\Pipeline\\{closure}()
#41 /home/saai/Documents/Projects/CGTA-CLUB/vendor/laravel/framework/src/Illuminate/Foundation/Http/Kernel.php(175): Illuminate\\Pipeline\\Pipeline->then()
#42 /home/saai/Documents/Projects/CGTA-CLUB/vendor/laravel/framework/src/Illuminate/Foundation/Http/Kernel.php(144): Illuminate\\Foundation\\Http\\Kernel->sendRequestThroughRouter()
#43 /home/saai/Documents/Projects/CGTA-CLUB/public/index.php(51): Illuminate\\Foundation\\Http\\Kernel->handle()
#44 /home/saai/Documents/Projects/CGTA-CLUB/vendor/laravel/framework/src/Illuminate/Foundation/resources/server.php(16): require_once('...')
#45 {main}
"} 
[2025-01-15 13:06:18] local.ERROR: No application encryption key has been specified. {"exception":"[object] (Illuminate\\Encryption\\MissingAppKeyException(code: 0): No application encryption key has been specified. at /home/saai/Documents/Projects/CGTA-CLUB/vendor/laravel/framework/src/Illuminate/Encryption/EncryptionServiceProvider.php:79)
[stacktrace]
#0 /home/saai/Documents/Projects/CGTA-CLUB/vendor/laravel/framework/src/Illuminate/Support/helpers.php(307): Illuminate\\Encryption\\EncryptionServiceProvider->Illuminate\\Encryption\\{closure}()
#1 /home/saai/Documents/Projects/CGTA-CLUB/vendor/laravel/framework/src/Illuminate/Encryption/EncryptionServiceProvider.php(77): tap()
#2 /home/saai/Documents/Projects/CGTA-CLUB/vendor/laravel/framework/src/Illuminate/Encryption/EncryptionServiceProvider.php(60): Illuminate\\Encryption\\EncryptionServiceProvider->key()
#3 /home/saai/Documents/Projects/CGTA-CLUB/vendor/laravel/framework/src/Illuminate/Encryption/EncryptionServiceProvider.php(32): Illuminate\\Encryption\\EncryptionServiceProvider->parseKey()
#4 /home/saai/Documents/Projects/CGTA-CLUB/vendor/laravel/framework/src/Illuminate/Container/Container.php(908): Illuminate\\Encryption\\EncryptionServiceProvider->Illuminate\\Encryption\\{closure}()
#5 /home/saai/Documents/Projects/CGTA-CLUB/vendor/laravel/framework/src/Illuminate/Container/Container.php(795): Illuminate\\Container\\Container->build()
#6 /home/saai/Documents/Projects/CGTA-CLUB/vendor/laravel/framework/src/Illuminate/Foundation/Application.php(961): Illuminate\\Container\\Container->resolve()
#7 /home/saai/Documents/Projects/CGTA-CLUB/vendor/laravel/framework/src/Illuminate/Container/Container.php(731): Illuminate\\Foundation\\Application->resolve()
#8 /home/saai/Documents/Projects/CGTA-CLUB/vendor/laravel/framework/src/Illuminate/Foundation/Application.php(946): Illuminate\\Container\\Container->make()
#9 /home/saai/Documents/Projects/CGTA-CLUB/vendor/laravel/framework/src/Illuminate/Container/Container.php(1066): Illuminate\\Foundation\\Application->make()
#10 /home/saai/Documents/Projects/CGTA-CLUB/vendor/laravel/framework/src/Illuminate/Container/Container.php(982): Illuminate\\Container\\Container->resolveClass()
#11 /home/saai/Documents/Projects/CGTA-CLUB/vendor/laravel/framework/src/Illuminate/Container/Container.php(943): Illuminate\\Container\\Container->resolveDependencies()
#12 /home/saai/Documents/Projects/CGTA-CLUB/vendor/laravel/framework/src/Illuminate/Container/Container.php(795): Illuminate\\Container\\Container->build()
#13 /home/saai/Documents/Projects/CGTA-CLUB/vendor/laravel/framework/src/Illuminate/Foundation/Application.php(961): Illuminate\\Container\\Container->resolve()
#14 /home/saai/Documents/Projects/CGTA-CLUB/vendor/laravel/framework/src/Illuminate/Container/Container.php(731): Illuminate\\Foundation\\Application->resolve()
#15 /home/saai/Documents/Projects/CGTA-CLUB/vendor/laravel/framework/src/Illuminate/Foundation/Application.php(946): Illuminate\\Container\\Container->make()
#16 /home/saai/Documents/Projects/CGTA-CLUB/vendor/laravel/framework/src/Illuminate/Foundation/Http/Kernel.php(255): Illuminate\\Foundation\\Application->make()
#17 /home/saai/Documents/Projects/CGTA-CLUB/vendor/laravel/framework/src/Illuminate/Foundation/Http/Kernel.php(213): Illuminate\\Foundation\\Http\\Kernel->terminateMiddleware()
#18 /home/saai/Documents/Projects/CGTA-CLUB/public/index.php(55): Illuminate\\Foundation\\Http\\Kernel->terminate()
#19 /home/saai/Documents/Projects/CGTA-CLUB/vendor/laravel/framework/src/Illuminate/Foundation/resources/server.php(16): require_once('...')
#20 {main}
"} 
[2025-01-15 13:06:22] local.ERROR: No application encryption key has been specified. {"exception":"[object] (Illuminate\\Encryption\\MissingAppKeyException(code: 0): No application encryption key has been specified. at /home/saai/Documents/Projects/CGTA-CLUB/vendor/laravel/framework/src/Illuminate/Encryption/EncryptionServiceProvider.php:79)
[stacktrace]
#0 /home/saai/Documents/Projects/CGTA-CLUB/vendor/laravel/framework/src/Illuminate/Support/helpers.php(307): Illuminate\\Encryption\\EncryptionServiceProvider->Illuminate\\Encryption\\{closure}()
#1 /home/saai/Documents/Projects/CGTA-CLUB/vendor/laravel/framework/src/Illuminate/Encryption/EncryptionServiceProvider.php(77): tap()
#2 /home/saai/Documents/Projects/CGTA-CLUB/vendor/laravel/framework/src/Illuminate/Encryption/EncryptionServiceProvider.php(60): Illuminate\\Encryption\\EncryptionServiceProvider->key()
#3 /home/saai/Documents/Projects/CGTA-CLUB/vendor/laravel/framework/src/Illuminate/Encryption/EncryptionServiceProvider.php(32): Illuminate\\Encryption\\EncryptionServiceProvider->parseKey()
#4 /home/saai/Documents/Projects/CGTA-CLUB/vendor/laravel/framework/src/Illuminate/Container/Container.php(908): Illuminate\\Encryption\\EncryptionServiceProvider->Illuminate\\Encryption\\{closure}()
#5 /home/saai/Documents/Projects/CGTA-CLUB/vendor/laravel/framework/src/Illuminate/Container/Container.php(795): Illuminate\\Container\\Container->build()
#6 /home/saai/Documents/Projects/CGTA-CLUB/vendor/laravel/framework/src/Illuminate/Foundation/Application.php(961): Illuminate\\Container\\Container->resolve()
#7 /home/saai/Documents/Projects/CGTA-CLUB/vendor/laravel/framework/src/Illuminate/Container/Container.php(731): Illuminate\\Foundation\\Application->resolve()
#8 /home/saai/Documents/Projects/CGTA-CLUB/vendor/laravel/framework/src/Illuminate/Foundation/Application.php(946): Illuminate\\Container\\Container->make()
#9 /home/saai/Documents/Projects/CGTA-CLUB/vendor/laravel/framework/src/Illuminate/Container/Container.php(1066): Illuminate\\Foundation\\Application->make()
#10 /home/saai/Documents/Projects/CGTA-CLUB/vendor/laravel/framework/src/Illuminate/Container/Container.php(982): Illuminate\\Container\\Container->resolveClass()
#11 /home/saai/Documents/Projects/CGTA-CLUB/vendor/laravel/framework/src/Illuminate/Container/Container.php(943): Illuminate\\Container\\Container->resolveDependencies()
#12 /home/saai/Documents/Projects/CGTA-CLUB/vendor/laravel/framework/src/Illuminate/Container/Container.php(795): Illuminate\\Container\\Container->build()
#13 /home/saai/Documents/Projects/CGTA-CLUB/vendor/laravel/framework/src/Illuminate/Foundation/Application.php(961): Illuminate\\Container\\Container->resolve()
#14 /home/saai/Documents/Projects/CGTA-CLUB/vendor/laravel/framework/src/Illuminate/Container/Container.php(731): Illuminate\\Foundation\\Application->resolve()
#15 /home/saai/Documents/Projects/CGTA-CLUB/vendor/laravel/framework/src/Illuminate/Foundation/Application.php(946): Illuminate\\Container\\Container->make()
#16 /home/saai/Documents/Projects/CGTA-CLUB/vendor/laravel/framework/src/Illuminate/Pipeline/Pipeline.php(172): Illuminate\\Foundation\\Application->make()
#17 /home/saai/Documents/Projects/CGTA-CLUB/vendor/laravel/framework/src/Illuminate/Pipeline/Pipeline.php(119): Illuminate\\Pipeline\\Pipeline->Illuminate\\Pipeline\\{closure}()
#18 /home/saai/Documents/Projects/CGTA-CLUB/vendor/laravel/framework/src/Illuminate/Routing/Router.php(805): Illuminate\\Pipeline\\Pipeline->then()
#19 /home/saai/Documents/Projects/CGTA-CLUB/vendor/laravel/framework/src/Illuminate/Routing/Router.php(784): Illuminate\\Routing\\Router->runRouteWithinStack()
#20 /home/saai/Documents/Projects/CGTA-CLUB/vendor/laravel/framework/src/Illuminate/Routing/Router.php(748): Illuminate\\Routing\\Router->runRoute()
#21 /home/saai/Documents/Projects/CGTA-CLUB/vendor/laravel/framework/src/Illuminate/Routing/Router.php(737): Illuminate\\Routing\\Router->dispatchToRoute()
#22 /home/saai/Documents/Projects/CGTA-CLUB/vendor/laravel/framework/src/Illuminate/Foundation/Http/Kernel.php(200): Illuminate\\Routing\\Router->dispatch()
#23 /home/saai/Documents/Projects/CGTA-CLUB/vendor/laravel/framework/src/Illuminate/Pipeline/Pipeline.php(144): Illuminate\\Foundation\\Http\\Kernel->Illuminate\\Foundation\\Http\\{closure}()
#24 /home/saai/Documents/Projects/CGTA-CLUB/vendor/livewire/livewire/src/Features/SupportDisablingBackButtonCache/DisableBackButtonCacheMiddleware.php(19): Illuminate\\Pipeline\\Pipeline->Illuminate\\Pipeline\\{closure}()
#25 /home/saai/Documents/Projects/CGTA-CLUB/vendor/laravel/framework/src/Illuminate/Pipeline/Pipeline.php(183): Livewire\\Features\\SupportDisablingBackButtonCache\\DisableBackButtonCacheMiddleware->handle()
#26 /home/saai/Documents/Projects/CGTA-CLUB/vendor/laravel/framework/src/Illuminate/Foundation/Http/Middleware/TransformsRequest.php(21): Illuminate\\Pipeline\\Pipeline->Illuminate\\Pipeline\\{closure}()
#27 /home/saai/Documents/Projects/CGTA-CLUB/vendor/laravel/framework/src/Illuminate/Foundation/Http/Middleware/ConvertEmptyStringsToNull.php(31): Illuminate\\Foundation\\Http\\Middleware\\TransformsRequest->handle()
#28 /home/saai/Documents/Projects/CGTA-CLUB/vendor/laravel/framework/src/Illuminate/Pipeline/Pipeline.php(183): Illuminate\\Foundation\\Http\\Middleware\\ConvertEmptyStringsToNull->handle()
#29 /home/saai/Documents/Projects/CGTA-CLUB/vendor/laravel/framework/src/Illuminate/Foundation/Http/Middleware/TransformsRequest.php(21): Illuminate\\Pipeline\\Pipeline->Illuminate\\Pipeline\\{closure}()
#30 /home/saai/Documents/Projects/CGTA-CLUB/vendor/laravel/framework/src/Illuminate/Foundation/Http/Middleware/TrimStrings.php(40): Illuminate\\Foundation\\Http\\Middleware\\TransformsRequest->handle()
#31 /home/saai/Documents/Projects/CGTA-CLUB/vendor/laravel/framework/src/Illuminate/Pipeline/Pipeline.php(183): Illuminate\\Foundation\\Http\\Middleware\\TrimStrings->handle()
#32 /home/saai/Documents/Projects/CGTA-CLUB/vendor/laravel/framework/src/Illuminate/Foundation/Http/Middleware/ValidatePostSize.php(27): Illuminate\\Pipeline\\Pipeline->Illuminate\\Pipeline\\{closure}()
#33 /home/saai/Documents/Projects/CGTA-CLUB/vendor/laravel/framework/src/Illuminate/Pipeline/Pipeline.php(183): Illuminate\\Foundation\\Http\\Middleware\\ValidatePostSize->handle()
#34 /home/saai/Documents/Projects/CGTA-CLUB/vendor/laravel/framework/src/Illuminate/Foundation/Http/Middleware/PreventRequestsDuringMaintenance.php(99): Illuminate\\Pipeline\\Pipeline->Illuminate\\Pipeline\\{closure}()
#35 /home/saai/Documents/Projects/CGTA-CLUB/vendor/laravel/framework/src/Illuminate/Pipeline/Pipeline.php(183): Illuminate\\Foundation\\Http\\Middleware\\PreventRequestsDuringMaintenance->handle()
#36 /home/saai/Documents/Projects/CGTA-CLUB/vendor/laravel/framework/src/Illuminate/Http/Middleware/HandleCors.php(49): Illuminate\\Pipeline\\Pipeline->Illuminate\\Pipeline\\{closure}()
#37 /home/saai/Documents/Projects/CGTA-CLUB/vendor/laravel/framework/src/Illuminate/Pipeline/Pipeline.php(183): Illuminate\\Http\\Middleware\\HandleCors->handle()
#38 /home/saai/Documents/Projects/CGTA-CLUB/vendor/laravel/framework/src/Illuminate/Http/Middleware/TrustProxies.php(39): Illuminate\\Pipeline\\Pipeline->Illuminate\\Pipeline\\{closure}()
#39 /home/saai/Documents/Projects/CGTA-CLUB/vendor/laravel/framework/src/Illuminate/Pipeline/Pipeline.php(183): Illuminate\\Http\\Middleware\\TrustProxies->handle()
#40 /home/saai/Documents/Projects/CGTA-CLUB/vendor/laravel/framework/src/Illuminate/Pipeline/Pipeline.php(119): Illuminate\\Pipeline\\Pipeline->Illuminate\\Pipeline\\{closure}()
#41 /home/saai/Documents/Projects/CGTA-CLUB/vendor/laravel/framework/src/Illuminate/Foundation/Http/Kernel.php(175): Illuminate\\Pipeline\\Pipeline->then()
#42 /home/saai/Documents/Projects/CGTA-CLUB/vendor/laravel/framework/src/Illuminate/Foundation/Http/Kernel.php(144): Illuminate\\Foundation\\Http\\Kernel->sendRequestThroughRouter()
#43 /home/saai/Documents/Projects/CGTA-CLUB/public/index.php(51): Illuminate\\Foundation\\Http\\Kernel->handle()
#44 /home/saai/Documents/Projects/CGTA-CLUB/vendor/laravel/framework/src/Illuminate/Foundation/resources/server.php(16): require_once('...')
#45 {main}
"} 
[2025-01-15 13:06:22] local.ERROR: No application encryption key has been specified. {"exception":"[object] (Illuminate\\Encryption\\MissingAppKeyException(code: 0): No application encryption key has been specified. at /home/saai/Documents/Projects/CGTA-CLUB/vendor/laravel/framework/src/Illuminate/Encryption/EncryptionServiceProvider.php:79)
[stacktrace]
#0 /home/saai/Documents/Projects/CGTA-CLUB/vendor/laravel/framework/src/Illuminate/Support/helpers.php(307): Illuminate\\Encryption\\EncryptionServiceProvider->Illuminate\\Encryption\\{closure}()
#1 /home/saai/Documents/Projects/CGTA-CLUB/vendor/laravel/framework/src/Illuminate/Encryption/EncryptionServiceProvider.php(77): tap()
#2 /home/saai/Documents/Projects/CGTA-CLUB/vendor/laravel/framework/src/Illuminate/Encryption/EncryptionServiceProvider.php(60): Illuminate\\Encryption\\EncryptionServiceProvider->key()
#3 /home/saai/Documents/Projects/CGTA-CLUB/vendor/laravel/framework/src/Illuminate/Encryption/EncryptionServiceProvider.php(32): Illuminate\\Encryption\\EncryptionServiceProvider->parseKey()
#4 /home/saai/Documents/Projects/CGTA-CLUB/vendor/laravel/framework/src/Illuminate/Container/Container.php(908): Illuminate\\Encryption\\EncryptionServiceProvider->Illuminate\\Encryption\\{closure}()
#5 /home/saai/Documents/Projects/CGTA-CLUB/vendor/laravel/framework/src/Illuminate/Container/Container.php(795): Illuminate\\Container\\Container->build()
#6 /home/saai/Documents/Projects/CGTA-CLUB/vendor/laravel/framework/src/Illuminate/Foundation/Application.php(961): Illuminate\\Container\\Container->resolve()
#7 /home/saai/Documents/Projects/CGTA-CLUB/vendor/laravel/framework/src/Illuminate/Container/Container.php(731): Illuminate\\Foundation\\Application->resolve()
#8 /home/saai/Documents/Projects/CGTA-CLUB/vendor/laravel/framework/src/Illuminate/Foundation/Application.php(946): Illuminate\\Container\\Container->make()
#9 /home/saai/Documents/Projects/CGTA-CLUB/vendor/laravel/framework/src/Illuminate/Container/Container.php(1066): Illuminate\\Foundation\\Application->make()
#10 /home/saai/Documents/Projects/CGTA-CLUB/vendor/laravel/framework/src/Illuminate/Container/Container.php(982): Illuminate\\Container\\Container->resolveClass()
#11 /home/saai/Documents/Projects/CGTA-CLUB/vendor/laravel/framework/src/Illuminate/Container/Container.php(943): Illuminate\\Container\\Container->resolveDependencies()
#12 /home/saai/Documents/Projects/CGTA-CLUB/vendor/laravel/framework/src/Illuminate/Container/Container.php(795): Illuminate\\Container\\Container->build()
#13 /home/saai/Documents/Projects/CGTA-CLUB/vendor/laravel/framework/src/Illuminate/Foundation/Application.php(961): Illuminate\\Container\\Container->resolve()
#14 /home/saai/Documents/Projects/CGTA-CLUB/vendor/laravel/framework/src/Illuminate/Container/Container.php(731): Illuminate\\Foundation\\Application->resolve()
#15 /home/saai/Documents/Projects/CGTA-CLUB/vendor/laravel/framework/src/Illuminate/Foundation/Application.php(946): Illuminate\\Container\\Container->make()
#16 /home/saai/Documents/Projects/CGTA-CLUB/vendor/laravel/framework/src/Illuminate/Foundation/Http/Kernel.php(255): Illuminate\\Foundation\\Application->make()
#17 /home/saai/Documents/Projects/CGTA-CLUB/vendor/laravel/framework/src/Illuminate/Foundation/Http/Kernel.php(213): Illuminate\\Foundation\\Http\\Kernel->terminateMiddleware()
#18 /home/saai/Documents/Projects/CGTA-CLUB/public/index.php(55): Illuminate\\Foundation\\Http\\Kernel->terminate()
#19 /home/saai/Documents/Projects/CGTA-CLUB/vendor/laravel/framework/src/Illuminate/Foundation/resources/server.php(16): require_once('...')
#20 {main}
"} 
[2025-01-15 13:06:26] local.ERROR: No application encryption key has been specified. {"exception":"[object] (Illuminate\\Encryption\\MissingAppKeyException(code: 0): No application encryption key has been specified. at /home/saai/Documents/Projects/CGTA-CLUB/vendor/laravel/framework/src/Illuminate/Encryption/EncryptionServiceProvider.php:79)
[stacktrace]
#0 /home/saai/Documents/Projects/CGTA-CLUB/vendor/laravel/framework/src/Illuminate/Support/helpers.php(307): Illuminate\\Encryption\\EncryptionServiceProvider->Illuminate\\Encryption\\{closure}()
#1 /home/saai/Documents/Projects/CGTA-CLUB/vendor/laravel/framework/src/Illuminate/Encryption/EncryptionServiceProvider.php(77): tap()
#2 /home/saai/Documents/Projects/CGTA-CLUB/vendor/laravel/framework/src/Illuminate/Encryption/EncryptionServiceProvider.php(60): Illuminate\\Encryption\\EncryptionServiceProvider->key()
#3 /home/saai/Documents/Projects/CGTA-CLUB/vendor/laravel/framework/src/Illuminate/Encryption/EncryptionServiceProvider.php(32): Illuminate\\Encryption\\EncryptionServiceProvider->parseKey()
#4 /home/saai/Documents/Projects/CGTA-CLUB/vendor/laravel/framework/src/Illuminate/Container/Container.php(908): Illuminate\\Encryption\\EncryptionServiceProvider->Illuminate\\Encryption\\{closure}()
#5 /home/saai/Documents/Projects/CGTA-CLUB/vendor/laravel/framework/src/Illuminate/Container/Container.php(795): Illuminate\\Container\\Container->build()
#6 /home/saai/Documents/Projects/CGTA-CLUB/vendor/laravel/framework/src/Illuminate/Foundation/Application.php(961): Illuminate\\Container\\Container->resolve()
#7 /home/saai/Documents/Projects/CGTA-CLUB/vendor/laravel/framework/src/Illuminate/Container/Container.php(731): Illuminate\\Foundation\\Application->resolve()
#8 /home/saai/Documents/Projects/CGTA-CLUB/vendor/laravel/framework/src/Illuminate/Foundation/Application.php(946): Illuminate\\Container\\Container->make()
#9 /home/saai/Documents/Projects/CGTA-CLUB/vendor/laravel/framework/src/Illuminate/Container/Container.php(1066): Illuminate\\Foundation\\Application->make()
#10 /home/saai/Documents/Projects/CGTA-CLUB/vendor/laravel/framework/src/Illuminate/Container/Container.php(982): Illuminate\\Container\\Container->resolveClass()
#11 /home/saai/Documents/Projects/CGTA-CLUB/vendor/laravel/framework/src/Illuminate/Container/Container.php(943): Illuminate\\Container\\Container->resolveDependencies()
#12 /home/saai/Documents/Projects/CGTA-CLUB/vendor/laravel/framework/src/Illuminate/Container/Container.php(795): Illuminate\\Container\\Container->build()
#13 /home/saai/Documents/Projects/CGTA-CLUB/vendor/laravel/framework/src/Illuminate/Foundation/Application.php(961): Illuminate\\Container\\Container->resolve()
#14 /home/saai/Documents/Projects/CGTA-CLUB/vendor/laravel/framework/src/Illuminate/Container/Container.php(731): Illuminate\\Foundation\\Application->resolve()
#15 /home/saai/Documents/Projects/CGTA-CLUB/vendor/laravel/framework/src/Illuminate/Foundation/Application.php(946): Illuminate\\Container\\Container->make()
#16 /home/saai/Documents/Projects/CGTA-CLUB/vendor/laravel/framework/src/Illuminate/Pipeline/Pipeline.php(172): Illuminate\\Foundation\\Application->make()
#17 /home/saai/Documents/Projects/CGTA-CLUB/vendor/laravel/framework/src/Illuminate/Pipeline/Pipeline.php(119): Illuminate\\Pipeline\\Pipeline->Illuminate\\Pipeline\\{closure}()
#18 /home/saai/Documents/Projects/CGTA-CLUB/vendor/laravel/framework/src/Illuminate/Routing/Router.php(805): Illuminate\\Pipeline\\Pipeline->then()
#19 /home/saai/Documents/Projects/CGTA-CLUB/vendor/laravel/framework/src/Illuminate/Routing/Router.php(784): Illuminate\\Routing\\Router->runRouteWithinStack()
#20 /home/saai/Documents/Projects/CGTA-CLUB/vendor/laravel/framework/src/Illuminate/Routing/Router.php(748): Illuminate\\Routing\\Router->runRoute()
#21 /home/saai/Documents/Projects/CGTA-CLUB/vendor/laravel/framework/src/Illuminate/Routing/Router.php(737): Illuminate\\Routing\\Router->dispatchToRoute()
#22 /home/saai/Documents/Projects/CGTA-CLUB/vendor/laravel/framework/src/Illuminate/Foundation/Http/Kernel.php(200): Illuminate\\Routing\\Router->dispatch()
#23 /home/saai/Documents/Projects/CGTA-CLUB/vendor/laravel/framework/src/Illuminate/Pipeline/Pipeline.php(144): Illuminate\\Foundation\\Http\\Kernel->Illuminate\\Foundation\\Http\\{closure}()
#24 /home/saai/Documents/Projects/CGTA-CLUB/vendor/livewire/livewire/src/Features/SupportDisablingBackButtonCache/DisableBackButtonCacheMiddleware.php(19): Illuminate\\Pipeline\\Pipeline->Illuminate\\Pipeline\\{closure}()
#25 /home/saai/Documents/Projects/CGTA-CLUB/vendor/laravel/framework/src/Illuminate/Pipeline/Pipeline.php(183): Livewire\\Features\\SupportDisablingBackButtonCache\\DisableBackButtonCacheMiddleware->handle()
#26 /home/saai/Documents/Projects/CGTA-CLUB/vendor/laravel/framework/src/Illuminate/Foundation/Http/Middleware/TransformsRequest.php(21): Illuminate\\Pipeline\\Pipeline->Illuminate\\Pipeline\\{closure}()
#27 /home/saai/Documents/Projects/CGTA-CLUB/vendor/laravel/framework/src/Illuminate/Foundation/Http/Middleware/ConvertEmptyStringsToNull.php(31): Illuminate\\Foundation\\Http\\Middleware\\TransformsRequest->handle()
#28 /home/saai/Documents/Projects/CGTA-CLUB/vendor/laravel/framework/src/Illuminate/Pipeline/Pipeline.php(183): Illuminate\\Foundation\\Http\\Middleware\\ConvertEmptyStringsToNull->handle()
#29 /home/saai/Documents/Projects/CGTA-CLUB/vendor/laravel/framework/src/Illuminate/Foundation/Http/Middleware/TransformsRequest.php(21): Illuminate\\Pipeline\\Pipeline->Illuminate\\Pipeline\\{closure}()
#30 /home/saai/Documents/Projects/CGTA-CLUB/vendor/laravel/framework/src/Illuminate/Foundation/Http/Middleware/TrimStrings.php(40): Illuminate\\Foundation\\Http\\Middleware\\TransformsRequest->handle()
#31 /home/saai/Documents/Projects/CGTA-CLUB/vendor/laravel/framework/src/Illuminate/Pipeline/Pipeline.php(183): Illuminate\\Foundation\\Http\\Middleware\\TrimStrings->handle()
#32 /home/saai/Documents/Projects/CGTA-CLUB/vendor/laravel/framework/src/Illuminate/Foundation/Http/Middleware/ValidatePostSize.php(27): Illuminate\\Pipeline\\Pipeline->Illuminate\\Pipeline\\{closure}()
#33 /home/saai/Documents/Projects/CGTA-CLUB/vendor/laravel/framework/src/Illuminate/Pipeline/Pipeline.php(183): Illuminate\\Foundation\\Http\\Middleware\\ValidatePostSize->handle()
#34 /home/saai/Documents/Projects/CGTA-CLUB/vendor/laravel/framework/src/Illuminate/Foundation/Http/Middleware/PreventRequestsDuringMaintenance.php(99): Illuminate\\Pipeline\\Pipeline->Illuminate\\Pipeline\\{closure}()
#35 /home/saai/Documents/Projects/CGTA-CLUB/vendor/laravel/framework/src/Illuminate/Pipeline/Pipeline.php(183): Illuminate\\Foundation\\Http\\Middleware\\PreventRequestsDuringMaintenance->handle()
#36 /home/saai/Documents/Projects/CGTA-CLUB/vendor/laravel/framework/src/Illuminate/Http/Middleware/HandleCors.php(49): Illuminate\\Pipeline\\Pipeline->Illuminate\\Pipeline\\{closure}()
#37 /home/saai/Documents/Projects/CGTA-CLUB/vendor/laravel/framework/src/Illuminate/Pipeline/Pipeline.php(183): Illuminate\\Http\\Middleware\\HandleCors->handle()
#38 /home/saai/Documents/Projects/CGTA-CLUB/vendor/laravel/framework/src/Illuminate/Http/Middleware/TrustProxies.php(39): Illuminate\\Pipeline\\Pipeline->Illuminate\\Pipeline\\{closure}()
#39 /home/saai/Documents/Projects/CGTA-CLUB/vendor/laravel/framework/src/Illuminate/Pipeline/Pipeline.php(183): Illuminate\\Http\\Middleware\\TrustProxies->handle()
#40 /home/saai/Documents/Projects/CGTA-CLUB/vendor/laravel/framework/src/Illuminate/Pipeline/Pipeline.php(119): Illuminate\\Pipeline\\Pipeline->Illuminate\\Pipeline\\{closure}()
#41 /home/saai/Documents/Projects/CGTA-CLUB/vendor/laravel/framework/src/Illuminate/Foundation/Http/Kernel.php(175): Illuminate\\Pipeline\\Pipeline->then()
#42 /home/saai/Documents/Projects/CGTA-CLUB/vendor/laravel/framework/src/Illuminate/Foundation/Http/Kernel.php(144): Illuminate\\Foundation\\Http\\Kernel->sendRequestThroughRouter()
#43 /home/saai/Documents/Projects/CGTA-CLUB/public/index.php(51): Illuminate\\Foundation\\Http\\Kernel->handle()
#44 /home/saai/Documents/Projects/CGTA-CLUB/vendor/laravel/framework/src/Illuminate/Foundation/resources/server.php(16): require_once('...')
#45 {main}
"} 
[2025-01-15 13:06:26] local.ERROR: No application encryption key has been specified. {"exception":"[object] (Illuminate\\Encryption\\MissingAppKeyException(code: 0): No application encryption key has been specified. at /home/saai/Documents/Projects/CGTA-CLUB/vendor/laravel/framework/src/Illuminate/Encryption/EncryptionServiceProvider.php:79)
[stacktrace]
#0 /home/saai/Documents/Projects/CGTA-CLUB/vendor/laravel/framework/src/Illuminate/Support/helpers.php(307): Illuminate\\Encryption\\EncryptionServiceProvider->Illuminate\\Encryption\\{closure}()
#1 /home/saai/Documents/Projects/CGTA-CLUB/vendor/laravel/framework/src/Illuminate/Encryption/EncryptionServiceProvider.php(77): tap()
#2 /home/saai/Documents/Projects/CGTA-CLUB/vendor/laravel/framework/src/Illuminate/Encryption/EncryptionServiceProvider.php(60): Illuminate\\Encryption\\EncryptionServiceProvider->key()
#3 /home/saai/Documents/Projects/CGTA-CLUB/vendor/laravel/framework/src/Illuminate/Encryption/EncryptionServiceProvider.php(32): Illuminate\\Encryption\\EncryptionServiceProvider->parseKey()
#4 /home/saai/Documents/Projects/CGTA-CLUB/vendor/laravel/framework/src/Illuminate/Container/Container.php(908): Illuminate\\Encryption\\EncryptionServiceProvider->Illuminate\\Encryption\\{closure}()
#5 /home/saai/Documents/Projects/CGTA-CLUB/vendor/laravel/framework/src/Illuminate/Container/Container.php(795): Illuminate\\Container\\Container->build()
#6 /home/saai/Documents/Projects/CGTA-CLUB/vendor/laravel/framework/src/Illuminate/Foundation/Application.php(961): Illuminate\\Container\\Container->resolve()
#7 /home/saai/Documents/Projects/CGTA-CLUB/vendor/laravel/framework/src/Illuminate/Container/Container.php(731): Illuminate\\Foundation\\Application->resolve()
#8 /home/saai/Documents/Projects/CGTA-CLUB/vendor/laravel/framework/src/Illuminate/Foundation/Application.php(946): Illuminate\\Container\\Container->make()
#9 /home/saai/Documents/Projects/CGTA-CLUB/vendor/laravel/framework/src/Illuminate/Container/Container.php(1066): Illuminate\\Foundation\\Application->make()
#10 /home/saai/Documents/Projects/CGTA-CLUB/vendor/laravel/framework/src/Illuminate/Container/Container.php(982): Illuminate\\Container\\Container->resolveClass()
#11 /home/saai/Documents/Projects/CGTA-CLUB/vendor/laravel/framework/src/Illuminate/Container/Container.php(943): Illuminate\\Container\\Container->resolveDependencies()
#12 /home/saai/Documents/Projects/CGTA-CLUB/vendor/laravel/framework/src/Illuminate/Container/Container.php(795): Illuminate\\Container\\Container->build()
#13 /home/saai/Documents/Projects/CGTA-CLUB/vendor/laravel/framework/src/Illuminate/Foundation/Application.php(961): Illuminate\\Container\\Container->resolve()
#14 /home/saai/Documents/Projects/CGTA-CLUB/vendor/laravel/framework/src/Illuminate/Container/Container.php(731): Illuminate\\Foundation\\Application->resolve()
#15 /home/saai/Documents/Projects/CGTA-CLUB/vendor/laravel/framework/src/Illuminate/Foundation/Application.php(946): Illuminate\\Container\\Container->make()
#16 /home/saai/Documents/Projects/CGTA-CLUB/vendor/laravel/framework/src/Illuminate/Foundation/Http/Kernel.php(255): Illuminate\\Foundation\\Application->make()
#17 /home/saai/Documents/Projects/CGTA-CLUB/vendor/laravel/framework/src/Illuminate/Foundation/Http/Kernel.php(213): Illuminate\\Foundation\\Http\\Kernel->terminateMiddleware()
#18 /home/saai/Documents/Projects/CGTA-CLUB/public/index.php(55): Illuminate\\Foundation\\Http\\Kernel->terminate()
#19 /home/saai/Documents/Projects/CGTA-CLUB/vendor/laravel/framework/src/Illuminate/Foundation/resources/server.php(16): require_once('...')
#20 {main}
"} 
[2025-01-15 13:06:30] local.ERROR: No application encryption key has been specified. {"exception":"[object] (Illuminate\\Encryption\\MissingAppKeyException(code: 0): No application encryption key has been specified. at /home/saai/Documents/Projects/CGTA-CLUB/vendor/laravel/framework/src/Illuminate/Encryption/EncryptionServiceProvider.php:79)
[stacktrace]
#0 /home/saai/Documents/Projects/CGTA-CLUB/vendor/laravel/framework/src/Illuminate/Support/helpers.php(307): Illuminate\\Encryption\\EncryptionServiceProvider->Illuminate\\Encryption\\{closure}()
#1 /home/saai/Documents/Projects/CGTA-CLUB/vendor/laravel/framework/src/Illuminate/Encryption/EncryptionServiceProvider.php(77): tap()
#2 /home/saai/Documents/Projects/CGTA-CLUB/vendor/laravel/framework/src/Illuminate/Encryption/EncryptionServiceProvider.php(60): Illuminate\\Encryption\\EncryptionServiceProvider->key()
#3 /home/saai/Documents/Projects/CGTA-CLUB/vendor/laravel/framework/src/Illuminate/Encryption/EncryptionServiceProvider.php(32): Illuminate\\Encryption\\EncryptionServiceProvider->parseKey()
#4 /home/saai/Documents/Projects/CGTA-CLUB/vendor/laravel/framework/src/Illuminate/Container/Container.php(908): Illuminate\\Encryption\\EncryptionServiceProvider->Illuminate\\Encryption\\{closure}()
#5 /home/saai/Documents/Projects/CGTA-CLUB/vendor/laravel/framework/src/Illuminate/Container/Container.php(795): Illuminate\\Container\\Container->build()
#6 /home/saai/Documents/Projects/CGTA-CLUB/vendor/laravel/framework/src/Illuminate/Foundation/Application.php(961): Illuminate\\Container\\Container->resolve()
#7 /home/saai/Documents/Projects/CGTA-CLUB/vendor/laravel/framework/src/Illuminate/Container/Container.php(731): Illuminate\\Foundation\\Application->resolve()
#8 /home/saai/Documents/Projects/CGTA-CLUB/vendor/laravel/framework/src/Illuminate/Foundation/Application.php(946): Illuminate\\Container\\Container->make()
#9 /home/saai/Documents/Projects/CGTA-CLUB/vendor/laravel/framework/src/Illuminate/Container/Container.php(1066): Illuminate\\Foundation\\Application->make()
#10 /home/saai/Documents/Projects/CGTA-CLUB/vendor/laravel/framework/src/Illuminate/Container/Container.php(982): Illuminate\\Container\\Container->resolveClass()
#11 /home/saai/Documents/Projects/CGTA-CLUB/vendor/laravel/framework/src/Illuminate/Container/Container.php(943): Illuminate\\Container\\Container->resolveDependencies()
#12 /home/saai/Documents/Projects/CGTA-CLUB/vendor/laravel/framework/src/Illuminate/Container/Container.php(795): Illuminate\\Container\\Container->build()
#13 /home/saai/Documents/Projects/CGTA-CLUB/vendor/laravel/framework/src/Illuminate/Foundation/Application.php(961): Illuminate\\Container\\Container->resolve()
#14 /home/saai/Documents/Projects/CGTA-CLUB/vendor/laravel/framework/src/Illuminate/Container/Container.php(731): Illuminate\\Foundation\\Application->resolve()
#15 /home/saai/Documents/Projects/CGTA-CLUB/vendor/laravel/framework/src/Illuminate/Foundation/Application.php(946): Illuminate\\Container\\Container->make()
#16 /home/saai/Documents/Projects/CGTA-CLUB/vendor/laravel/framework/src/Illuminate/Pipeline/Pipeline.php(172): Illuminate\\Foundation\\Application->make()
#17 /home/saai/Documents/Projects/CGTA-CLUB/vendor/laravel/framework/src/Illuminate/Pipeline/Pipeline.php(119): Illuminate\\Pipeline\\Pipeline->Illuminate\\Pipeline\\{closure}()
#18 /home/saai/Documents/Projects/CGTA-CLUB/vendor/laravel/framework/src/Illuminate/Routing/Router.php(805): Illuminate\\Pipeline\\Pipeline->then()
#19 /home/saai/Documents/Projects/CGTA-CLUB/vendor/laravel/framework/src/Illuminate/Routing/Router.php(784): Illuminate\\Routing\\Router->runRouteWithinStack()
#20 /home/saai/Documents/Projects/CGTA-CLUB/vendor/laravel/framework/src/Illuminate/Routing/Router.php(748): Illuminate\\Routing\\Router->runRoute()
#21 /home/saai/Documents/Projects/CGTA-CLUB/vendor/laravel/framework/src/Illuminate/Routing/Router.php(737): Illuminate\\Routing\\Router->dispatchToRoute()
#22 /home/saai/Documents/Projects/CGTA-CLUB/vendor/laravel/framework/src/Illuminate/Foundation/Http/Kernel.php(200): Illuminate\\Routing\\Router->dispatch()
#23 /home/saai/Documents/Projects/CGTA-CLUB/vendor/laravel/framework/src/Illuminate/Pipeline/Pipeline.php(144): Illuminate\\Foundation\\Http\\Kernel->Illuminate\\Foundation\\Http\\{closure}()
#24 /home/saai/Documents/Projects/CGTA-CLUB/vendor/livewire/livewire/src/Features/SupportDisablingBackButtonCache/DisableBackButtonCacheMiddleware.php(19): Illuminate\\Pipeline\\Pipeline->Illuminate\\Pipeline\\{closure}()
#25 /home/saai/Documents/Projects/CGTA-CLUB/vendor/laravel/framework/src/Illuminate/Pipeline/Pipeline.php(183): Livewire\\Features\\SupportDisablingBackButtonCache\\DisableBackButtonCacheMiddleware->handle()
#26 /home/saai/Documents/Projects/CGTA-CLUB/vendor/laravel/framework/src/Illuminate/Foundation/Http/Middleware/TransformsRequest.php(21): Illuminate\\Pipeline\\Pipeline->Illuminate\\Pipeline\\{closure}()
#27 /home/saai/Documents/Projects/CGTA-CLUB/vendor/laravel/framework/src/Illuminate/Foundation/Http/Middleware/ConvertEmptyStringsToNull.php(31): Illuminate\\Foundation\\Http\\Middleware\\TransformsRequest->handle()
#28 /home/saai/Documents/Projects/CGTA-CLUB/vendor/laravel/framework/src/Illuminate/Pipeline/Pipeline.php(183): Illuminate\\Foundation\\Http\\Middleware\\ConvertEmptyStringsToNull->handle()
#29 /home/saai/Documents/Projects/CGTA-CLUB/vendor/laravel/framework/src/Illuminate/Foundation/Http/Middleware/TransformsRequest.php(21): Illuminate\\Pipeline\\Pipeline->Illuminate\\Pipeline\\{closure}()
#30 /home/saai/Documents/Projects/CGTA-CLUB/vendor/laravel/framework/src/Illuminate/Foundation/Http/Middleware/TrimStrings.php(40): Illuminate\\Foundation\\Http\\Middleware\\TransformsRequest->handle()
#31 /home/saai/Documents/Projects/CGTA-CLUB/vendor/laravel/framework/src/Illuminate/Pipeline/Pipeline.php(183): Illuminate\\Foundation\\Http\\Middleware\\TrimStrings->handle()
#32 /home/saai/Documents/Projects/CGTA-CLUB/vendor/laravel/framework/src/Illuminate/Foundation/Http/Middleware/ValidatePostSize.php(27): Illuminate\\Pipeline\\Pipeline->Illuminate\\Pipeline\\{closure}()
#33 /home/saai/Documents/Projects/CGTA-CLUB/vendor/laravel/framework/src/Illuminate/Pipeline/Pipeline.php(183): Illuminate\\Foundation\\Http\\Middleware\\ValidatePostSize->handle()
#34 /home/saai/Documents/Projects/CGTA-CLUB/vendor/laravel/framework/src/Illuminate/Foundation/Http/Middleware/PreventRequestsDuringMaintenance.php(99): Illuminate\\Pipeline\\Pipeline->Illuminate\\Pipeline\\{closure}()
#35 /home/saai/Documents/Projects/CGTA-CLUB/vendor/laravel/framework/src/Illuminate/Pipeline/Pipeline.php(183): Illuminate\\Foundation\\Http\\Middleware\\PreventRequestsDuringMaintenance->handle()
#36 /home/saai/Documents/Projects/CGTA-CLUB/vendor/laravel/framework/src/Illuminate/Http/Middleware/HandleCors.php(49): Illuminate\\Pipeline\\Pipeline->Illuminate\\Pipeline\\{closure}()
#37 /home/saai/Documents/Projects/CGTA-CLUB/vendor/laravel/framework/src/Illuminate/Pipeline/Pipeline.php(183): Illuminate\\Http\\Middleware\\HandleCors->handle()
#38 /home/saai/Documents/Projects/CGTA-CLUB/vendor/laravel/framework/src/Illuminate/Http/Middleware/TrustProxies.php(39): Illuminate\\Pipeline\\Pipeline->Illuminate\\Pipeline\\{closure}()
#39 /home/saai/Documents/Projects/CGTA-CLUB/vendor/laravel/framework/src/Illuminate/Pipeline/Pipeline.php(183): Illuminate\\Http\\Middleware\\TrustProxies->handle()
#40 /home/saai/Documents/Projects/CGTA-CLUB/vendor/laravel/framework/src/Illuminate/Pipeline/Pipeline.php(119): Illuminate\\Pipeline\\Pipeline->Illuminate\\Pipeline\\{closure}()
#41 /home/saai/Documents/Projects/CGTA-CLUB/vendor/laravel/framework/src/Illuminate/Foundation/Http/Kernel.php(175): Illuminate\\Pipeline\\Pipeline->then()
#42 /home/saai/Documents/Projects/CGTA-CLUB/vendor/laravel/framework/src/Illuminate/Foundation/Http/Kernel.php(144): Illuminate\\Foundation\\Http\\Kernel->sendRequestThroughRouter()
#43 /home/saai/Documents/Projects/CGTA-CLUB/public/index.php(51): Illuminate\\Foundation\\Http\\Kernel->handle()
#44 /home/saai/Documents/Projects/CGTA-CLUB/vendor/laravel/framework/src/Illuminate/Foundation/resources/server.php(16): require_once('...')
#45 {main}
"} 
[2025-01-15 13:06:31] local.ERROR: No application encryption key has been specified. {"exception":"[object] (Illuminate\\Encryption\\MissingAppKeyException(code: 0): No application encryption key has been specified. at /home/saai/Documents/Projects/CGTA-CLUB/vendor/laravel/framework/src/Illuminate/Encryption/EncryptionServiceProvider.php:79)
[stacktrace]
#0 /home/saai/Documents/Projects/CGTA-CLUB/vendor/laravel/framework/src/Illuminate/Support/helpers.php(307): Illuminate\\Encryption\\EncryptionServiceProvider->Illuminate\\Encryption\\{closure}()
#1 /home/saai/Documents/Projects/CGTA-CLUB/vendor/laravel/framework/src/Illuminate/Encryption/EncryptionServiceProvider.php(77): tap()
#2 /home/saai/Documents/Projects/CGTA-CLUB/vendor/laravel/framework/src/Illuminate/Encryption/EncryptionServiceProvider.php(60): Illuminate\\Encryption\\EncryptionServiceProvider->key()
#3 /home/saai/Documents/Projects/CGTA-CLUB/vendor/laravel/framework/src/Illuminate/Encryption/EncryptionServiceProvider.php(32): Illuminate\\Encryption\\EncryptionServiceProvider->parseKey()
#4 /home/saai/Documents/Projects/CGTA-CLUB/vendor/laravel/framework/src/Illuminate/Container/Container.php(908): Illuminate\\Encryption\\EncryptionServiceProvider->Illuminate\\Encryption\\{closure}()
#5 /home/saai/Documents/Projects/CGTA-CLUB/vendor/laravel/framework/src/Illuminate/Container/Container.php(795): Illuminate\\Container\\Container->build()
#6 /home/saai/Documents/Projects/CGTA-CLUB/vendor/laravel/framework/src/Illuminate/Foundation/Application.php(961): Illuminate\\Container\\Container->resolve()
#7 /home/saai/Documents/Projects/CGTA-CLUB/vendor/laravel/framework/src/Illuminate/Container/Container.php(731): Illuminate\\Foundation\\Application->resolve()
#8 /home/saai/Documents/Projects/CGTA-CLUB/vendor/laravel/framework/src/Illuminate/Foundation/Application.php(946): Illuminate\\Container\\Container->make()
#9 /home/saai/Documents/Projects/CGTA-CLUB/vendor/laravel/framework/src/Illuminate/Container/Container.php(1066): Illuminate\\Foundation\\Application->make()
#10 /home/saai/Documents/Projects/CGTA-CLUB/vendor/laravel/framework/src/Illuminate/Container/Container.php(982): Illuminate\\Container\\Container->resolveClass()
#11 /home/saai/Documents/Projects/CGTA-CLUB/vendor/laravel/framework/src/Illuminate/Container/Container.php(943): Illuminate\\Container\\Container->resolveDependencies()
#12 /home/saai/Documents/Projects/CGTA-CLUB/vendor/laravel/framework/src/Illuminate/Container/Container.php(795): Illuminate\\Container\\Container->build()
#13 /home/saai/Documents/Projects/CGTA-CLUB/vendor/laravel/framework/src/Illuminate/Foundation/Application.php(961): Illuminate\\Container\\Container->resolve()
#14 /home/saai/Documents/Projects/CGTA-CLUB/vendor/laravel/framework/src/Illuminate/Container/Container.php(731): Illuminate\\Foundation\\Application->resolve()
#15 /home/saai/Documents/Projects/CGTA-CLUB/vendor/laravel/framework/src/Illuminate/Foundation/Application.php(946): Illuminate\\Container\\Container->make()
#16 /home/saai/Documents/Projects/CGTA-CLUB/vendor/laravel/framework/src/Illuminate/Foundation/Http/Kernel.php(255): Illuminate\\Foundation\\Application->make()
#17 /home/saai/Documents/Projects/CGTA-CLUB/vendor/laravel/framework/src/Illuminate/Foundation/Http/Kernel.php(213): Illuminate\\Foundation\\Http\\Kernel->terminateMiddleware()
#18 /home/saai/Documents/Projects/CGTA-CLUB/public/index.php(55): Illuminate\\Foundation\\Http\\Kernel->terminate()
#19 /home/saai/Documents/Projects/CGTA-CLUB/vendor/laravel/framework/src/Illuminate/Foundation/resources/server.php(16): require_once('...')
#20 {main}
"} 
[2025-01-15 13:06:34] local.ERROR: No application encryption key has been specified. {"exception":"[object] (Illuminate\\Encryption\\MissingAppKeyException(code: 0): No application encryption key has been specified. at /home/saai/Documents/Projects/CGTA-CLUB/vendor/laravel/framework/src/Illuminate/Encryption/EncryptionServiceProvider.php:79)
[stacktrace]
#0 /home/saai/Documents/Projects/CGTA-CLUB/vendor/laravel/framework/src/Illuminate/Support/helpers.php(307): Illuminate\\Encryption\\EncryptionServiceProvider->Illuminate\\Encryption\\{closure}()
#1 /home/saai/Documents/Projects/CGTA-CLUB/vendor/laravel/framework/src/Illuminate/Encryption/EncryptionServiceProvider.php(77): tap()
#2 /home/saai/Documents/Projects/CGTA-CLUB/vendor/laravel/framework/src/Illuminate/Encryption/EncryptionServiceProvider.php(60): Illuminate\\Encryption\\EncryptionServiceProvider->key()
#3 /home/saai/Documents/Projects/CGTA-CLUB/vendor/laravel/framework/src/Illuminate/Encryption/EncryptionServiceProvider.php(32): Illuminate\\Encryption\\EncryptionServiceProvider->parseKey()
#4 /home/saai/Documents/Projects/CGTA-CLUB/vendor/laravel/framework/src/Illuminate/Container/Container.php(908): Illuminate\\Encryption\\EncryptionServiceProvider->Illuminate\\Encryption\\{closure}()
#5 /home/saai/Documents/Projects/CGTA-CLUB/vendor/laravel/framework/src/Illuminate/Container/Container.php(795): Illuminate\\Container\\Container->build()
#6 /home/saai/Documents/Projects/CGTA-CLUB/vendor/laravel/framework/src/Illuminate/Foundation/Application.php(961): Illuminate\\Container\\Container->resolve()
#7 /home/saai/Documents/Projects/CGTA-CLUB/vendor/laravel/framework/src/Illuminate/Container/Container.php(731): Illuminate\\Foundation\\Application->resolve()
#8 /home/saai/Documents/Projects/CGTA-CLUB/vendor/laravel/framework/src/Illuminate/Foundation/Application.php(946): Illuminate\\Container\\Container->make()
#9 /home/saai/Documents/Projects/CGTA-CLUB/vendor/laravel/framework/src/Illuminate/Container/Container.php(1066): Illuminate\\Foundation\\Application->make()
#10 /home/saai/Documents/Projects/CGTA-CLUB/vendor/laravel/framework/src/Illuminate/Container/Container.php(982): Illuminate\\Container\\Container->resolveClass()
#11 /home/saai/Documents/Projects/CGTA-CLUB/vendor/laravel/framework/src/Illuminate/Container/Container.php(943): Illuminate\\Container\\Container->resolveDependencies()
#12 /home/saai/Documents/Projects/CGTA-CLUB/vendor/laravel/framework/src/Illuminate/Container/Container.php(795): Illuminate\\Container\\Container->build()
#13 /home/saai/Documents/Projects/CGTA-CLUB/vendor/laravel/framework/src/Illuminate/Foundation/Application.php(961): Illuminate\\Container\\Container->resolve()
#14 /home/saai/Documents/Projects/CGTA-CLUB/vendor/laravel/framework/src/Illuminate/Container/Container.php(731): Illuminate\\Foundation\\Application->resolve()
#15 /home/saai/Documents/Projects/CGTA-CLUB/vendor/laravel/framework/src/Illuminate/Foundation/Application.php(946): Illuminate\\Container\\Container->make()
#16 /home/saai/Documents/Projects/CGTA-CLUB/vendor/laravel/framework/src/Illuminate/Pipeline/Pipeline.php(172): Illuminate\\Foundation\\Application->make()
#17 /home/saai/Documents/Projects/CGTA-CLUB/vendor/laravel/framework/src/Illuminate/Pipeline/Pipeline.php(119): Illuminate\\Pipeline\\Pipeline->Illuminate\\Pipeline\\{closure}()
#18 /home/saai/Documents/Projects/CGTA-CLUB/vendor/laravel/framework/src/Illuminate/Routing/Router.php(805): Illuminate\\Pipeline\\Pipeline->then()
#19 /home/saai/Documents/Projects/CGTA-CLUB/vendor/laravel/framework/src/Illuminate/Routing/Router.php(784): Illuminate\\Routing\\Router->runRouteWithinStack()
#20 /home/saai/Documents/Projects/CGTA-CLUB/vendor/laravel/framework/src/Illuminate/Routing/Router.php(748): Illuminate\\Routing\\Router->runRoute()
#21 /home/saai/Documents/Projects/CGTA-CLUB/vendor/laravel/framework/src/Illuminate/Routing/Router.php(737): Illuminate\\Routing\\Router->dispatchToRoute()
#22 /home/saai/Documents/Projects/CGTA-CLUB/vendor/laravel/framework/src/Illuminate/Foundation/Http/Kernel.php(200): Illuminate\\Routing\\Router->dispatch()
#23 /home/saai/Documents/Projects/CGTA-CLUB/vendor/laravel/framework/src/Illuminate/Pipeline/Pipeline.php(144): Illuminate\\Foundation\\Http\\Kernel->Illuminate\\Foundation\\Http\\{closure}()
#24 /home/saai/Documents/Projects/CGTA-CLUB/vendor/livewire/livewire/src/Features/SupportDisablingBackButtonCache/DisableBackButtonCacheMiddleware.php(19): Illuminate\\Pipeline\\Pipeline->Illuminate\\Pipeline\\{closure}()
#25 /home/saai/Documents/Projects/CGTA-CLUB/vendor/laravel/framework/src/Illuminate/Pipeline/Pipeline.php(183): Livewire\\Features\\SupportDisablingBackButtonCache\\DisableBackButtonCacheMiddleware->handle()
#26 /home/saai/Documents/Projects/CGTA-CLUB/vendor/laravel/framework/src/Illuminate/Foundation/Http/Middleware/TransformsRequest.php(21): Illuminate\\Pipeline\\Pipeline->Illuminate\\Pipeline\\{closure}()
#27 /home/saai/Documents/Projects/CGTA-CLUB/vendor/laravel/framework/src/Illuminate/Foundation/Http/Middleware/ConvertEmptyStringsToNull.php(31): Illuminate\\Foundation\\Http\\Middleware\\TransformsRequest->handle()
#28 /home/saai/Documents/Projects/CGTA-CLUB/vendor/laravel/framework/src/Illuminate/Pipeline/Pipeline.php(183): Illuminate\\Foundation\\Http\\Middleware\\ConvertEmptyStringsToNull->handle()
#29 /home/saai/Documents/Projects/CGTA-CLUB/vendor/laravel/framework/src/Illuminate/Foundation/Http/Middleware/TransformsRequest.php(21): Illuminate\\Pipeline\\Pipeline->Illuminate\\Pipeline\\{closure}()
#30 /home/saai/Documents/Projects/CGTA-CLUB/vendor/laravel/framework/src/Illuminate/Foundation/Http/Middleware/TrimStrings.php(40): Illuminate\\Foundation\\Http\\Middleware\\TransformsRequest->handle()
#31 /home/saai/Documents/Projects/CGTA-CLUB/vendor/laravel/framework/src/Illuminate/Pipeline/Pipeline.php(183): Illuminate\\Foundation\\Http\\Middleware\\TrimStrings->handle()
#32 /home/saai/Documents/Projects/CGTA-CLUB/vendor/laravel/framework/src/Illuminate/Foundation/Http/Middleware/ValidatePostSize.php(27): Illuminate\\Pipeline\\Pipeline->Illuminate\\Pipeline\\{closure}()
#33 /home/saai/Documents/Projects/CGTA-CLUB/vendor/laravel/framework/src/Illuminate/Pipeline/Pipeline.php(183): Illuminate\\Foundation\\Http\\Middleware\\ValidatePostSize->handle()
#34 /home/saai/Documents/Projects/CGTA-CLUB/vendor/laravel/framework/src/Illuminate/Foundation/Http/Middleware/PreventRequestsDuringMaintenance.php(99): Illuminate\\Pipeline\\Pipeline->Illuminate\\Pipeline\\{closure}()
#35 /home/saai/Documents/Projects/CGTA-CLUB/vendor/laravel/framework/src/Illuminate/Pipeline/Pipeline.php(183): Illuminate\\Foundation\\Http\\Middleware\\PreventRequestsDuringMaintenance->handle()
#36 /home/saai/Documents/Projects/CGTA-CLUB/vendor/laravel/framework/src/Illuminate/Http/Middleware/HandleCors.php(49): Illuminate\\Pipeline\\Pipeline->Illuminate\\Pipeline\\{closure}()
#37 /home/saai/Documents/Projects/CGTA-CLUB/vendor/laravel/framework/src/Illuminate/Pipeline/Pipeline.php(183): Illuminate\\Http\\Middleware\\HandleCors->handle()
#38 /home/saai/Documents/Projects/CGTA-CLUB/vendor/laravel/framework/src/Illuminate/Http/Middleware/TrustProxies.php(39): Illuminate\\Pipeline\\Pipeline->Illuminate\\Pipeline\\{closure}()
#39 /home/saai/Documents/Projects/CGTA-CLUB/vendor/laravel/framework/src/Illuminate/Pipeline/Pipeline.php(183): Illuminate\\Http\\Middleware\\TrustProxies->handle()
#40 /home/saai/Documents/Projects/CGTA-CLUB/vendor/laravel/framework/src/Illuminate/Pipeline/Pipeline.php(119): Illuminate\\Pipeline\\Pipeline->Illuminate\\Pipeline\\{closure}()
#41 /home/saai/Documents/Projects/CGTA-CLUB/vendor/laravel/framework/src/Illuminate/Foundation/Http/Kernel.php(175): Illuminate\\Pipeline\\Pipeline->then()
#42 /home/saai/Documents/Projects/CGTA-CLUB/vendor/laravel/framework/src/Illuminate/Foundation/Http/Kernel.php(144): Illuminate\\Foundation\\Http\\Kernel->sendRequestThroughRouter()
#43 /home/saai/Documents/Projects/CGTA-CLUB/public/index.php(51): Illuminate\\Foundation\\Http\\Kernel->handle()
#44 /home/saai/Documents/Projects/CGTA-CLUB/vendor/laravel/framework/src/Illuminate/Foundation/resources/server.php(16): require_once('...')
#45 {main}
"} 
[2025-01-15 13:06:34] local.ERROR: No application encryption key has been specified. {"exception":"[object] (Illuminate\\Encryption\\MissingAppKeyException(code: 0): No application encryption key has been specified. at /home/saai/Documents/Projects/CGTA-CLUB/vendor/laravel/framework/src/Illuminate/Encryption/EncryptionServiceProvider.php:79)
[stacktrace]
#0 /home/saai/Documents/Projects/CGTA-CLUB/vendor/laravel/framework/src/Illuminate/Support/helpers.php(307): Illuminate\\Encryption\\EncryptionServiceProvider->Illuminate\\Encryption\\{closure}()
#1 /home/saai/Documents/Projects/CGTA-CLUB/vendor/laravel/framework/src/Illuminate/Encryption/EncryptionServiceProvider.php(77): tap()
#2 /home/saai/Documents/Projects/CGTA-CLUB/vendor/laravel/framework/src/Illuminate/Encryption/EncryptionServiceProvider.php(60): Illuminate\\Encryption\\EncryptionServiceProvider->key()
#3 /home/saai/Documents/Projects/CGTA-CLUB/vendor/laravel/framework/src/Illuminate/Encryption/EncryptionServiceProvider.php(32): Illuminate\\Encryption\\EncryptionServiceProvider->parseKey()
#4 /home/saai/Documents/Projects/CGTA-CLUB/vendor/laravel/framework/src/Illuminate/Container/Container.php(908): Illuminate\\Encryption\\EncryptionServiceProvider->Illuminate\\Encryption\\{closure}()
#5 /home/saai/Documents/Projects/CGTA-CLUB/vendor/laravel/framework/src/Illuminate/Container/Container.php(795): Illuminate\\Container\\Container->build()
#6 /home/saai/Documents/Projects/CGTA-CLUB/vendor/laravel/framework/src/Illuminate/Foundation/Application.php(961): Illuminate\\Container\\Container->resolve()
#7 /home/saai/Documents/Projects/CGTA-CLUB/vendor/laravel/framework/src/Illuminate/Container/Container.php(731): Illuminate\\Foundation\\Application->resolve()
#8 /home/saai/Documents/Projects/CGTA-CLUB/vendor/laravel/framework/src/Illuminate/Foundation/Application.php(946): Illuminate\\Container\\Container->make()
#9 /home/saai/Documents/Projects/CGTA-CLUB/vendor/laravel/framework/src/Illuminate/Container/Container.php(1066): Illuminate\\Foundation\\Application->make()
#10 /home/saai/Documents/Projects/CGTA-CLUB/vendor/laravel/framework/src/Illuminate/Container/Container.php(982): Illuminate\\Container\\Container->resolveClass()
#11 /home/saai/Documents/Projects/CGTA-CLUB/vendor/laravel/framework/src/Illuminate/Container/Container.php(943): Illuminate\\Container\\Container->resolveDependencies()
#12 /home/saai/Documents/Projects/CGTA-CLUB/vendor/laravel/framework/src/Illuminate/Container/Container.php(795): Illuminate\\Container\\Container->build()
#13 /home/saai/Documents/Projects/CGTA-CLUB/vendor/laravel/framework/src/Illuminate/Foundation/Application.php(961): Illuminate\\Container\\Container->resolve()
#14 /home/saai/Documents/Projects/CGTA-CLUB/vendor/laravel/framework/src/Illuminate/Container/Container.php(731): Illuminate\\Foundation\\Application->resolve()
#15 /home/saai/Documents/Projects/CGTA-CLUB/vendor/laravel/framework/src/Illuminate/Foundation/Application.php(946): Illuminate\\Container\\Container->make()
#16 /home/saai/Documents/Projects/CGTA-CLUB/vendor/laravel/framework/src/Illuminate/Foundation/Http/Kernel.php(255): Illuminate\\Foundation\\Application->make()
#17 /home/saai/Documents/Projects/CGTA-CLUB/vendor/laravel/framework/src/Illuminate/Foundation/Http/Kernel.php(213): Illuminate\\Foundation\\Http\\Kernel->terminateMiddleware()
#18 /home/saai/Documents/Projects/CGTA-CLUB/public/index.php(55): Illuminate\\Foundation\\Http\\Kernel->terminate()
#19 /home/saai/Documents/Projects/CGTA-CLUB/vendor/laravel/framework/src/Illuminate/Foundation/resources/server.php(16): require_once('...')
#20 {main}
"} 
[2025-01-15 13:07:25] local.ERROR: No application encryption key has been specified. {"exception":"[object] (Illuminate\\Encryption\\MissingAppKeyException(code: 0): No application encryption key has been specified. at /home/saai/Documents/Projects/CGTA-CLUB/vendor/laravel/framework/src/Illuminate/Encryption/EncryptionServiceProvider.php:79)
[stacktrace]
#0 /home/saai/Documents/Projects/CGTA-CLUB/vendor/laravel/framework/src/Illuminate/Support/helpers.php(307): Illuminate\\Encryption\\EncryptionServiceProvider->Illuminate\\Encryption\\{closure}()
#1 /home/saai/Documents/Projects/CGTA-CLUB/vendor/laravel/framework/src/Illuminate/Encryption/EncryptionServiceProvider.php(77): tap()
#2 /home/saai/Documents/Projects/CGTA-CLUB/vendor/laravel/framework/src/Illuminate/Encryption/EncryptionServiceProvider.php(60): Illuminate\\Encryption\\EncryptionServiceProvider->key()
#3 /home/saai/Documents/Projects/CGTA-CLUB/vendor/laravel/framework/src/Illuminate/Encryption/EncryptionServiceProvider.php(32): Illuminate\\Encryption\\EncryptionServiceProvider->parseKey()
#4 /home/saai/Documents/Projects/CGTA-CLUB/vendor/laravel/framework/src/Illuminate/Container/Container.php(908): Illuminate\\Encryption\\EncryptionServiceProvider->Illuminate\\Encryption\\{closure}()
#5 /home/saai/Documents/Projects/CGTA-CLUB/vendor/laravel/framework/src/Illuminate/Container/Container.php(795): Illuminate\\Container\\Container->build()
#6 /home/saai/Documents/Projects/CGTA-CLUB/vendor/laravel/framework/src/Illuminate/Foundation/Application.php(961): Illuminate\\Container\\Container->resolve()
#7 /home/saai/Documents/Projects/CGTA-CLUB/vendor/laravel/framework/src/Illuminate/Container/Container.php(731): Illuminate\\Foundation\\Application->resolve()
#8 /home/saai/Documents/Projects/CGTA-CLUB/vendor/laravel/framework/src/Illuminate/Foundation/Application.php(946): Illuminate\\Container\\Container->make()
#9 /home/saai/Documents/Projects/CGTA-CLUB/vendor/laravel/framework/src/Illuminate/Container/Container.php(1066): Illuminate\\Foundation\\Application->make()
#10 /home/saai/Documents/Projects/CGTA-CLUB/vendor/laravel/framework/src/Illuminate/Container/Container.php(982): Illuminate\\Container\\Container->resolveClass()
#11 /home/saai/Documents/Projects/CGTA-CLUB/vendor/laravel/framework/src/Illuminate/Container/Container.php(943): Illuminate\\Container\\Container->resolveDependencies()
#12 /home/saai/Documents/Projects/CGTA-CLUB/vendor/laravel/framework/src/Illuminate/Container/Container.php(795): Illuminate\\Container\\Container->build()
#13 /home/saai/Documents/Projects/CGTA-CLUB/vendor/laravel/framework/src/Illuminate/Foundation/Application.php(961): Illuminate\\Container\\Container->resolve()
#14 /home/saai/Documents/Projects/CGTA-CLUB/vendor/laravel/framework/src/Illuminate/Container/Container.php(731): Illuminate\\Foundation\\Application->resolve()
#15 /home/saai/Documents/Projects/CGTA-CLUB/vendor/laravel/framework/src/Illuminate/Foundation/Application.php(946): Illuminate\\Container\\Container->make()
#16 /home/saai/Documents/Projects/CGTA-CLUB/vendor/laravel/framework/src/Illuminate/Pipeline/Pipeline.php(172): Illuminate\\Foundation\\Application->make()
#17 /home/saai/Documents/Projects/CGTA-CLUB/vendor/laravel/framework/src/Illuminate/Pipeline/Pipeline.php(119): Illuminate\\Pipeline\\Pipeline->Illuminate\\Pipeline\\{closure}()
#18 /home/saai/Documents/Projects/CGTA-CLUB/vendor/laravel/framework/src/Illuminate/Routing/Router.php(805): Illuminate\\Pipeline\\Pipeline->then()
#19 /home/saai/Documents/Projects/CGTA-CLUB/vendor/laravel/framework/src/Illuminate/Routing/Router.php(784): Illuminate\\Routing\\Router->runRouteWithinStack()
#20 /home/saai/Documents/Projects/CGTA-CLUB/vendor/laravel/framework/src/Illuminate/Routing/Router.php(748): Illuminate\\Routing\\Router->runRoute()
#21 /home/saai/Documents/Projects/CGTA-CLUB/vendor/laravel/framework/src/Illuminate/Routing/Router.php(737): Illuminate\\Routing\\Router->dispatchToRoute()
#22 /home/saai/Documents/Projects/CGTA-CLUB/vendor/laravel/framework/src/Illuminate/Foundation/Http/Kernel.php(200): Illuminate\\Routing\\Router->dispatch()
#23 /home/saai/Documents/Projects/CGTA-CLUB/vendor/laravel/framework/src/Illuminate/Pipeline/Pipeline.php(144): Illuminate\\Foundation\\Http\\Kernel->Illuminate\\Foundation\\Http\\{closure}()
#24 /home/saai/Documents/Projects/CGTA-CLUB/vendor/livewire/livewire/src/Features/SupportDisablingBackButtonCache/DisableBackButtonCacheMiddleware.php(19): Illuminate\\Pipeline\\Pipeline->Illuminate\\Pipeline\\{closure}()
#25 /home/saai/Documents/Projects/CGTA-CLUB/vendor/laravel/framework/src/Illuminate/Pipeline/Pipeline.php(183): Livewire\\Features\\SupportDisablingBackButtonCache\\DisableBackButtonCacheMiddleware->handle()
#26 /home/saai/Documents/Projects/CGTA-CLUB/vendor/laravel/framework/src/Illuminate/Foundation/Http/Middleware/TransformsRequest.php(21): Illuminate\\Pipeline\\Pipeline->Illuminate\\Pipeline\\{closure}()
#27 /home/saai/Documents/Projects/CGTA-CLUB/vendor/laravel/framework/src/Illuminate/Foundation/Http/Middleware/ConvertEmptyStringsToNull.php(31): Illuminate\\Foundation\\Http\\Middleware\\TransformsRequest->handle()
#28 /home/saai/Documents/Projects/CGTA-CLUB/vendor/laravel/framework/src/Illuminate/Pipeline/Pipeline.php(183): Illuminate\\Foundation\\Http\\Middleware\\ConvertEmptyStringsToNull->handle()
#29 /home/saai/Documents/Projects/CGTA-CLUB/vendor/laravel/framework/src/Illuminate/Foundation/Http/Middleware/TransformsRequest.php(21): Illuminate\\Pipeline\\Pipeline->Illuminate\\Pipeline\\{closure}()
#30 /home/saai/Documents/Projects/CGTA-CLUB/vendor/laravel/framework/src/Illuminate/Foundation/Http/Middleware/TrimStrings.php(40): Illuminate\\Foundation\\Http\\Middleware\\TransformsRequest->handle()
#31 /home/saai/Documents/Projects/CGTA-CLUB/vendor/laravel/framework/src/Illuminate/Pipeline/Pipeline.php(183): Illuminate\\Foundation\\Http\\Middleware\\TrimStrings->handle()
#32 /home/saai/Documents/Projects/CGTA-CLUB/vendor/laravel/framework/src/Illuminate/Foundation/Http/Middleware/ValidatePostSize.php(27): Illuminate\\Pipeline\\Pipeline->Illuminate\\Pipeline\\{closure}()
#33 /home/saai/Documents/Projects/CGTA-CLUB/vendor/laravel/framework/src/Illuminate/Pipeline/Pipeline.php(183): Illuminate\\Foundation\\Http\\Middleware\\ValidatePostSize->handle()
#34 /home/saai/Documents/Projects/CGTA-CLUB/vendor/laravel/framework/src/Illuminate/Foundation/Http/Middleware/PreventRequestsDuringMaintenance.php(99): Illuminate\\Pipeline\\Pipeline->Illuminate\\Pipeline\\{closure}()
#35 /home/saai/Documents/Projects/CGTA-CLUB/vendor/laravel/framework/src/Illuminate/Pipeline/Pipeline.php(183): Illuminate\\Foundation\\Http\\Middleware\\PreventRequestsDuringMaintenance->handle()
#36 /home/saai/Documents/Projects/CGTA-CLUB/vendor/laravel/framework/src/Illuminate/Http/Middleware/HandleCors.php(49): Illuminate\\Pipeline\\Pipeline->Illuminate\\Pipeline\\{closure}()
#37 /home/saai/Documents/Projects/CGTA-CLUB/vendor/laravel/framework/src/Illuminate/Pipeline/Pipeline.php(183): Illuminate\\Http\\Middleware\\HandleCors->handle()
#38 /home/saai/Documents/Projects/CGTA-CLUB/vendor/laravel/framework/src/Illuminate/Http/Middleware/TrustProxies.php(39): Illuminate\\Pipeline\\Pipeline->Illuminate\\Pipeline\\{closure}()
#39 /home/saai/Documents/Projects/CGTA-CLUB/vendor/laravel/framework/src/Illuminate/Pipeline/Pipeline.php(183): Illuminate\\Http\\Middleware\\TrustProxies->handle()
#40 /home/saai/Documents/Projects/CGTA-CLUB/vendor/laravel/framework/src/Illuminate/Pipeline/Pipeline.php(119): Illuminate\\Pipeline\\Pipeline->Illuminate\\Pipeline\\{closure}()
#41 /home/saai/Documents/Projects/CGTA-CLUB/vendor/laravel/framework/src/Illuminate/Foundation/Http/Kernel.php(175): Illuminate\\Pipeline\\Pipeline->then()
#42 /home/saai/Documents/Projects/CGTA-CLUB/vendor/laravel/framework/src/Illuminate/Foundation/Http/Kernel.php(144): Illuminate\\Foundation\\Http\\Kernel->sendRequestThroughRouter()
#43 /home/saai/Documents/Projects/CGTA-CLUB/public/index.php(51): Illuminate\\Foundation\\Http\\Kernel->handle()
#44 /home/saai/Documents/Projects/CGTA-CLUB/vendor/laravel/framework/src/Illuminate/Foundation/resources/server.php(16): require_once('...')
#45 {main}
"} 
[2025-01-15 13:07:25] local.ERROR: No application encryption key has been specified. {"exception":"[object] (Illuminate\\Encryption\\MissingAppKeyException(code: 0): No application encryption key has been specified. at /home/saai/Documents/Projects/CGTA-CLUB/vendor/laravel/framework/src/Illuminate/Encryption/EncryptionServiceProvider.php:79)
[stacktrace]
#0 /home/saai/Documents/Projects/CGTA-CLUB/vendor/laravel/framework/src/Illuminate/Support/helpers.php(307): Illuminate\\Encryption\\EncryptionServiceProvider->Illuminate\\Encryption\\{closure}()
#1 /home/saai/Documents/Projects/CGTA-CLUB/vendor/laravel/framework/src/Illuminate/Encryption/EncryptionServiceProvider.php(77): tap()
#2 /home/saai/Documents/Projects/CGTA-CLUB/vendor/laravel/framework/src/Illuminate/Encryption/EncryptionServiceProvider.php(60): Illuminate\\Encryption\\EncryptionServiceProvider->key()
#3 /home/saai/Documents/Projects/CGTA-CLUB/vendor/laravel/framework/src/Illuminate/Encryption/EncryptionServiceProvider.php(32): Illuminate\\Encryption\\EncryptionServiceProvider->parseKey()
#4 /home/saai/Documents/Projects/CGTA-CLUB/vendor/laravel/framework/src/Illuminate/Container/Container.php(908): Illuminate\\Encryption\\EncryptionServiceProvider->Illuminate\\Encryption\\{closure}()
#5 /home/saai/Documents/Projects/CGTA-CLUB/vendor/laravel/framework/src/Illuminate/Container/Container.php(795): Illuminate\\Container\\Container->build()
#6 /home/saai/Documents/Projects/CGTA-CLUB/vendor/laravel/framework/src/Illuminate/Foundation/Application.php(961): Illuminate\\Container\\Container->resolve()
#7 /home/saai/Documents/Projects/CGTA-CLUB/vendor/laravel/framework/src/Illuminate/Container/Container.php(731): Illuminate\\Foundation\\Application->resolve()
#8 /home/saai/Documents/Projects/CGTA-CLUB/vendor/laravel/framework/src/Illuminate/Foundation/Application.php(946): Illuminate\\Container\\Container->make()
#9 /home/saai/Documents/Projects/CGTA-CLUB/vendor/laravel/framework/src/Illuminate/Container/Container.php(1066): Illuminate\\Foundation\\Application->make()
#10 /home/saai/Documents/Projects/CGTA-CLUB/vendor/laravel/framework/src/Illuminate/Container/Container.php(982): Illuminate\\Container\\Container->resolveClass()
#11 /home/saai/Documents/Projects/CGTA-CLUB/vendor/laravel/framework/src/Illuminate/Container/Container.php(943): Illuminate\\Container\\Container->resolveDependencies()
#12 /home/saai/Documents/Projects/CGTA-CLUB/vendor/laravel/framework/src/Illuminate/Container/Container.php(795): Illuminate\\Container\\Container->build()
#13 /home/saai/Documents/Projects/CGTA-CLUB/vendor/laravel/framework/src/Illuminate/Foundation/Application.php(961): Illuminate\\Container\\Container->resolve()
#14 /home/saai/Documents/Projects/CGTA-CLUB/vendor/laravel/framework/src/Illuminate/Container/Container.php(731): Illuminate\\Foundation\\Application->resolve()
#15 /home/saai/Documents/Projects/CGTA-CLUB/vendor/laravel/framework/src/Illuminate/Foundation/Application.php(946): Illuminate\\Container\\Container->make()
#16 /home/saai/Documents/Projects/CGTA-CLUB/vendor/laravel/framework/src/Illuminate/Foundation/Http/Kernel.php(255): Illuminate\\Foundation\\Application->make()
#17 /home/saai/Documents/Projects/CGTA-CLUB/vendor/laravel/framework/src/Illuminate/Foundation/Http/Kernel.php(213): Illuminate\\Foundation\\Http\\Kernel->terminateMiddleware()
#18 /home/saai/Documents/Projects/CGTA-CLUB/public/index.php(55): Illuminate\\Foundation\\Http\\Kernel->terminate()
#19 /home/saai/Documents/Projects/CGTA-CLUB/vendor/laravel/framework/src/Illuminate/Foundation/resources/server.php(16): require_once('...')
#20 {main}
"} 
[2025-01-15 13:07:31] local.ERROR: No application encryption key has been specified. {"exception":"[object] (Illuminate\\Encryption\\MissingAppKeyException(code: 0): No application encryption key has been specified. at /home/saai/Documents/Projects/CGTA-CLUB/vendor/laravel/framework/src/Illuminate/Encryption/EncryptionServiceProvider.php:79)
[stacktrace]
#0 /home/saai/Documents/Projects/CGTA-CLUB/vendor/laravel/framework/src/Illuminate/Support/helpers.php(307): Illuminate\\Encryption\\EncryptionServiceProvider->Illuminate\\Encryption\\{closure}()
#1 /home/saai/Documents/Projects/CGTA-CLUB/vendor/laravel/framework/src/Illuminate/Encryption/EncryptionServiceProvider.php(77): tap()
#2 /home/saai/Documents/Projects/CGTA-CLUB/vendor/laravel/framework/src/Illuminate/Encryption/EncryptionServiceProvider.php(60): Illuminate\\Encryption\\EncryptionServiceProvider->key()
#3 /home/saai/Documents/Projects/CGTA-CLUB/vendor/laravel/framework/src/Illuminate/Encryption/EncryptionServiceProvider.php(32): Illuminate\\Encryption\\EncryptionServiceProvider->parseKey()
#4 /home/saai/Documents/Projects/CGTA-CLUB/vendor/laravel/framework/src/Illuminate/Container/Container.php(908): Illuminate\\Encryption\\EncryptionServiceProvider->Illuminate\\Encryption\\{closure}()
#5 /home/saai/Documents/Projects/CGTA-CLUB/vendor/laravel/framework/src/Illuminate/Container/Container.php(795): Illuminate\\Container\\Container->build()
#6 /home/saai/Documents/Projects/CGTA-CLUB/vendor/laravel/framework/src/Illuminate/Foundation/Application.php(961): Illuminate\\Container\\Container->resolve()
#7 /home/saai/Documents/Projects/CGTA-CLUB/vendor/laravel/framework/src/Illuminate/Container/Container.php(731): Illuminate\\Foundation\\Application->resolve()
#8 /home/saai/Documents/Projects/CGTA-CLUB/vendor/laravel/framework/src/Illuminate/Foundation/Application.php(946): Illuminate\\Container\\Container->make()
#9 /home/saai/Documents/Projects/CGTA-CLUB/vendor/laravel/framework/src/Illuminate/Container/Container.php(1066): Illuminate\\Foundation\\Application->make()
#10 /home/saai/Documents/Projects/CGTA-CLUB/vendor/laravel/framework/src/Illuminate/Container/Container.php(982): Illuminate\\Container\\Container->resolveClass()
#11 /home/saai/Documents/Projects/CGTA-CLUB/vendor/laravel/framework/src/Illuminate/Container/Container.php(943): Illuminate\\Container\\Container->resolveDependencies()
#12 /home/saai/Documents/Projects/CGTA-CLUB/vendor/laravel/framework/src/Illuminate/Container/Container.php(795): Illuminate\\Container\\Container->build()
#13 /home/saai/Documents/Projects/CGTA-CLUB/vendor/laravel/framework/src/Illuminate/Foundation/Application.php(961): Illuminate\\Container\\Container->resolve()
#14 /home/saai/Documents/Projects/CGTA-CLUB/vendor/laravel/framework/src/Illuminate/Container/Container.php(731): Illuminate\\Foundation\\Application->resolve()
#15 /home/saai/Documents/Projects/CGTA-CLUB/vendor/laravel/framework/src/Illuminate/Foundation/Application.php(946): Illuminate\\Container\\Container->make()
#16 /home/saai/Documents/Projects/CGTA-CLUB/vendor/laravel/framework/src/Illuminate/Pipeline/Pipeline.php(172): Illuminate\\Foundation\\Application->make()
#17 /home/saai/Documents/Projects/CGTA-CLUB/vendor/laravel/framework/src/Illuminate/Pipeline/Pipeline.php(119): Illuminate\\Pipeline\\Pipeline->Illuminate\\Pipeline\\{closure}()
#18 /home/saai/Documents/Projects/CGTA-CLUB/vendor/laravel/framework/src/Illuminate/Routing/Router.php(805): Illuminate\\Pipeline\\Pipeline->then()
#19 /home/saai/Documents/Projects/CGTA-CLUB/vendor/laravel/framework/src/Illuminate/Routing/Router.php(784): Illuminate\\Routing\\Router->runRouteWithinStack()
#20 /home/saai/Documents/Projects/CGTA-CLUB/vendor/laravel/framework/src/Illuminate/Routing/Router.php(748): Illuminate\\Routing\\Router->runRoute()
#21 /home/saai/Documents/Projects/CGTA-CLUB/vendor/laravel/framework/src/Illuminate/Routing/Router.php(737): Illuminate\\Routing\\Router->dispatchToRoute()
#22 /home/saai/Documents/Projects/CGTA-CLUB/vendor/laravel/framework/src/Illuminate/Foundation/Http/Kernel.php(200): Illuminate\\Routing\\Router->dispatch()
#23 /home/saai/Documents/Projects/CGTA-CLUB/vendor/laravel/framework/src/Illuminate/Pipeline/Pipeline.php(144): Illuminate\\Foundation\\Http\\Kernel->Illuminate\\Foundation\\Http\\{closure}()
#24 /home/saai/Documents/Projects/CGTA-CLUB/vendor/livewire/livewire/src/Features/SupportDisablingBackButtonCache/DisableBackButtonCacheMiddleware.php(19): Illuminate\\Pipeline\\Pipeline->Illuminate\\Pipeline\\{closure}()
#25 /home/saai/Documents/Projects/CGTA-CLUB/vendor/laravel/framework/src/Illuminate/Pipeline/Pipeline.php(183): Livewire\\Features\\SupportDisablingBackButtonCache\\DisableBackButtonCacheMiddleware->handle()
#26 /home/saai/Documents/Projects/CGTA-CLUB/vendor/laravel/framework/src/Illuminate/Foundation/Http/Middleware/TransformsRequest.php(21): Illuminate\\Pipeline\\Pipeline->Illuminate\\Pipeline\\{closure}()
#27 /home/saai/Documents/Projects/CGTA-CLUB/vendor/laravel/framework/src/Illuminate/Foundation/Http/Middleware/ConvertEmptyStringsToNull.php(31): Illuminate\\Foundation\\Http\\Middleware\\TransformsRequest->handle()
#28 /home/saai/Documents/Projects/CGTA-CLUB/vendor/laravel/framework/src/Illuminate/Pipeline/Pipeline.php(183): Illuminate\\Foundation\\Http\\Middleware\\ConvertEmptyStringsToNull->handle()
#29 /home/saai/Documents/Projects/CGTA-CLUB/vendor/laravel/framework/src/Illuminate/Foundation/Http/Middleware/TransformsRequest.php(21): Illuminate\\Pipeline\\Pipeline->Illuminate\\Pipeline\\{closure}()
#30 /home/saai/Documents/Projects/CGTA-CLUB/vendor/laravel/framework/src/Illuminate/Foundation/Http/Middleware/TrimStrings.php(40): Illuminate\\Foundation\\Http\\Middleware\\TransformsRequest->handle()
#31 /home/saai/Documents/Projects/CGTA-CLUB/vendor/laravel/framework/src/Illuminate/Pipeline/Pipeline.php(183): Illuminate\\Foundation\\Http\\Middleware\\TrimStrings->handle()
#32 /home/saai/Documents/Projects/CGTA-CLUB/vendor/laravel/framework/src/Illuminate/Foundation/Http/Middleware/ValidatePostSize.php(27): Illuminate\\Pipeline\\Pipeline->Illuminate\\Pipeline\\{closure}()
#33 /home/saai/Documents/Projects/CGTA-CLUB/vendor/laravel/framework/src/Illuminate/Pipeline/Pipeline.php(183): Illuminate\\Foundation\\Http\\Middleware\\ValidatePostSize->handle()
#34 /home/saai/Documents/Projects/CGTA-CLUB/vendor/laravel/framework/src/Illuminate/Foundation/Http/Middleware/PreventRequestsDuringMaintenance.php(99): Illuminate\\Pipeline\\Pipeline->Illuminate\\Pipeline\\{closure}()
#35 /home/saai/Documents/Projects/CGTA-CLUB/vendor/laravel/framework/src/Illuminate/Pipeline/Pipeline.php(183): Illuminate\\Foundation\\Http\\Middleware\\PreventRequestsDuringMaintenance->handle()
#36 /home/saai/Documents/Projects/CGTA-CLUB/vendor/laravel/framework/src/Illuminate/Http/Middleware/HandleCors.php(49): Illuminate\\Pipeline\\Pipeline->Illuminate\\Pipeline\\{closure}()
#37 /home/saai/Documents/Projects/CGTA-CLUB/vendor/laravel/framework/src/Illuminate/Pipeline/Pipeline.php(183): Illuminate\\Http\\Middleware\\HandleCors->handle()
#38 /home/saai/Documents/Projects/CGTA-CLUB/vendor/laravel/framework/src/Illuminate/Http/Middleware/TrustProxies.php(39): Illuminate\\Pipeline\\Pipeline->Illuminate\\Pipeline\\{closure}()
#39 /home/saai/Documents/Projects/CGTA-CLUB/vendor/laravel/framework/src/Illuminate/Pipeline/Pipeline.php(183): Illuminate\\Http\\Middleware\\TrustProxies->handle()
#40 /home/saai/Documents/Projects/CGTA-CLUB/vendor/laravel/framework/src/Illuminate/Pipeline/Pipeline.php(119): Illuminate\\Pipeline\\Pipeline->Illuminate\\Pipeline\\{closure}()
#41 /home/saai/Documents/Projects/CGTA-CLUB/vendor/laravel/framework/src/Illuminate/Foundation/Http/Kernel.php(175): Illuminate\\Pipeline\\Pipeline->then()
#42 /home/saai/Documents/Projects/CGTA-CLUB/vendor/laravel/framework/src/Illuminate/Foundation/Http/Kernel.php(144): Illuminate\\Foundation\\Http\\Kernel->sendRequestThroughRouter()
#43 /home/saai/Documents/Projects/CGTA-CLUB/public/index.php(51): Illuminate\\Foundation\\Http\\Kernel->handle()
#44 /home/saai/Documents/Projects/CGTA-CLUB/vendor/laravel/framework/src/Illuminate/Foundation/resources/server.php(16): require_once('...')
#45 {main}
"} 
[2025-01-15 13:07:31] local.ERROR: No application encryption key has been specified. {"exception":"[object] (Illuminate\\Encryption\\MissingAppKeyException(code: 0): No application encryption key has been specified. at /home/saai/Documents/Projects/CGTA-CLUB/vendor/laravel/framework/src/Illuminate/Encryption/EncryptionServiceProvider.php:79)
[stacktrace]
#0 /home/saai/Documents/Projects/CGTA-CLUB/vendor/laravel/framework/src/Illuminate/Support/helpers.php(307): Illuminate\\Encryption\\EncryptionServiceProvider->Illuminate\\Encryption\\{closure}()
#1 /home/saai/Documents/Projects/CGTA-CLUB/vendor/laravel/framework/src/Illuminate/Encryption/EncryptionServiceProvider.php(77): tap()
#2 /home/saai/Documents/Projects/CGTA-CLUB/vendor/laravel/framework/src/Illuminate/Encryption/EncryptionServiceProvider.php(60): Illuminate\\Encryption\\EncryptionServiceProvider->key()
#3 /home/saai/Documents/Projects/CGTA-CLUB/vendor/laravel/framework/src/Illuminate/Encryption/EncryptionServiceProvider.php(32): Illuminate\\Encryption\\EncryptionServiceProvider->parseKey()
#4 /home/saai/Documents/Projects/CGTA-CLUB/vendor/laravel/framework/src/Illuminate/Container/Container.php(908): Illuminate\\Encryption\\EncryptionServiceProvider->Illuminate\\Encryption\\{closure}()
#5 /home/saai/Documents/Projects/CGTA-CLUB/vendor/laravel/framework/src/Illuminate/Container/Container.php(795): Illuminate\\Container\\Container->build()
#6 /home/saai/Documents/Projects/CGTA-CLUB/vendor/laravel/framework/src/Illuminate/Foundation/Application.php(961): Illuminate\\Container\\Container->resolve()
#7 /home/saai/Documents/Projects/CGTA-CLUB/vendor/laravel/framework/src/Illuminate/Container/Container.php(731): Illuminate\\Foundation\\Application->resolve()
#8 /home/saai/Documents/Projects/CGTA-CLUB/vendor/laravel/framework/src/Illuminate/Foundation/Application.php(946): Illuminate\\Container\\Container->make()
#9 /home/saai/Documents/Projects/CGTA-CLUB/vendor/laravel/framework/src/Illuminate/Container/Container.php(1066): Illuminate\\Foundation\\Application->make()
#10 /home/saai/Documents/Projects/CGTA-CLUB/vendor/laravel/framework/src/Illuminate/Container/Container.php(982): Illuminate\\Container\\Container->resolveClass()
#11 /home/saai/Documents/Projects/CGTA-CLUB/vendor/laravel/framework/src/Illuminate/Container/Container.php(943): Illuminate\\Container\\Container->resolveDependencies()
#12 /home/saai/Documents/Projects/CGTA-CLUB/vendor/laravel/framework/src/Illuminate/Container/Container.php(795): Illuminate\\Container\\Container->build()
#13 /home/saai/Documents/Projects/CGTA-CLUB/vendor/laravel/framework/src/Illuminate/Foundation/Application.php(961): Illuminate\\Container\\Container->resolve()
#14 /home/saai/Documents/Projects/CGTA-CLUB/vendor/laravel/framework/src/Illuminate/Container/Container.php(731): Illuminate\\Foundation\\Application->resolve()
#15 /home/saai/Documents/Projects/CGTA-CLUB/vendor/laravel/framework/src/Illuminate/Foundation/Application.php(946): Illuminate\\Container\\Container->make()
#16 /home/saai/Documents/Projects/CGTA-CLUB/vendor/laravel/framework/src/Illuminate/Pipeline/Pipeline.php(172): Illuminate\\Foundation\\Application->make()
#17 /home/saai/Documents/Projects/CGTA-CLUB/vendor/laravel/framework/src/Illuminate/Pipeline/Pipeline.php(119): Illuminate\\Pipeline\\Pipeline->Illuminate\\Pipeline\\{closure}()
#18 /home/saai/Documents/Projects/CGTA-CLUB/vendor/laravel/framework/src/Illuminate/Routing/Router.php(805): Illuminate\\Pipeline\\Pipeline->then()
#19 /home/saai/Documents/Projects/CGTA-CLUB/vendor/laravel/framework/src/Illuminate/Routing/Router.php(784): Illuminate\\Routing\\Router->runRouteWithinStack()
#20 /home/saai/Documents/Projects/CGTA-CLUB/vendor/laravel/framework/src/Illuminate/Routing/Router.php(748): Illuminate\\Routing\\Router->runRoute()
#21 /home/saai/Documents/Projects/CGTA-CLUB/vendor/laravel/framework/src/Illuminate/Routing/Router.php(737): Illuminate\\Routing\\Router->dispatchToRoute()
#22 /home/saai/Documents/Projects/CGTA-CLUB/vendor/laravel/framework/src/Illuminate/Foundation/Http/Kernel.php(200): Illuminate\\Routing\\Router->dispatch()
#23 /home/saai/Documents/Projects/CGTA-CLUB/vendor/laravel/framework/src/Illuminate/Pipeline/Pipeline.php(144): Illuminate\\Foundation\\Http\\Kernel->Illuminate\\Foundation\\Http\\{closure}()
#24 /home/saai/Documents/Projects/CGTA-CLUB/vendor/livewire/livewire/src/Features/SupportDisablingBackButtonCache/DisableBackButtonCacheMiddleware.php(19): Illuminate\\Pipeline\\Pipeline->Illuminate\\Pipeline\\{closure}()
#25 /home/saai/Documents/Projects/CGTA-CLUB/vendor/laravel/framework/src/Illuminate/Pipeline/Pipeline.php(183): Livewire\\Features\\SupportDisablingBackButtonCache\\DisableBackButtonCacheMiddleware->handle()
#26 /home/saai/Documents/Projects/CGTA-CLUB/vendor/laravel/framework/src/Illuminate/Foundation/Http/Middleware/TransformsRequest.php(21): Illuminate\\Pipeline\\Pipeline->Illuminate\\Pipeline\\{closure}()
#27 /home/saai/Documents/Projects/CGTA-CLUB/vendor/laravel/framework/src/Illuminate/Foundation/Http/Middleware/ConvertEmptyStringsToNull.php(31): Illuminate\\Foundation\\Http\\Middleware\\TransformsRequest->handle()
#28 /home/saai/Documents/Projects/CGTA-CLUB/vendor/laravel/framework/src/Illuminate/Pipeline/Pipeline.php(183): Illuminate\\Foundation\\Http\\Middleware\\ConvertEmptyStringsToNull->handle()
#29 /home/saai/Documents/Projects/CGTA-CLUB/vendor/laravel/framework/src/Illuminate/Foundation/Http/Middleware/TransformsRequest.php(21): Illuminate\\Pipeline\\Pipeline->Illuminate\\Pipeline\\{closure}()
#30 /home/saai/Documents/Projects/CGTA-CLUB/vendor/laravel/framework/src/Illuminate/Foundation/Http/Middleware/TrimStrings.php(40): Illuminate\\Foundation\\Http\\Middleware\\TransformsRequest->handle()
#31 /home/saai/Documents/Projects/CGTA-CLUB/vendor/laravel/framework/src/Illuminate/Pipeline/Pipeline.php(183): Illuminate\\Foundation\\Http\\Middleware\\TrimStrings->handle()
#32 /home/saai/Documents/Projects/CGTA-CLUB/vendor/laravel/framework/src/Illuminate/Foundation/Http/Middleware/ValidatePostSize.php(27): Illuminate\\Pipeline\\Pipeline->Illuminate\\Pipeline\\{closure}()
#33 /home/saai/Documents/Projects/CGTA-CLUB/vendor/laravel/framework/src/Illuminate/Pipeline/Pipeline.php(183): Illuminate\\Foundation\\Http\\Middleware\\ValidatePostSize->handle()
#34 /home/saai/Documents/Projects/CGTA-CLUB/vendor/laravel/framework/src/Illuminate/Foundation/Http/Middleware/PreventRequestsDuringMaintenance.php(99): Illuminate\\Pipeline\\Pipeline->Illuminate\\Pipeline\\{closure}()
#35 /home/saai/Documents/Projects/CGTA-CLUB/vendor/laravel/framework/src/Illuminate/Pipeline/Pipeline.php(183): Illuminate\\Foundation\\Http\\Middleware\\PreventRequestsDuringMaintenance->handle()
#36 /home/saai/Documents/Projects/CGTA-CLUB/vendor/laravel/framework/src/Illuminate/Http/Middleware/HandleCors.php(49): Illuminate\\Pipeline\\Pipeline->Illuminate\\Pipeline\\{closure}()
#37 /home/saai/Documents/Projects/CGTA-CLUB/vendor/laravel/framework/src/Illuminate/Pipeline/Pipeline.php(183): Illuminate\\Http\\Middleware\\HandleCors->handle()
#38 /home/saai/Documents/Projects/CGTA-CLUB/vendor/laravel/framework/src/Illuminate/Http/Middleware/TrustProxies.php(39): Illuminate\\Pipeline\\Pipeline->Illuminate\\Pipeline\\{closure}()
#39 /home/saai/Documents/Projects/CGTA-CLUB/vendor/laravel/framework/src/Illuminate/Pipeline/Pipeline.php(183): Illuminate\\Http\\Middleware\\TrustProxies->handle()
#40 /home/saai/Documents/Projects/CGTA-CLUB/vendor/laravel/framework/src/Illuminate/Pipeline/Pipeline.php(119): Illuminate\\Pipeline\\Pipeline->Illuminate\\Pipeline\\{closure}()
#41 /home/saai/Documents/Projects/CGTA-CLUB/vendor/laravel/framework/src/Illuminate/Foundation/Http/Kernel.php(175): Illuminate\\Pipeline\\Pipeline->then()
#42 /home/saai/Documents/Projects/CGTA-CLUB/vendor/laravel/framework/src/Illuminate/Foundation/Http/Kernel.php(144): Illuminate\\Foundation\\Http\\Kernel->sendRequestThroughRouter()
#43 /home/saai/Documents/Projects/CGTA-CLUB/public/index.php(51): Illuminate\\Foundation\\Http\\Kernel->handle()
#44 /home/saai/Documents/Projects/CGTA-CLUB/vendor/laravel/framework/src/Illuminate/Foundation/resources/server.php(16): require_once('...')
#45 {main}
"} 
[2025-01-15 13:07:31] local.ERROR: No application encryption key has been specified. {"exception":"[object] (Illuminate\\Encryption\\MissingAppKeyException(code: 0): No application encryption key has been specified. at /home/saai/Documents/Projects/CGTA-CLUB/vendor/laravel/framework/src/Illuminate/Encryption/EncryptionServiceProvider.php:79)
[stacktrace]
#0 /home/saai/Documents/Projects/CGTA-CLUB/vendor/laravel/framework/src/Illuminate/Support/helpers.php(307): Illuminate\\Encryption\\EncryptionServiceProvider->Illuminate\\Encryption\\{closure}()
#1 /home/saai/Documents/Projects/CGTA-CLUB/vendor/laravel/framework/src/Illuminate/Encryption/EncryptionServiceProvider.php(77): tap()
#2 /home/saai/Documents/Projects/CGTA-CLUB/vendor/laravel/framework/src/Illuminate/Encryption/EncryptionServiceProvider.php(60): Illuminate\\Encryption\\EncryptionServiceProvider->key()
#3 /home/saai/Documents/Projects/CGTA-CLUB/vendor/laravel/framework/src/Illuminate/Encryption/EncryptionServiceProvider.php(32): Illuminate\\Encryption\\EncryptionServiceProvider->parseKey()
#4 /home/saai/Documents/Projects/CGTA-CLUB/vendor/laravel/framework/src/Illuminate/Container/Container.php(908): Illuminate\\Encryption\\EncryptionServiceProvider->Illuminate\\Encryption\\{closure}()
#5 /home/saai/Documents/Projects/CGTA-CLUB/vendor/laravel/framework/src/Illuminate/Container/Container.php(795): Illuminate\\Container\\Container->build()
#6 /home/saai/Documents/Projects/CGTA-CLUB/vendor/laravel/framework/src/Illuminate/Foundation/Application.php(961): Illuminate\\Container\\Container->resolve()
#7 /home/saai/Documents/Projects/CGTA-CLUB/vendor/laravel/framework/src/Illuminate/Container/Container.php(731): Illuminate\\Foundation\\Application->resolve()
#8 /home/saai/Documents/Projects/CGTA-CLUB/vendor/laravel/framework/src/Illuminate/Foundation/Application.php(946): Illuminate\\Container\\Container->make()
#9 /home/saai/Documents/Projects/CGTA-CLUB/vendor/laravel/framework/src/Illuminate/Container/Container.php(1066): Illuminate\\Foundation\\Application->make()
#10 /home/saai/Documents/Projects/CGTA-CLUB/vendor/laravel/framework/src/Illuminate/Container/Container.php(982): Illuminate\\Container\\Container->resolveClass()
#11 /home/saai/Documents/Projects/CGTA-CLUB/vendor/laravel/framework/src/Illuminate/Container/Container.php(943): Illuminate\\Container\\Container->resolveDependencies()
#12 /home/saai/Documents/Projects/CGTA-CLUB/vendor/laravel/framework/src/Illuminate/Container/Container.php(795): Illuminate\\Container\\Container->build()
#13 /home/saai/Documents/Projects/CGTA-CLUB/vendor/laravel/framework/src/Illuminate/Foundation/Application.php(961): Illuminate\\Container\\Container->resolve()
#14 /home/saai/Documents/Projects/CGTA-CLUB/vendor/laravel/framework/src/Illuminate/Container/Container.php(731): Illuminate\\Foundation\\Application->resolve()
#15 /home/saai/Documents/Projects/CGTA-CLUB/vendor/laravel/framework/src/Illuminate/Foundation/Application.php(946): Illuminate\\Container\\Container->make()
#16 /home/saai/Documents/Projects/CGTA-CLUB/vendor/laravel/framework/src/Illuminate/Foundation/Http/Kernel.php(255): Illuminate\\Foundation\\Application->make()
#17 /home/saai/Documents/Projects/CGTA-CLUB/vendor/laravel/framework/src/Illuminate/Foundation/Http/Kernel.php(213): Illuminate\\Foundation\\Http\\Kernel->terminateMiddleware()
#18 /home/saai/Documents/Projects/CGTA-CLUB/public/index.php(55): Illuminate\\Foundation\\Http\\Kernel->terminate()
#19 /home/saai/Documents/Projects/CGTA-CLUB/vendor/laravel/framework/src/Illuminate/Foundation/resources/server.php(16): require_once('...')
#20 {main}
"} 
[2025-01-15 13:07:35] local.ERROR: No application encryption key has been specified. {"exception":"[object] (Illuminate\\Encryption\\MissingAppKeyException(code: 0): No application encryption key has been specified. at /home/saai/Documents/Projects/CGTA-CLUB/vendor/laravel/framework/src/Illuminate/Encryption/EncryptionServiceProvider.php:79)
[stacktrace]
#0 /home/saai/Documents/Projects/CGTA-CLUB/vendor/laravel/framework/src/Illuminate/Support/helpers.php(307): Illuminate\\Encryption\\EncryptionServiceProvider->Illuminate\\Encryption\\{closure}()
#1 /home/saai/Documents/Projects/CGTA-CLUB/vendor/laravel/framework/src/Illuminate/Encryption/EncryptionServiceProvider.php(77): tap()
#2 /home/saai/Documents/Projects/CGTA-CLUB/vendor/laravel/framework/src/Illuminate/Encryption/EncryptionServiceProvider.php(60): Illuminate\\Encryption\\EncryptionServiceProvider->key()
#3 /home/saai/Documents/Projects/CGTA-CLUB/vendor/laravel/framework/src/Illuminate/Encryption/EncryptionServiceProvider.php(32): Illuminate\\Encryption\\EncryptionServiceProvider->parseKey()
#4 /home/saai/Documents/Projects/CGTA-CLUB/vendor/laravel/framework/src/Illuminate/Container/Container.php(908): Illuminate\\Encryption\\EncryptionServiceProvider->Illuminate\\Encryption\\{closure}()
#5 /home/saai/Documents/Projects/CGTA-CLUB/vendor/laravel/framework/src/Illuminate/Container/Container.php(795): Illuminate\\Container\\Container->build()
#6 /home/saai/Documents/Projects/CGTA-CLUB/vendor/laravel/framework/src/Illuminate/Foundation/Application.php(961): Illuminate\\Container\\Container->resolve()
#7 /home/saai/Documents/Projects/CGTA-CLUB/vendor/laravel/framework/src/Illuminate/Container/Container.php(731): Illuminate\\Foundation\\Application->resolve()
#8 /home/saai/Documents/Projects/CGTA-CLUB/vendor/laravel/framework/src/Illuminate/Foundation/Application.php(946): Illuminate\\Container\\Container->make()
#9 /home/saai/Documents/Projects/CGTA-CLUB/vendor/laravel/framework/src/Illuminate/Container/Container.php(1066): Illuminate\\Foundation\\Application->make()
#10 /home/saai/Documents/Projects/CGTA-CLUB/vendor/laravel/framework/src/Illuminate/Container/Container.php(982): Illuminate\\Container\\Container->resolveClass()
#11 /home/saai/Documents/Projects/CGTA-CLUB/vendor/laravel/framework/src/Illuminate/Container/Container.php(943): Illuminate\\Container\\Container->resolveDependencies()
#12 /home/saai/Documents/Projects/CGTA-CLUB/vendor/laravel/framework/src/Illuminate/Container/Container.php(795): Illuminate\\Container\\Container->build()
#13 /home/saai/Documents/Projects/CGTA-CLUB/vendor/laravel/framework/src/Illuminate/Foundation/Application.php(961): Illuminate\\Container\\Container->resolve()
#14 /home/saai/Documents/Projects/CGTA-CLUB/vendor/laravel/framework/src/Illuminate/Container/Container.php(731): Illuminate\\Foundation\\Application->resolve()
#15 /home/saai/Documents/Projects/CGTA-CLUB/vendor/laravel/framework/src/Illuminate/Foundation/Application.php(946): Illuminate\\Container\\Container->make()
#16 /home/saai/Documents/Projects/CGTA-CLUB/vendor/laravel/framework/src/Illuminate/Pipeline/Pipeline.php(172): Illuminate\\Foundation\\Application->make()
#17 /home/saai/Documents/Projects/CGTA-CLUB/vendor/laravel/framework/src/Illuminate/Pipeline/Pipeline.php(119): Illuminate\\Pipeline\\Pipeline->Illuminate\\Pipeline\\{closure}()
#18 /home/saai/Documents/Projects/CGTA-CLUB/vendor/laravel/framework/src/Illuminate/Routing/Router.php(805): Illuminate\\Pipeline\\Pipeline->then()
#19 /home/saai/Documents/Projects/CGTA-CLUB/vendor/laravel/framework/src/Illuminate/Routing/Router.php(784): Illuminate\\Routing\\Router->runRouteWithinStack()
#20 /home/saai/Documents/Projects/CGTA-CLUB/vendor/laravel/framework/src/Illuminate/Routing/Router.php(748): Illuminate\\Routing\\Router->runRoute()
#21 /home/saai/Documents/Projects/CGTA-CLUB/vendor/laravel/framework/src/Illuminate/Routing/Router.php(737): Illuminate\\Routing\\Router->dispatchToRoute()
#22 /home/saai/Documents/Projects/CGTA-CLUB/vendor/laravel/framework/src/Illuminate/Foundation/Http/Kernel.php(200): Illuminate\\Routing\\Router->dispatch()
#23 /home/saai/Documents/Projects/CGTA-CLUB/vendor/laravel/framework/src/Illuminate/Pipeline/Pipeline.php(144): Illuminate\\Foundation\\Http\\Kernel->Illuminate\\Foundation\\Http\\{closure}()
#24 /home/saai/Documents/Projects/CGTA-CLUB/vendor/livewire/livewire/src/Features/SupportDisablingBackButtonCache/DisableBackButtonCacheMiddleware.php(19): Illuminate\\Pipeline\\Pipeline->Illuminate\\Pipeline\\{closure}()
#25 /home/saai/Documents/Projects/CGTA-CLUB/vendor/laravel/framework/src/Illuminate/Pipeline/Pipeline.php(183): Livewire\\Features\\SupportDisablingBackButtonCache\\DisableBackButtonCacheMiddleware->handle()
#26 /home/saai/Documents/Projects/CGTA-CLUB/vendor/laravel/framework/src/Illuminate/Foundation/Http/Middleware/TransformsRequest.php(21): Illuminate\\Pipeline\\Pipeline->Illuminate\\Pipeline\\{closure}()
#27 /home/saai/Documents/Projects/CGTA-CLUB/vendor/laravel/framework/src/Illuminate/Foundation/Http/Middleware/ConvertEmptyStringsToNull.php(31): Illuminate\\Foundation\\Http\\Middleware\\TransformsRequest->handle()
#28 /home/saai/Documents/Projects/CGTA-CLUB/vendor/laravel/framework/src/Illuminate/Pipeline/Pipeline.php(183): Illuminate\\Foundation\\Http\\Middleware\\ConvertEmptyStringsToNull->handle()
#29 /home/saai/Documents/Projects/CGTA-CLUB/vendor/laravel/framework/src/Illuminate/Foundation/Http/Middleware/TransformsRequest.php(21): Illuminate\\Pipeline\\Pipeline->Illuminate\\Pipeline\\{closure}()
#30 /home/saai/Documents/Projects/CGTA-CLUB/vendor/laravel/framework/src/Illuminate/Foundation/Http/Middleware/TrimStrings.php(40): Illuminate\\Foundation\\Http\\Middleware\\TransformsRequest->handle()
#31 /home/saai/Documents/Projects/CGTA-CLUB/vendor/laravel/framework/src/Illuminate/Pipeline/Pipeline.php(183): Illuminate\\Foundation\\Http\\Middleware\\TrimStrings->handle()
#32 /home/saai/Documents/Projects/CGTA-CLUB/vendor/laravel/framework/src/Illuminate/Foundation/Http/Middleware/ValidatePostSize.php(27): Illuminate\\Pipeline\\Pipeline->Illuminate\\Pipeline\\{closure}()
#33 /home/saai/Documents/Projects/CGTA-CLUB/vendor/laravel/framework/src/Illuminate/Pipeline/Pipeline.php(183): Illuminate\\Foundation\\Http\\Middleware\\ValidatePostSize->handle()
#34 /home/saai/Documents/Projects/CGTA-CLUB/vendor/laravel/framework/src/Illuminate/Foundation/Http/Middleware/PreventRequestsDuringMaintenance.php(99): Illuminate\\Pipeline\\Pipeline->Illuminate\\Pipeline\\{closure}()
#35 /home/saai/Documents/Projects/CGTA-CLUB/vendor/laravel/framework/src/Illuminate/Pipeline/Pipeline.php(183): Illuminate\\Foundation\\Http\\Middleware\\PreventRequestsDuringMaintenance->handle()
#36 /home/saai/Documents/Projects/CGTA-CLUB/vendor/laravel/framework/src/Illuminate/Http/Middleware/HandleCors.php(49): Illuminate\\Pipeline\\Pipeline->Illuminate\\Pipeline\\{closure}()
#37 /home/saai/Documents/Projects/CGTA-CLUB/vendor/laravel/framework/src/Illuminate/Pipeline/Pipeline.php(183): Illuminate\\Http\\Middleware\\HandleCors->handle()
#38 /home/saai/Documents/Projects/CGTA-CLUB/vendor/laravel/framework/src/Illuminate/Http/Middleware/TrustProxies.php(39): Illuminate\\Pipeline\\Pipeline->Illuminate\\Pipeline\\{closure}()
#39 /home/saai/Documents/Projects/CGTA-CLUB/vendor/laravel/framework/src/Illuminate/Pipeline/Pipeline.php(183): Illuminate\\Http\\Middleware\\TrustProxies->handle()
#40 /home/saai/Documents/Projects/CGTA-CLUB/vendor/laravel/framework/src/Illuminate/Pipeline/Pipeline.php(119): Illuminate\\Pipeline\\Pipeline->Illuminate\\Pipeline\\{closure}()
#41 /home/saai/Documents/Projects/CGTA-CLUB/vendor/laravel/framework/src/Illuminate/Foundation/Http/Kernel.php(175): Illuminate\\Pipeline\\Pipeline->then()
#42 /home/saai/Documents/Projects/CGTA-CLUB/vendor/laravel/framework/src/Illuminate/Foundation/Http/Kernel.php(144): Illuminate\\Foundation\\Http\\Kernel->sendRequestThroughRouter()
#43 /home/saai/Documents/Projects/CGTA-CLUB/public/index.php(51): Illuminate\\Foundation\\Http\\Kernel->handle()
#44 /home/saai/Documents/Projects/CGTA-CLUB/vendor/laravel/framework/src/Illuminate/Foundation/resources/server.php(16): require_once('...')
#45 {main}
"} 
[2025-01-15 13:07:35] local.ERROR: No application encryption key has been specified. {"exception":"[object] (Illuminate\\Encryption\\MissingAppKeyException(code: 0): No application encryption key has been specified. at /home/saai/Documents/Projects/CGTA-CLUB/vendor/laravel/framework/src/Illuminate/Encryption/EncryptionServiceProvider.php:79)
[stacktrace]
#0 /home/saai/Documents/Projects/CGTA-CLUB/vendor/laravel/framework/src/Illuminate/Support/helpers.php(307): Illuminate\\Encryption\\EncryptionServiceProvider->Illuminate\\Encryption\\{closure}()
#1 /home/saai/Documents/Projects/CGTA-CLUB/vendor/laravel/framework/src/Illuminate/Encryption/EncryptionServiceProvider.php(77): tap()
#2 /home/saai/Documents/Projects/CGTA-CLUB/vendor/laravel/framework/src/Illuminate/Encryption/EncryptionServiceProvider.php(60): Illuminate\\Encryption\\EncryptionServiceProvider->key()
#3 /home/saai/Documents/Projects/CGTA-CLUB/vendor/laravel/framework/src/Illuminate/Encryption/EncryptionServiceProvider.php(32): Illuminate\\Encryption\\EncryptionServiceProvider->parseKey()
#4 /home/saai/Documents/Projects/CGTA-CLUB/vendor/laravel/framework/src/Illuminate/Container/Container.php(908): Illuminate\\Encryption\\EncryptionServiceProvider->Illuminate\\Encryption\\{closure}()
#5 /home/saai/Documents/Projects/CGTA-CLUB/vendor/laravel/framework/src/Illuminate/Container/Container.php(795): Illuminate\\Container\\Container->build()
#6 /home/saai/Documents/Projects/CGTA-CLUB/vendor/laravel/framework/src/Illuminate/Foundation/Application.php(961): Illuminate\\Container\\Container->resolve()
#7 /home/saai/Documents/Projects/CGTA-CLUB/vendor/laravel/framework/src/Illuminate/Container/Container.php(731): Illuminate\\Foundation\\Application->resolve()
#8 /home/saai/Documents/Projects/CGTA-CLUB/vendor/laravel/framework/src/Illuminate/Foundation/Application.php(946): Illuminate\\Container\\Container->make()
#9 /home/saai/Documents/Projects/CGTA-CLUB/vendor/laravel/framework/src/Illuminate/Container/Container.php(1066): Illuminate\\Foundation\\Application->make()
#10 /home/saai/Documents/Projects/CGTA-CLUB/vendor/laravel/framework/src/Illuminate/Container/Container.php(982): Illuminate\\Container\\Container->resolveClass()
#11 /home/saai/Documents/Projects/CGTA-CLUB/vendor/laravel/framework/src/Illuminate/Container/Container.php(943): Illuminate\\Container\\Container->resolveDependencies()
#12 /home/saai/Documents/Projects/CGTA-CLUB/vendor/laravel/framework/src/Illuminate/Container/Container.php(795): Illuminate\\Container\\Container->build()
#13 /home/saai/Documents/Projects/CGTA-CLUB/vendor/laravel/framework/src/Illuminate/Foundation/Application.php(961): Illuminate\\Container\\Container->resolve()
#14 /home/saai/Documents/Projects/CGTA-CLUB/vendor/laravel/framework/src/Illuminate/Container/Container.php(731): Illuminate\\Foundation\\Application->resolve()
#15 /home/saai/Documents/Projects/CGTA-CLUB/vendor/laravel/framework/src/Illuminate/Foundation/Application.php(946): Illuminate\\Container\\Container->make()
#16 /home/saai/Documents/Projects/CGTA-CLUB/vendor/laravel/framework/src/Illuminate/Foundation/Http/Kernel.php(255): Illuminate\\Foundation\\Application->make()
#17 /home/saai/Documents/Projects/CGTA-CLUB/vendor/laravel/framework/src/Illuminate/Foundation/Http/Kernel.php(213): Illuminate\\Foundation\\Http\\Kernel->terminateMiddleware()
#18 /home/saai/Documents/Projects/CGTA-CLUB/public/index.php(55): Illuminate\\Foundation\\Http\\Kernel->terminate()
#19 /home/saai/Documents/Projects/CGTA-CLUB/vendor/laravel/framework/src/Illuminate/Foundation/resources/server.php(16): require_once('...')
#20 {main}
"} 
[2025-01-15 13:07:53] local.ERROR: No application encryption key has been specified. {"exception":"[object] (Illuminate\\Encryption\\MissingAppKeyException(code: 0): No application encryption key has been specified. at /home/saai/Documents/Projects/CGTA-CLUB/vendor/laravel/framework/src/Illuminate/Encryption/EncryptionServiceProvider.php:79)
[stacktrace]
#0 /home/saai/Documents/Projects/CGTA-CLUB/vendor/laravel/framework/src/Illuminate/Support/helpers.php(307): Illuminate\\Encryption\\EncryptionServiceProvider->Illuminate\\Encryption\\{closure}()
#1 /home/saai/Documents/Projects/CGTA-CLUB/vendor/laravel/framework/src/Illuminate/Encryption/EncryptionServiceProvider.php(77): tap()
#2 /home/saai/Documents/Projects/CGTA-CLUB/vendor/laravel/framework/src/Illuminate/Encryption/EncryptionServiceProvider.php(60): Illuminate\\Encryption\\EncryptionServiceProvider->key()
#3 /home/saai/Documents/Projects/CGTA-CLUB/vendor/laravel/framework/src/Illuminate/Encryption/EncryptionServiceProvider.php(32): Illuminate\\Encryption\\EncryptionServiceProvider->parseKey()
#4 /home/saai/Documents/Projects/CGTA-CLUB/vendor/laravel/framework/src/Illuminate/Container/Container.php(908): Illuminate\\Encryption\\EncryptionServiceProvider->Illuminate\\Encryption\\{closure}()
#5 /home/saai/Documents/Projects/CGTA-CLUB/vendor/laravel/framework/src/Illuminate/Container/Container.php(795): Illuminate\\Container\\Container->build()
#6 /home/saai/Documents/Projects/CGTA-CLUB/vendor/laravel/framework/src/Illuminate/Foundation/Application.php(961): Illuminate\\Container\\Container->resolve()
#7 /home/saai/Documents/Projects/CGTA-CLUB/vendor/laravel/framework/src/Illuminate/Container/Container.php(731): Illuminate\\Foundation\\Application->resolve()
#8 /home/saai/Documents/Projects/CGTA-CLUB/vendor/laravel/framework/src/Illuminate/Foundation/Application.php(946): Illuminate\\Container\\Container->make()
#9 /home/saai/Documents/Projects/CGTA-CLUB/vendor/laravel/framework/src/Illuminate/Container/Container.php(1066): Illuminate\\Foundation\\Application->make()
#10 /home/saai/Documents/Projects/CGTA-CLUB/vendor/laravel/framework/src/Illuminate/Container/Container.php(982): Illuminate\\Container\\Container->resolveClass()
#11 /home/saai/Documents/Projects/CGTA-CLUB/vendor/laravel/framework/src/Illuminate/Container/Container.php(943): Illuminate\\Container\\Container->resolveDependencies()
#12 /home/saai/Documents/Projects/CGTA-CLUB/vendor/laravel/framework/src/Illuminate/Container/Container.php(795): Illuminate\\Container\\Container->build()
#13 /home/saai/Documents/Projects/CGTA-CLUB/vendor/laravel/framework/src/Illuminate/Foundation/Application.php(961): Illuminate\\Container\\Container->resolve()
#14 /home/saai/Documents/Projects/CGTA-CLUB/vendor/laravel/framework/src/Illuminate/Container/Container.php(731): Illuminate\\Foundation\\Application->resolve()
#15 /home/saai/Documents/Projects/CGTA-CLUB/vendor/laravel/framework/src/Illuminate/Foundation/Application.php(946): Illuminate\\Container\\Container->make()
#16 /home/saai/Documents/Projects/CGTA-CLUB/vendor/laravel/framework/src/Illuminate/Pipeline/Pipeline.php(172): Illuminate\\Foundation\\Application->make()
#17 /home/saai/Documents/Projects/CGTA-CLUB/vendor/laravel/framework/src/Illuminate/Pipeline/Pipeline.php(119): Illuminate\\Pipeline\\Pipeline->Illuminate\\Pipeline\\{closure}()
#18 /home/saai/Documents/Projects/CGTA-CLUB/vendor/laravel/framework/src/Illuminate/Routing/Router.php(805): Illuminate\\Pipeline\\Pipeline->then()
#19 /home/saai/Documents/Projects/CGTA-CLUB/vendor/laravel/framework/src/Illuminate/Routing/Router.php(784): Illuminate\\Routing\\Router->runRouteWithinStack()
#20 /home/saai/Documents/Projects/CGTA-CLUB/vendor/laravel/framework/src/Illuminate/Routing/Router.php(748): Illuminate\\Routing\\Router->runRoute()
#21 /home/saai/Documents/Projects/CGTA-CLUB/vendor/laravel/framework/src/Illuminate/Routing/Router.php(737): Illuminate\\Routing\\Router->dispatchToRoute()
#22 /home/saai/Documents/Projects/CGTA-CLUB/vendor/laravel/framework/src/Illuminate/Foundation/Http/Kernel.php(200): Illuminate\\Routing\\Router->dispatch()
#23 /home/saai/Documents/Projects/CGTA-CLUB/vendor/laravel/framework/src/Illuminate/Pipeline/Pipeline.php(144): Illuminate\\Foundation\\Http\\Kernel->Illuminate\\Foundation\\Http\\{closure}()
#24 /home/saai/Documents/Projects/CGTA-CLUB/vendor/livewire/livewire/src/Features/SupportDisablingBackButtonCache/DisableBackButtonCacheMiddleware.php(19): Illuminate\\Pipeline\\Pipeline->Illuminate\\Pipeline\\{closure}()
#25 /home/saai/Documents/Projects/CGTA-CLUB/vendor/laravel/framework/src/Illuminate/Pipeline/Pipeline.php(183): Livewire\\Features\\SupportDisablingBackButtonCache\\DisableBackButtonCacheMiddleware->handle()
#26 /home/saai/Documents/Projects/CGTA-CLUB/vendor/laravel/framework/src/Illuminate/Foundation/Http/Middleware/TransformsRequest.php(21): Illuminate\\Pipeline\\Pipeline->Illuminate\\Pipeline\\{closure}()
#27 /home/saai/Documents/Projects/CGTA-CLUB/vendor/laravel/framework/src/Illuminate/Foundation/Http/Middleware/ConvertEmptyStringsToNull.php(31): Illuminate\\Foundation\\Http\\Middleware\\TransformsRequest->handle()
#28 /home/saai/Documents/Projects/CGTA-CLUB/vendor/laravel/framework/src/Illuminate/Pipeline/Pipeline.php(183): Illuminate\\Foundation\\Http\\Middleware\\ConvertEmptyStringsToNull->handle()
#29 /home/saai/Documents/Projects/CGTA-CLUB/vendor/laravel/framework/src/Illuminate/Foundation/Http/Middleware/TransformsRequest.php(21): Illuminate\\Pipeline\\Pipeline->Illuminate\\Pipeline\\{closure}()
#30 /home/saai/Documents/Projects/CGTA-CLUB/vendor/laravel/framework/src/Illuminate/Foundation/Http/Middleware/TrimStrings.php(40): Illuminate\\Foundation\\Http\\Middleware\\TransformsRequest->handle()
#31 /home/saai/Documents/Projects/CGTA-CLUB/vendor/laravel/framework/src/Illuminate/Pipeline/Pipeline.php(183): Illuminate\\Foundation\\Http\\Middleware\\TrimStrings->handle()
#32 /home/saai/Documents/Projects/CGTA-CLUB/vendor/laravel/framework/src/Illuminate/Foundation/Http/Middleware/ValidatePostSize.php(27): Illuminate\\Pipeline\\Pipeline->Illuminate\\Pipeline\\{closure}()
#33 /home/saai/Documents/Projects/CGTA-CLUB/vendor/laravel/framework/src/Illuminate/Pipeline/Pipeline.php(183): Illuminate\\Foundation\\Http\\Middleware\\ValidatePostSize->handle()
#34 /home/saai/Documents/Projects/CGTA-CLUB/vendor/laravel/framework/src/Illuminate/Foundation/Http/Middleware/PreventRequestsDuringMaintenance.php(99): Illuminate\\Pipeline\\Pipeline->Illuminate\\Pipeline\\{closure}()
#35 /home/saai/Documents/Projects/CGTA-CLUB/vendor/laravel/framework/src/Illuminate/Pipeline/Pipeline.php(183): Illuminate\\Foundation\\Http\\Middleware\\PreventRequestsDuringMaintenance->handle()
#36 /home/saai/Documents/Projects/CGTA-CLUB/vendor/laravel/framework/src/Illuminate/Http/Middleware/HandleCors.php(49): Illuminate\\Pipeline\\Pipeline->Illuminate\\Pipeline\\{closure}()
#37 /home/saai/Documents/Projects/CGTA-CLUB/vendor/laravel/framework/src/Illuminate/Pipeline/Pipeline.php(183): Illuminate\\Http\\Middleware\\HandleCors->handle()
#38 /home/saai/Documents/Projects/CGTA-CLUB/vendor/laravel/framework/src/Illuminate/Http/Middleware/TrustProxies.php(39): Illuminate\\Pipeline\\Pipeline->Illuminate\\Pipeline\\{closure}()
#39 /home/saai/Documents/Projects/CGTA-CLUB/vendor/laravel/framework/src/Illuminate/Pipeline/Pipeline.php(183): Illuminate\\Http\\Middleware\\TrustProxies->handle()
#40 /home/saai/Documents/Projects/CGTA-CLUB/vendor/laravel/framework/src/Illuminate/Pipeline/Pipeline.php(119): Illuminate\\Pipeline\\Pipeline->Illuminate\\Pipeline\\{closure}()
#41 /home/saai/Documents/Projects/CGTA-CLUB/vendor/laravel/framework/src/Illuminate/Foundation/Http/Kernel.php(175): Illuminate\\Pipeline\\Pipeline->then()
#42 /home/saai/Documents/Projects/CGTA-CLUB/vendor/laravel/framework/src/Illuminate/Foundation/Http/Kernel.php(144): Illuminate\\Foundation\\Http\\Kernel->sendRequestThroughRouter()
#43 /home/saai/Documents/Projects/CGTA-CLUB/public/index.php(51): Illuminate\\Foundation\\Http\\Kernel->handle()
#44 /home/saai/Documents/Projects/CGTA-CLUB/vendor/laravel/framework/src/Illuminate/Foundation/resources/server.php(16): require_once('...')
#45 {main}
"} 
[2025-01-15 13:07:53] local.ERROR: No application encryption key has been specified. {"exception":"[object] (Illuminate\\Encryption\\MissingAppKeyException(code: 0): No application encryption key has been specified. at /home/saai/Documents/Projects/CGTA-CLUB/vendor/laravel/framework/src/Illuminate/Encryption/EncryptionServiceProvider.php:79)
[stacktrace]
#0 /home/saai/Documents/Projects/CGTA-CLUB/vendor/laravel/framework/src/Illuminate/Support/helpers.php(307): Illuminate\\Encryption\\EncryptionServiceProvider->Illuminate\\Encryption\\{closure}()
#1 /home/saai/Documents/Projects/CGTA-CLUB/vendor/laravel/framework/src/Illuminate/Encryption/EncryptionServiceProvider.php(77): tap()
#2 /home/saai/Documents/Projects/CGTA-CLUB/vendor/laravel/framework/src/Illuminate/Encryption/EncryptionServiceProvider.php(60): Illuminate\\Encryption\\EncryptionServiceProvider->key()
#3 /home/saai/Documents/Projects/CGTA-CLUB/vendor/laravel/framework/src/Illuminate/Encryption/EncryptionServiceProvider.php(32): Illuminate\\Encryption\\EncryptionServiceProvider->parseKey()
#4 /home/saai/Documents/Projects/CGTA-CLUB/vendor/laravel/framework/src/Illuminate/Container/Container.php(908): Illuminate\\Encryption\\EncryptionServiceProvider->Illuminate\\Encryption\\{closure}()
#5 /home/saai/Documents/Projects/CGTA-CLUB/vendor/laravel/framework/src/Illuminate/Container/Container.php(795): Illuminate\\Container\\Container->build()
#6 /home/saai/Documents/Projects/CGTA-CLUB/vendor/laravel/framework/src/Illuminate/Foundation/Application.php(961): Illuminate\\Container\\Container->resolve()
#7 /home/saai/Documents/Projects/CGTA-CLUB/vendor/laravel/framework/src/Illuminate/Container/Container.php(731): Illuminate\\Foundation\\Application->resolve()
#8 /home/saai/Documents/Projects/CGTA-CLUB/vendor/laravel/framework/src/Illuminate/Foundation/Application.php(946): Illuminate\\Container\\Container->make()
#9 /home/saai/Documents/Projects/CGTA-CLUB/vendor/laravel/framework/src/Illuminate/Container/Container.php(1066): Illuminate\\Foundation\\Application->make()
#10 /home/saai/Documents/Projects/CGTA-CLUB/vendor/laravel/framework/src/Illuminate/Container/Container.php(982): Illuminate\\Container\\Container->resolveClass()
#11 /home/saai/Documents/Projects/CGTA-CLUB/vendor/laravel/framework/src/Illuminate/Container/Container.php(943): Illuminate\\Container\\Container->resolveDependencies()
#12 /home/saai/Documents/Projects/CGTA-CLUB/vendor/laravel/framework/src/Illuminate/Container/Container.php(795): Illuminate\\Container\\Container->build()
#13 /home/saai/Documents/Projects/CGTA-CLUB/vendor/laravel/framework/src/Illuminate/Foundation/Application.php(961): Illuminate\\Container\\Container->resolve()
#14 /home/saai/Documents/Projects/CGTA-CLUB/vendor/laravel/framework/src/Illuminate/Container/Container.php(731): Illuminate\\Foundation\\Application->resolve()
#15 /home/saai/Documents/Projects/CGTA-CLUB/vendor/laravel/framework/src/Illuminate/Foundation/Application.php(946): Illuminate\\Container\\Container->make()
#16 /home/saai/Documents/Projects/CGTA-CLUB/vendor/laravel/framework/src/Illuminate/Foundation/Http/Kernel.php(255): Illuminate\\Foundation\\Application->make()
#17 /home/saai/Documents/Projects/CGTA-CLUB/vendor/laravel/framework/src/Illuminate/Foundation/Http/Kernel.php(213): Illuminate\\Foundation\\Http\\Kernel->terminateMiddleware()
#18 /home/saai/Documents/Projects/CGTA-CLUB/public/index.php(55): Illuminate\\Foundation\\Http\\Kernel->terminate()
#19 /home/saai/Documents/Projects/CGTA-CLUB/vendor/laravel/framework/src/Illuminate/Foundation/resources/server.php(16): require_once('...')
#20 {main}
"} 
[2025-01-15 13:07:54] local.ERROR: No application encryption key has been specified. {"exception":"[object] (Illuminate\\Encryption\\MissingAppKeyException(code: 0): No application encryption key has been specified. at /home/saai/Documents/Projects/CGTA-CLUB/vendor/laravel/framework/src/Illuminate/Encryption/EncryptionServiceProvider.php:79)
[stacktrace]
#0 /home/saai/Documents/Projects/CGTA-CLUB/vendor/laravel/framework/src/Illuminate/Support/helpers.php(307): Illuminate\\Encryption\\EncryptionServiceProvider->Illuminate\\Encryption\\{closure}()
#1 /home/saai/Documents/Projects/CGTA-CLUB/vendor/laravel/framework/src/Illuminate/Encryption/EncryptionServiceProvider.php(77): tap()
#2 /home/saai/Documents/Projects/CGTA-CLUB/vendor/laravel/framework/src/Illuminate/Encryption/EncryptionServiceProvider.php(60): Illuminate\\Encryption\\EncryptionServiceProvider->key()
#3 /home/saai/Documents/Projects/CGTA-CLUB/vendor/laravel/framework/src/Illuminate/Encryption/EncryptionServiceProvider.php(32): Illuminate\\Encryption\\EncryptionServiceProvider->parseKey()
#4 /home/saai/Documents/Projects/CGTA-CLUB/vendor/laravel/framework/src/Illuminate/Container/Container.php(908): Illuminate\\Encryption\\EncryptionServiceProvider->Illuminate\\Encryption\\{closure}()
#5 /home/saai/Documents/Projects/CGTA-CLUB/vendor/laravel/framework/src/Illuminate/Container/Container.php(795): Illuminate\\Container\\Container->build()
#6 /home/saai/Documents/Projects/CGTA-CLUB/vendor/laravel/framework/src/Illuminate/Foundation/Application.php(961): Illuminate\\Container\\Container->resolve()
#7 /home/saai/Documents/Projects/CGTA-CLUB/vendor/laravel/framework/src/Illuminate/Container/Container.php(731): Illuminate\\Foundation\\Application->resolve()
#8 /home/saai/Documents/Projects/CGTA-CLUB/vendor/laravel/framework/src/Illuminate/Foundation/Application.php(946): Illuminate\\Container\\Container->make()
#9 /home/saai/Documents/Projects/CGTA-CLUB/vendor/laravel/framework/src/Illuminate/Container/Container.php(1066): Illuminate\\Foundation\\Application->make()
#10 /home/saai/Documents/Projects/CGTA-CLUB/vendor/laravel/framework/src/Illuminate/Container/Container.php(982): Illuminate\\Container\\Container->resolveClass()
#11 /home/saai/Documents/Projects/CGTA-CLUB/vendor/laravel/framework/src/Illuminate/Container/Container.php(943): Illuminate\\Container\\Container->resolveDependencies()
#12 /home/saai/Documents/Projects/CGTA-CLUB/vendor/laravel/framework/src/Illuminate/Container/Container.php(795): Illuminate\\Container\\Container->build()
#13 /home/saai/Documents/Projects/CGTA-CLUB/vendor/laravel/framework/src/Illuminate/Foundation/Application.php(961): Illuminate\\Container\\Container->resolve()
#14 /home/saai/Documents/Projects/CGTA-CLUB/vendor/laravel/framework/src/Illuminate/Container/Container.php(731): Illuminate\\Foundation\\Application->resolve()
#15 /home/saai/Documents/Projects/CGTA-CLUB/vendor/laravel/framework/src/Illuminate/Foundation/Application.php(946): Illuminate\\Container\\Container->make()
#16 /home/saai/Documents/Projects/CGTA-CLUB/vendor/laravel/framework/src/Illuminate/Pipeline/Pipeline.php(172): Illuminate\\Foundation\\Application->make()
#17 /home/saai/Documents/Projects/CGTA-CLUB/vendor/laravel/framework/src/Illuminate/Pipeline/Pipeline.php(119): Illuminate\\Pipeline\\Pipeline->Illuminate\\Pipeline\\{closure}()
#18 /home/saai/Documents/Projects/CGTA-CLUB/vendor/laravel/framework/src/Illuminate/Routing/Router.php(805): Illuminate\\Pipeline\\Pipeline->then()
#19 /home/saai/Documents/Projects/CGTA-CLUB/vendor/laravel/framework/src/Illuminate/Routing/Router.php(784): Illuminate\\Routing\\Router->runRouteWithinStack()
#20 /home/saai/Documents/Projects/CGTA-CLUB/vendor/laravel/framework/src/Illuminate/Routing/Router.php(748): Illuminate\\Routing\\Router->runRoute()
#21 /home/saai/Documents/Projects/CGTA-CLUB/vendor/laravel/framework/src/Illuminate/Routing/Router.php(737): Illuminate\\Routing\\Router->dispatchToRoute()
#22 /home/saai/Documents/Projects/CGTA-CLUB/vendor/laravel/framework/src/Illuminate/Foundation/Http/Kernel.php(200): Illuminate\\Routing\\Router->dispatch()
#23 /home/saai/Documents/Projects/CGTA-CLUB/vendor/laravel/framework/src/Illuminate/Pipeline/Pipeline.php(144): Illuminate\\Foundation\\Http\\Kernel->Illuminate\\Foundation\\Http\\{closure}()
#24 /home/saai/Documents/Projects/CGTA-CLUB/vendor/livewire/livewire/src/Features/SupportDisablingBackButtonCache/DisableBackButtonCacheMiddleware.php(19): Illuminate\\Pipeline\\Pipeline->Illuminate\\Pipeline\\{closure}()
#25 /home/saai/Documents/Projects/CGTA-CLUB/vendor/laravel/framework/src/Illuminate/Pipeline/Pipeline.php(183): Livewire\\Features\\SupportDisablingBackButtonCache\\DisableBackButtonCacheMiddleware->handle()
#26 /home/saai/Documents/Projects/CGTA-CLUB/vendor/laravel/framework/src/Illuminate/Foundation/Http/Middleware/TransformsRequest.php(21): Illuminate\\Pipeline\\Pipeline->Illuminate\\Pipeline\\{closure}()
#27 /home/saai/Documents/Projects/CGTA-CLUB/vendor/laravel/framework/src/Illuminate/Foundation/Http/Middleware/ConvertEmptyStringsToNull.php(31): Illuminate\\Foundation\\Http\\Middleware\\TransformsRequest->handle()
#28 /home/saai/Documents/Projects/CGTA-CLUB/vendor/laravel/framework/src/Illuminate/Pipeline/Pipeline.php(183): Illuminate\\Foundation\\Http\\Middleware\\ConvertEmptyStringsToNull->handle()
#29 /home/saai/Documents/Projects/CGTA-CLUB/vendor/laravel/framework/src/Illuminate/Foundation/Http/Middleware/TransformsRequest.php(21): Illuminate\\Pipeline\\Pipeline->Illuminate\\Pipeline\\{closure}()
#30 /home/saai/Documents/Projects/CGTA-CLUB/vendor/laravel/framework/src/Illuminate/Foundation/Http/Middleware/TrimStrings.php(40): Illuminate\\Foundation\\Http\\Middleware\\TransformsRequest->handle()
#31 /home/saai/Documents/Projects/CGTA-CLUB/vendor/laravel/framework/src/Illuminate/Pipeline/Pipeline.php(183): Illuminate\\Foundation\\Http\\Middleware\\TrimStrings->handle()
#32 /home/saai/Documents/Projects/CGTA-CLUB/vendor/laravel/framework/src/Illuminate/Foundation/Http/Middleware/ValidatePostSize.php(27): Illuminate\\Pipeline\\Pipeline->Illuminate\\Pipeline\\{closure}()
#33 /home/saai/Documents/Projects/CGTA-CLUB/vendor/laravel/framework/src/Illuminate/Pipeline/Pipeline.php(183): Illuminate\\Foundation\\Http\\Middleware\\ValidatePostSize->handle()
#34 /home/saai/Documents/Projects/CGTA-CLUB/vendor/laravel/framework/src/Illuminate/Foundation/Http/Middleware/PreventRequestsDuringMaintenance.php(99): Illuminate\\Pipeline\\Pipeline->Illuminate\\Pipeline\\{closure}()
#35 /home/saai/Documents/Projects/CGTA-CLUB/vendor/laravel/framework/src/Illuminate/Pipeline/Pipeline.php(183): Illuminate\\Foundation\\Http\\Middleware\\PreventRequestsDuringMaintenance->handle()
#36 /home/saai/Documents/Projects/CGTA-CLUB/vendor/laravel/framework/src/Illuminate/Http/Middleware/HandleCors.php(49): Illuminate\\Pipeline\\Pipeline->Illuminate\\Pipeline\\{closure}()
#37 /home/saai/Documents/Projects/CGTA-CLUB/vendor/laravel/framework/src/Illuminate/Pipeline/Pipeline.php(183): Illuminate\\Http\\Middleware\\HandleCors->handle()
#38 /home/saai/Documents/Projects/CGTA-CLUB/vendor/laravel/framework/src/Illuminate/Http/Middleware/TrustProxies.php(39): Illuminate\\Pipeline\\Pipeline->Illuminate\\Pipeline\\{closure}()
#39 /home/saai/Documents/Projects/CGTA-CLUB/vendor/laravel/framework/src/Illuminate/Pipeline/Pipeline.php(183): Illuminate\\Http\\Middleware\\TrustProxies->handle()
#40 /home/saai/Documents/Projects/CGTA-CLUB/vendor/laravel/framework/src/Illuminate/Pipeline/Pipeline.php(119): Illuminate\\Pipeline\\Pipeline->Illuminate\\Pipeline\\{closure}()
#41 /home/saai/Documents/Projects/CGTA-CLUB/vendor/laravel/framework/src/Illuminate/Foundation/Http/Kernel.php(175): Illuminate\\Pipeline\\Pipeline->then()
#42 /home/saai/Documents/Projects/CGTA-CLUB/vendor/laravel/framework/src/Illuminate/Foundation/Http/Kernel.php(144): Illuminate\\Foundation\\Http\\Kernel->sendRequestThroughRouter()
#43 /home/saai/Documents/Projects/CGTA-CLUB/public/index.php(51): Illuminate\\Foundation\\Http\\Kernel->handle()
#44 /home/saai/Documents/Projects/CGTA-CLUB/vendor/laravel/framework/src/Illuminate/Foundation/resources/server.php(16): require_once('...')
#45 {main}
"} 
[2025-01-15 13:07:54] local.ERROR: No application encryption key has been specified. {"exception":"[object] (Illuminate\\Encryption\\MissingAppKeyException(code: 0): No application encryption key has been specified. at /home/saai/Documents/Projects/CGTA-CLUB/vendor/laravel/framework/src/Illuminate/Encryption/EncryptionServiceProvider.php:79)
[stacktrace]
#0 /home/saai/Documents/Projects/CGTA-CLUB/vendor/laravel/framework/src/Illuminate/Support/helpers.php(307): Illuminate\\Encryption\\EncryptionServiceProvider->Illuminate\\Encryption\\{closure}()
#1 /home/saai/Documents/Projects/CGTA-CLUB/vendor/laravel/framework/src/Illuminate/Encryption/EncryptionServiceProvider.php(77): tap()
#2 /home/saai/Documents/Projects/CGTA-CLUB/vendor/laravel/framework/src/Illuminate/Encryption/EncryptionServiceProvider.php(60): Illuminate\\Encryption\\EncryptionServiceProvider->key()
#3 /home/saai/Documents/Projects/CGTA-CLUB/vendor/laravel/framework/src/Illuminate/Encryption/EncryptionServiceProvider.php(32): Illuminate\\Encryption\\EncryptionServiceProvider->parseKey()
#4 /home/saai/Documents/Projects/CGTA-CLUB/vendor/laravel/framework/src/Illuminate/Container/Container.php(908): Illuminate\\Encryption\\EncryptionServiceProvider->Illuminate\\Encryption\\{closure}()
#5 /home/saai/Documents/Projects/CGTA-CLUB/vendor/laravel/framework/src/Illuminate/Container/Container.php(795): Illuminate\\Container\\Container->build()
#6 /home/saai/Documents/Projects/CGTA-CLUB/vendor/laravel/framework/src/Illuminate/Foundation/Application.php(961): Illuminate\\Container\\Container->resolve()
#7 /home/saai/Documents/Projects/CGTA-CLUB/vendor/laravel/framework/src/Illuminate/Container/Container.php(731): Illuminate\\Foundation\\Application->resolve()
#8 /home/saai/Documents/Projects/CGTA-CLUB/vendor/laravel/framework/src/Illuminate/Foundation/Application.php(946): Illuminate\\Container\\Container->make()
#9 /home/saai/Documents/Projects/CGTA-CLUB/vendor/laravel/framework/src/Illuminate/Container/Container.php(1066): Illuminate\\Foundation\\Application->make()
#10 /home/saai/Documents/Projects/CGTA-CLUB/vendor/laravel/framework/src/Illuminate/Container/Container.php(982): Illuminate\\Container\\Container->resolveClass()
#11 /home/saai/Documents/Projects/CGTA-CLUB/vendor/laravel/framework/src/Illuminate/Container/Container.php(943): Illuminate\\Container\\Container->resolveDependencies()
#12 /home/saai/Documents/Projects/CGTA-CLUB/vendor/laravel/framework/src/Illuminate/Container/Container.php(795): Illuminate\\Container\\Container->build()
#13 /home/saai/Documents/Projects/CGTA-CLUB/vendor/laravel/framework/src/Illuminate/Foundation/Application.php(961): Illuminate\\Container\\Container->resolve()
#14 /home/saai/Documents/Projects/CGTA-CLUB/vendor/laravel/framework/src/Illuminate/Container/Container.php(731): Illuminate\\Foundation\\Application->resolve()
#15 /home/saai/Documents/Projects/CGTA-CLUB/vendor/laravel/framework/src/Illuminate/Foundation/Application.php(946): Illuminate\\Container\\Container->make()
#16 /home/saai/Documents/Projects/CGTA-CLUB/vendor/laravel/framework/src/Illuminate/Foundation/Http/Kernel.php(255): Illuminate\\Foundation\\Application->make()
#17 /home/saai/Documents/Projects/CGTA-CLUB/vendor/laravel/framework/src/Illuminate/Foundation/Http/Kernel.php(213): Illuminate\\Foundation\\Http\\Kernel->terminateMiddleware()
#18 /home/saai/Documents/Projects/CGTA-CLUB/public/index.php(55): Illuminate\\Foundation\\Http\\Kernel->terminate()
#19 /home/saai/Documents/Projects/CGTA-CLUB/vendor/laravel/framework/src/Illuminate/Foundation/resources/server.php(16): require_once('...')
#20 {main}
"} 
[2025-01-15 13:07:58] local.ERROR: No application encryption key has been specified. {"exception":"[object] (Illuminate\\Encryption\\MissingAppKeyException(code: 0): No application encryption key has been specified. at /home/saai/Documents/Projects/CGTA-CLUB/vendor/laravel/framework/src/Illuminate/Encryption/EncryptionServiceProvider.php:79)
[stacktrace]
#0 /home/saai/Documents/Projects/CGTA-CLUB/vendor/laravel/framework/src/Illuminate/Support/helpers.php(307): Illuminate\\Encryption\\EncryptionServiceProvider->Illuminate\\Encryption\\{closure}()
#1 /home/saai/Documents/Projects/CGTA-CLUB/vendor/laravel/framework/src/Illuminate/Encryption/EncryptionServiceProvider.php(77): tap()
#2 /home/saai/Documents/Projects/CGTA-CLUB/vendor/laravel/framework/src/Illuminate/Encryption/EncryptionServiceProvider.php(60): Illuminate\\Encryption\\EncryptionServiceProvider->key()
#3 /home/saai/Documents/Projects/CGTA-CLUB/vendor/laravel/framework/src/Illuminate/Encryption/EncryptionServiceProvider.php(32): Illuminate\\Encryption\\EncryptionServiceProvider->parseKey()
#4 /home/saai/Documents/Projects/CGTA-CLUB/vendor/laravel/framework/src/Illuminate/Container/Container.php(908): Illuminate\\Encryption\\EncryptionServiceProvider->Illuminate\\Encryption\\{closure}()
#5 /home/saai/Documents/Projects/CGTA-CLUB/vendor/laravel/framework/src/Illuminate/Container/Container.php(795): Illuminate\\Container\\Container->build()
#6 /home/saai/Documents/Projects/CGTA-CLUB/vendor/laravel/framework/src/Illuminate/Foundation/Application.php(961): Illuminate\\Container\\Container->resolve()
#7 /home/saai/Documents/Projects/CGTA-CLUB/vendor/laravel/framework/src/Illuminate/Container/Container.php(731): Illuminate\\Foundation\\Application->resolve()
#8 /home/saai/Documents/Projects/CGTA-CLUB/vendor/laravel/framework/src/Illuminate/Foundation/Application.php(946): Illuminate\\Container\\Container->make()
#9 /home/saai/Documents/Projects/CGTA-CLUB/vendor/laravel/framework/src/Illuminate/Container/Container.php(1066): Illuminate\\Foundation\\Application->make()
#10 /home/saai/Documents/Projects/CGTA-CLUB/vendor/laravel/framework/src/Illuminate/Container/Container.php(982): Illuminate\\Container\\Container->resolveClass()
#11 /home/saai/Documents/Projects/CGTA-CLUB/vendor/laravel/framework/src/Illuminate/Container/Container.php(943): Illuminate\\Container\\Container->resolveDependencies()
#12 /home/saai/Documents/Projects/CGTA-CLUB/vendor/laravel/framework/src/Illuminate/Container/Container.php(795): Illuminate\\Container\\Container->build()
#13 /home/saai/Documents/Projects/CGTA-CLUB/vendor/laravel/framework/src/Illuminate/Foundation/Application.php(961): Illuminate\\Container\\Container->resolve()
#14 /home/saai/Documents/Projects/CGTA-CLUB/vendor/laravel/framework/src/Illuminate/Container/Container.php(731): Illuminate\\Foundation\\Application->resolve()
#15 /home/saai/Documents/Projects/CGTA-CLUB/vendor/laravel/framework/src/Illuminate/Foundation/Application.php(946): Illuminate\\Container\\Container->make()
#16 /home/saai/Documents/Projects/CGTA-CLUB/vendor/laravel/framework/src/Illuminate/Pipeline/Pipeline.php(172): Illuminate\\Foundation\\Application->make()
#17 /home/saai/Documents/Projects/CGTA-CLUB/vendor/laravel/framework/src/Illuminate/Pipeline/Pipeline.php(119): Illuminate\\Pipeline\\Pipeline->Illuminate\\Pipeline\\{closure}()
#18 /home/saai/Documents/Projects/CGTA-CLUB/vendor/laravel/framework/src/Illuminate/Routing/Router.php(805): Illuminate\\Pipeline\\Pipeline->then()
#19 /home/saai/Documents/Projects/CGTA-CLUB/vendor/laravel/framework/src/Illuminate/Routing/Router.php(784): Illuminate\\Routing\\Router->runRouteWithinStack()
#20 /home/saai/Documents/Projects/CGTA-CLUB/vendor/laravel/framework/src/Illuminate/Routing/Router.php(748): Illuminate\\Routing\\Router->runRoute()
#21 /home/saai/Documents/Projects/CGTA-CLUB/vendor/laravel/framework/src/Illuminate/Routing/Router.php(737): Illuminate\\Routing\\Router->dispatchToRoute()
#22 /home/saai/Documents/Projects/CGTA-CLUB/vendor/laravel/framework/src/Illuminate/Foundation/Http/Kernel.php(200): Illuminate\\Routing\\Router->dispatch()
#23 /home/saai/Documents/Projects/CGTA-CLUB/vendor/laravel/framework/src/Illuminate/Pipeline/Pipeline.php(144): Illuminate\\Foundation\\Http\\Kernel->Illuminate\\Foundation\\Http\\{closure}()
#24 /home/saai/Documents/Projects/CGTA-CLUB/vendor/livewire/livewire/src/Features/SupportDisablingBackButtonCache/DisableBackButtonCacheMiddleware.php(19): Illuminate\\Pipeline\\Pipeline->Illuminate\\Pipeline\\{closure}()
#25 /home/saai/Documents/Projects/CGTA-CLUB/vendor/laravel/framework/src/Illuminate/Pipeline/Pipeline.php(183): Livewire\\Features\\SupportDisablingBackButtonCache\\DisableBackButtonCacheMiddleware->handle()
#26 /home/saai/Documents/Projects/CGTA-CLUB/vendor/laravel/framework/src/Illuminate/Foundation/Http/Middleware/TransformsRequest.php(21): Illuminate\\Pipeline\\Pipeline->Illuminate\\Pipeline\\{closure}()
#27 /home/saai/Documents/Projects/CGTA-CLUB/vendor/laravel/framework/src/Illuminate/Foundation/Http/Middleware/ConvertEmptyStringsToNull.php(31): Illuminate\\Foundation\\Http\\Middleware\\TransformsRequest->handle()
#28 /home/saai/Documents/Projects/CGTA-CLUB/vendor/laravel/framework/src/Illuminate/Pipeline/Pipeline.php(183): Illuminate\\Foundation\\Http\\Middleware\\ConvertEmptyStringsToNull->handle()
#29 /home/saai/Documents/Projects/CGTA-CLUB/vendor/laravel/framework/src/Illuminate/Foundation/Http/Middleware/TransformsRequest.php(21): Illuminate\\Pipeline\\Pipeline->Illuminate\\Pipeline\\{closure}()
#30 /home/saai/Documents/Projects/CGTA-CLUB/vendor/laravel/framework/src/Illuminate/Foundation/Http/Middleware/TrimStrings.php(40): Illuminate\\Foundation\\Http\\Middleware\\TransformsRequest->handle()
#31 /home/saai/Documents/Projects/CGTA-CLUB/vendor/laravel/framework/src/Illuminate/Pipeline/Pipeline.php(183): Illuminate\\Foundation\\Http\\Middleware\\TrimStrings->handle()
#32 /home/saai/Documents/Projects/CGTA-CLUB/vendor/laravel/framework/src/Illuminate/Foundation/Http/Middleware/ValidatePostSize.php(27): Illuminate\\Pipeline\\Pipeline->Illuminate\\Pipeline\\{closure}()
#33 /home/saai/Documents/Projects/CGTA-CLUB/vendor/laravel/framework/src/Illuminate/Pipeline/Pipeline.php(183): Illuminate\\Foundation\\Http\\Middleware\\ValidatePostSize->handle()
#34 /home/saai/Documents/Projects/CGTA-CLUB/vendor/laravel/framework/src/Illuminate/Foundation/Http/Middleware/PreventRequestsDuringMaintenance.php(99): Illuminate\\Pipeline\\Pipeline->Illuminate\\Pipeline\\{closure}()
#35 /home/saai/Documents/Projects/CGTA-CLUB/vendor/laravel/framework/src/Illuminate/Pipeline/Pipeline.php(183): Illuminate\\Foundation\\Http\\Middleware\\PreventRequestsDuringMaintenance->handle()
#36 /home/saai/Documents/Projects/CGTA-CLUB/vendor/laravel/framework/src/Illuminate/Http/Middleware/HandleCors.php(49): Illuminate\\Pipeline\\Pipeline->Illuminate\\Pipeline\\{closure}()
#37 /home/saai/Documents/Projects/CGTA-CLUB/vendor/laravel/framework/src/Illuminate/Pipeline/Pipeline.php(183): Illuminate\\Http\\Middleware\\HandleCors->handle()
#38 /home/saai/Documents/Projects/CGTA-CLUB/vendor/laravel/framework/src/Illuminate/Http/Middleware/TrustProxies.php(39): Illuminate\\Pipeline\\Pipeline->Illuminate\\Pipeline\\{closure}()
#39 /home/saai/Documents/Projects/CGTA-CLUB/vendor/laravel/framework/src/Illuminate/Pipeline/Pipeline.php(183): Illuminate\\Http\\Middleware\\TrustProxies->handle()
#40 /home/saai/Documents/Projects/CGTA-CLUB/vendor/laravel/framework/src/Illuminate/Pipeline/Pipeline.php(119): Illuminate\\Pipeline\\Pipeline->Illuminate\\Pipeline\\{closure}()
#41 /home/saai/Documents/Projects/CGTA-CLUB/vendor/laravel/framework/src/Illuminate/Foundation/Http/Kernel.php(175): Illuminate\\Pipeline\\Pipeline->then()
#42 /home/saai/Documents/Projects/CGTA-CLUB/vendor/laravel/framework/src/Illuminate/Foundation/Http/Kernel.php(144): Illuminate\\Foundation\\Http\\Kernel->sendRequestThroughRouter()
#43 /home/saai/Documents/Projects/CGTA-CLUB/public/index.php(51): Illuminate\\Foundation\\Http\\Kernel->handle()
#44 /home/saai/Documents/Projects/CGTA-CLUB/vendor/laravel/framework/src/Illuminate/Foundation/resources/server.php(16): require_once('...')
#45 {main}
"} 
[2025-01-15 13:07:58] local.ERROR: No application encryption key has been specified. {"exception":"[object] (Illuminate\\Encryption\\MissingAppKeyException(code: 0): No application encryption key has been specified. at /home/saai/Documents/Projects/CGTA-CLUB/vendor/laravel/framework/src/Illuminate/Encryption/EncryptionServiceProvider.php:79)
[stacktrace]
#0 /home/saai/Documents/Projects/CGTA-CLUB/vendor/laravel/framework/src/Illuminate/Support/helpers.php(307): Illuminate\\Encryption\\EncryptionServiceProvider->Illuminate\\Encryption\\{closure}()
#1 /home/saai/Documents/Projects/CGTA-CLUB/vendor/laravel/framework/src/Illuminate/Encryption/EncryptionServiceProvider.php(77): tap()
#2 /home/saai/Documents/Projects/CGTA-CLUB/vendor/laravel/framework/src/Illuminate/Encryption/EncryptionServiceProvider.php(60): Illuminate\\Encryption\\EncryptionServiceProvider->key()
#3 /home/saai/Documents/Projects/CGTA-CLUB/vendor/laravel/framework/src/Illuminate/Encryption/EncryptionServiceProvider.php(32): Illuminate\\Encryption\\EncryptionServiceProvider->parseKey()
#4 /home/saai/Documents/Projects/CGTA-CLUB/vendor/laravel/framework/src/Illuminate/Container/Container.php(908): Illuminate\\Encryption\\EncryptionServiceProvider->Illuminate\\Encryption\\{closure}()
#5 /home/saai/Documents/Projects/CGTA-CLUB/vendor/laravel/framework/src/Illuminate/Container/Container.php(795): Illuminate\\Container\\Container->build()
#6 /home/saai/Documents/Projects/CGTA-CLUB/vendor/laravel/framework/src/Illuminate/Foundation/Application.php(961): Illuminate\\Container\\Container->resolve()
#7 /home/saai/Documents/Projects/CGTA-CLUB/vendor/laravel/framework/src/Illuminate/Container/Container.php(731): Illuminate\\Foundation\\Application->resolve()
#8 /home/saai/Documents/Projects/CGTA-CLUB/vendor/laravel/framework/src/Illuminate/Foundation/Application.php(946): Illuminate\\Container\\Container->make()
#9 /home/saai/Documents/Projects/CGTA-CLUB/vendor/laravel/framework/src/Illuminate/Container/Container.php(1066): Illuminate\\Foundation\\Application->make()
#10 /home/saai/Documents/Projects/CGTA-CLUB/vendor/laravel/framework/src/Illuminate/Container/Container.php(982): Illuminate\\Container\\Container->resolveClass()
#11 /home/saai/Documents/Projects/CGTA-CLUB/vendor/laravel/framework/src/Illuminate/Container/Container.php(943): Illuminate\\Container\\Container->resolveDependencies()
#12 /home/saai/Documents/Projects/CGTA-CLUB/vendor/laravel/framework/src/Illuminate/Container/Container.php(795): Illuminate\\Container\\Container->build()
#13 /home/saai/Documents/Projects/CGTA-CLUB/vendor/laravel/framework/src/Illuminate/Foundation/Application.php(961): Illuminate\\Container\\Container->resolve()
#14 /home/saai/Documents/Projects/CGTA-CLUB/vendor/laravel/framework/src/Illuminate/Container/Container.php(731): Illuminate\\Foundation\\Application->resolve()
#15 /home/saai/Documents/Projects/CGTA-CLUB/vendor/laravel/framework/src/Illuminate/Foundation/Application.php(946): Illuminate\\Container\\Container->make()
#16 /home/saai/Documents/Projects/CGTA-CLUB/vendor/laravel/framework/src/Illuminate/Foundation/Http/Kernel.php(255): Illuminate\\Foundation\\Application->make()
#17 /home/saai/Documents/Projects/CGTA-CLUB/vendor/laravel/framework/src/Illuminate/Foundation/Http/Kernel.php(213): Illuminate\\Foundation\\Http\\Kernel->terminateMiddleware()
#18 /home/saai/Documents/Projects/CGTA-CLUB/public/index.php(55): Illuminate\\Foundation\\Http\\Kernel->terminate()
#19 /home/saai/Documents/Projects/CGTA-CLUB/vendor/laravel/framework/src/Illuminate/Foundation/resources/server.php(16): require_once('...')
#20 {main}
"} 
[2025-01-15 13:08:01] local.ERROR: No application encryption key has been specified. {"exception":"[object] (Illuminate\\Encryption\\MissingAppKeyException(code: 0): No application encryption key has been specified. at /home/saai/Documents/Projects/CGTA-CLUB/vendor/laravel/framework/src/Illuminate/Encryption/EncryptionServiceProvider.php:79)
[stacktrace]
#0 /home/saai/Documents/Projects/CGTA-CLUB/vendor/laravel/framework/src/Illuminate/Support/helpers.php(307): Illuminate\\Encryption\\EncryptionServiceProvider->Illuminate\\Encryption\\{closure}()
#1 /home/saai/Documents/Projects/CGTA-CLUB/vendor/laravel/framework/src/Illuminate/Encryption/EncryptionServiceProvider.php(77): tap()
#2 /home/saai/Documents/Projects/CGTA-CLUB/vendor/laravel/framework/src/Illuminate/Encryption/EncryptionServiceProvider.php(60): Illuminate\\Encryption\\EncryptionServiceProvider->key()
#3 /home/saai/Documents/Projects/CGTA-CLUB/vendor/laravel/framework/src/Illuminate/Encryption/EncryptionServiceProvider.php(32): Illuminate\\Encryption\\EncryptionServiceProvider->parseKey()
#4 /home/saai/Documents/Projects/CGTA-CLUB/vendor/laravel/framework/src/Illuminate/Container/Container.php(908): Illuminate\\Encryption\\EncryptionServiceProvider->Illuminate\\Encryption\\{closure}()
#5 /home/saai/Documents/Projects/CGTA-CLUB/vendor/laravel/framework/src/Illuminate/Container/Container.php(795): Illuminate\\Container\\Container->build()
#6 /home/saai/Documents/Projects/CGTA-CLUB/vendor/laravel/framework/src/Illuminate/Foundation/Application.php(961): Illuminate\\Container\\Container->resolve()
#7 /home/saai/Documents/Projects/CGTA-CLUB/vendor/laravel/framework/src/Illuminate/Container/Container.php(731): Illuminate\\Foundation\\Application->resolve()
#8 /home/saai/Documents/Projects/CGTA-CLUB/vendor/laravel/framework/src/Illuminate/Foundation/Application.php(946): Illuminate\\Container\\Container->make()
#9 /home/saai/Documents/Projects/CGTA-CLUB/vendor/laravel/framework/src/Illuminate/Container/Container.php(1066): Illuminate\\Foundation\\Application->make()
#10 /home/saai/Documents/Projects/CGTA-CLUB/vendor/laravel/framework/src/Illuminate/Container/Container.php(982): Illuminate\\Container\\Container->resolveClass()
#11 /home/saai/Documents/Projects/CGTA-CLUB/vendor/laravel/framework/src/Illuminate/Container/Container.php(943): Illuminate\\Container\\Container->resolveDependencies()
#12 /home/saai/Documents/Projects/CGTA-CLUB/vendor/laravel/framework/src/Illuminate/Container/Container.php(795): Illuminate\\Container\\Container->build()
#13 /home/saai/Documents/Projects/CGTA-CLUB/vendor/laravel/framework/src/Illuminate/Foundation/Application.php(961): Illuminate\\Container\\Container->resolve()
#14 /home/saai/Documents/Projects/CGTA-CLUB/vendor/laravel/framework/src/Illuminate/Container/Container.php(731): Illuminate\\Foundation\\Application->resolve()
#15 /home/saai/Documents/Projects/CGTA-CLUB/vendor/laravel/framework/src/Illuminate/Foundation/Application.php(946): Illuminate\\Container\\Container->make()
#16 /home/saai/Documents/Projects/CGTA-CLUB/vendor/laravel/framework/src/Illuminate/Pipeline/Pipeline.php(172): Illuminate\\Foundation\\Application->make()
#17 /home/saai/Documents/Projects/CGTA-CLUB/vendor/laravel/framework/src/Illuminate/Pipeline/Pipeline.php(119): Illuminate\\Pipeline\\Pipeline->Illuminate\\Pipeline\\{closure}()
#18 /home/saai/Documents/Projects/CGTA-CLUB/vendor/laravel/framework/src/Illuminate/Routing/Router.php(805): Illuminate\\Pipeline\\Pipeline->then()
#19 /home/saai/Documents/Projects/CGTA-CLUB/vendor/laravel/framework/src/Illuminate/Routing/Router.php(784): Illuminate\\Routing\\Router->runRouteWithinStack()
#20 /home/saai/Documents/Projects/CGTA-CLUB/vendor/laravel/framework/src/Illuminate/Routing/Router.php(748): Illuminate\\Routing\\Router->runRoute()
#21 /home/saai/Documents/Projects/CGTA-CLUB/vendor/laravel/framework/src/Illuminate/Routing/Router.php(737): Illuminate\\Routing\\Router->dispatchToRoute()
#22 /home/saai/Documents/Projects/CGTA-CLUB/vendor/laravel/framework/src/Illuminate/Foundation/Http/Kernel.php(200): Illuminate\\Routing\\Router->dispatch()
#23 /home/saai/Documents/Projects/CGTA-CLUB/vendor/laravel/framework/src/Illuminate/Pipeline/Pipeline.php(144): Illuminate\\Foundation\\Http\\Kernel->Illuminate\\Foundation\\Http\\{closure}()
#24 /home/saai/Documents/Projects/CGTA-CLUB/vendor/livewire/livewire/src/Features/SupportDisablingBackButtonCache/DisableBackButtonCacheMiddleware.php(19): Illuminate\\Pipeline\\Pipeline->Illuminate\\Pipeline\\{closure}()
#25 /home/saai/Documents/Projects/CGTA-CLUB/vendor/laravel/framework/src/Illuminate/Pipeline/Pipeline.php(183): Livewire\\Features\\SupportDisablingBackButtonCache\\DisableBackButtonCacheMiddleware->handle()
#26 /home/saai/Documents/Projects/CGTA-CLUB/vendor/laravel/framework/src/Illuminate/Foundation/Http/Middleware/TransformsRequest.php(21): Illuminate\\Pipeline\\Pipeline->Illuminate\\Pipeline\\{closure}()
#27 /home/saai/Documents/Projects/CGTA-CLUB/vendor/laravel/framework/src/Illuminate/Foundation/Http/Middleware/ConvertEmptyStringsToNull.php(31): Illuminate\\Foundation\\Http\\Middleware\\TransformsRequest->handle()
#28 /home/saai/Documents/Projects/CGTA-CLUB/vendor/laravel/framework/src/Illuminate/Pipeline/Pipeline.php(183): Illuminate\\Foundation\\Http\\Middleware\\ConvertEmptyStringsToNull->handle()
#29 /home/saai/Documents/Projects/CGTA-CLUB/vendor/laravel/framework/src/Illuminate/Foundation/Http/Middleware/TransformsRequest.php(21): Illuminate\\Pipeline\\Pipeline->Illuminate\\Pipeline\\{closure}()
#30 /home/saai/Documents/Projects/CGTA-CLUB/vendor/laravel/framework/src/Illuminate/Foundation/Http/Middleware/TrimStrings.php(40): Illuminate\\Foundation\\Http\\Middleware\\TransformsRequest->handle()
#31 /home/saai/Documents/Projects/CGTA-CLUB/vendor/laravel/framework/src/Illuminate/Pipeline/Pipeline.php(183): Illuminate\\Foundation\\Http\\Middleware\\TrimStrings->handle()
#32 /home/saai/Documents/Projects/CGTA-CLUB/vendor/laravel/framework/src/Illuminate/Foundation/Http/Middleware/ValidatePostSize.php(27): Illuminate\\Pipeline\\Pipeline->Illuminate\\Pipeline\\{closure}()
#33 /home/saai/Documents/Projects/CGTA-CLUB/vendor/laravel/framework/src/Illuminate/Pipeline/Pipeline.php(183): Illuminate\\Foundation\\Http\\Middleware\\ValidatePostSize->handle()
#34 /home/saai/Documents/Projects/CGTA-CLUB/vendor/laravel/framework/src/Illuminate/Foundation/Http/Middleware/PreventRequestsDuringMaintenance.php(99): Illuminate\\Pipeline\\Pipeline->Illuminate\\Pipeline\\{closure}()
#35 /home/saai/Documents/Projects/CGTA-CLUB/vendor/laravel/framework/src/Illuminate/Pipeline/Pipeline.php(183): Illuminate\\Foundation\\Http\\Middleware\\PreventRequestsDuringMaintenance->handle()
#36 /home/saai/Documents/Projects/CGTA-CLUB/vendor/laravel/framework/src/Illuminate/Http/Middleware/HandleCors.php(49): Illuminate\\Pipeline\\Pipeline->Illuminate\\Pipeline\\{closure}()
#37 /home/saai/Documents/Projects/CGTA-CLUB/vendor/laravel/framework/src/Illuminate/Pipeline/Pipeline.php(183): Illuminate\\Http\\Middleware\\HandleCors->handle()
#38 /home/saai/Documents/Projects/CGTA-CLUB/vendor/laravel/framework/src/Illuminate/Http/Middleware/TrustProxies.php(39): Illuminate\\Pipeline\\Pipeline->Illuminate\\Pipeline\\{closure}()
#39 /home/saai/Documents/Projects/CGTA-CLUB/vendor/laravel/framework/src/Illuminate/Pipeline/Pipeline.php(183): Illuminate\\Http\\Middleware\\TrustProxies->handle()
#40 /home/saai/Documents/Projects/CGTA-CLUB/vendor/laravel/framework/src/Illuminate/Pipeline/Pipeline.php(119): Illuminate\\Pipeline\\Pipeline->Illuminate\\Pipeline\\{closure}()
#41 /home/saai/Documents/Projects/CGTA-CLUB/vendor/laravel/framework/src/Illuminate/Foundation/Http/Kernel.php(175): Illuminate\\Pipeline\\Pipeline->then()
#42 /home/saai/Documents/Projects/CGTA-CLUB/vendor/laravel/framework/src/Illuminate/Foundation/Http/Kernel.php(144): Illuminate\\Foundation\\Http\\Kernel->sendRequestThroughRouter()
#43 /home/saai/Documents/Projects/CGTA-CLUB/public/index.php(51): Illuminate\\Foundation\\Http\\Kernel->handle()
#44 /home/saai/Documents/Projects/CGTA-CLUB/vendor/laravel/framework/src/Illuminate/Foundation/resources/server.php(16): require_once('...')
#45 {main}
"} 
[2025-01-15 13:08:01] local.ERROR: No application encryption key has been specified. {"exception":"[object] (Illuminate\\Encryption\\MissingAppKeyException(code: 0): No application encryption key has been specified. at /home/saai/Documents/Projects/CGTA-CLUB/vendor/laravel/framework/src/Illuminate/Encryption/EncryptionServiceProvider.php:79)
[stacktrace]
#0 /home/saai/Documents/Projects/CGTA-CLUB/vendor/laravel/framework/src/Illuminate/Support/helpers.php(307): Illuminate\\Encryption\\EncryptionServiceProvider->Illuminate\\Encryption\\{closure}()
#1 /home/saai/Documents/Projects/CGTA-CLUB/vendor/laravel/framework/src/Illuminate/Encryption/EncryptionServiceProvider.php(77): tap()
#2 /home/saai/Documents/Projects/CGTA-CLUB/vendor/laravel/framework/src/Illuminate/Encryption/EncryptionServiceProvider.php(60): Illuminate\\Encryption\\EncryptionServiceProvider->key()
#3 /home/saai/Documents/Projects/CGTA-CLUB/vendor/laravel/framework/src/Illuminate/Encryption/EncryptionServiceProvider.php(32): Illuminate\\Encryption\\EncryptionServiceProvider->parseKey()
#4 /home/saai/Documents/Projects/CGTA-CLUB/vendor/laravel/framework/src/Illuminate/Container/Container.php(908): Illuminate\\Encryption\\EncryptionServiceProvider->Illuminate\\Encryption\\{closure}()
#5 /home/saai/Documents/Projects/CGTA-CLUB/vendor/laravel/framework/src/Illuminate/Container/Container.php(795): Illuminate\\Container\\Container->build()
#6 /home/saai/Documents/Projects/CGTA-CLUB/vendor/laravel/framework/src/Illuminate/Foundation/Application.php(961): Illuminate\\Container\\Container->resolve()
#7 /home/saai/Documents/Projects/CGTA-CLUB/vendor/laravel/framework/src/Illuminate/Container/Container.php(731): Illuminate\\Foundation\\Application->resolve()
#8 /home/saai/Documents/Projects/CGTA-CLUB/vendor/laravel/framework/src/Illuminate/Foundation/Application.php(946): Illuminate\\Container\\Container->make()
#9 /home/saai/Documents/Projects/CGTA-CLUB/vendor/laravel/framework/src/Illuminate/Container/Container.php(1066): Illuminate\\Foundation\\Application->make()
#10 /home/saai/Documents/Projects/CGTA-CLUB/vendor/laravel/framework/src/Illuminate/Container/Container.php(982): Illuminate\\Container\\Container->resolveClass()
#11 /home/saai/Documents/Projects/CGTA-CLUB/vendor/laravel/framework/src/Illuminate/Container/Container.php(943): Illuminate\\Container\\Container->resolveDependencies()
#12 /home/saai/Documents/Projects/CGTA-CLUB/vendor/laravel/framework/src/Illuminate/Container/Container.php(795): Illuminate\\Container\\Container->build()
#13 /home/saai/Documents/Projects/CGTA-CLUB/vendor/laravel/framework/src/Illuminate/Foundation/Application.php(961): Illuminate\\Container\\Container->resolve()
#14 /home/saai/Documents/Projects/CGTA-CLUB/vendor/laravel/framework/src/Illuminate/Container/Container.php(731): Illuminate\\Foundation\\Application->resolve()
#15 /home/saai/Documents/Projects/CGTA-CLUB/vendor/laravel/framework/src/Illuminate/Foundation/Application.php(946): Illuminate\\Container\\Container->make()
#16 /home/saai/Documents/Projects/CGTA-CLUB/vendor/laravel/framework/src/Illuminate/Foundation/Http/Kernel.php(255): Illuminate\\Foundation\\Application->make()
#17 /home/saai/Documents/Projects/CGTA-CLUB/vendor/laravel/framework/src/Illuminate/Foundation/Http/Kernel.php(213): Illuminate\\Foundation\\Http\\Kernel->terminateMiddleware()
#18 /home/saai/Documents/Projects/CGTA-CLUB/public/index.php(55): Illuminate\\Foundation\\Http\\Kernel->terminate()
#19 /home/saai/Documents/Projects/CGTA-CLUB/vendor/laravel/framework/src/Illuminate/Foundation/resources/server.php(16): require_once('...')
#20 {main}
"} 
[2025-01-15 13:09:22] local.ERROR: No application encryption key has been specified. {"exception":"[object] (Illuminate\\Encryption\\MissingAppKeyException(code: 0): No application encryption key has been specified. at /home/saai/Documents/Projects/CGTA-CLUB/vendor/laravel/framework/src/Illuminate/Encryption/EncryptionServiceProvider.php:79)
[stacktrace]
#0 /home/saai/Documents/Projects/CGTA-CLUB/vendor/laravel/framework/src/Illuminate/Support/helpers.php(307): Illuminate\\Encryption\\EncryptionServiceProvider->Illuminate\\Encryption\\{closure}()
#1 /home/saai/Documents/Projects/CGTA-CLUB/vendor/laravel/framework/src/Illuminate/Encryption/EncryptionServiceProvider.php(77): tap()
#2 /home/saai/Documents/Projects/CGTA-CLUB/vendor/laravel/framework/src/Illuminate/Encryption/EncryptionServiceProvider.php(60): Illuminate\\Encryption\\EncryptionServiceProvider->key()
#3 /home/saai/Documents/Projects/CGTA-CLUB/vendor/laravel/framework/src/Illuminate/Encryption/EncryptionServiceProvider.php(32): Illuminate\\Encryption\\EncryptionServiceProvider->parseKey()
#4 /home/saai/Documents/Projects/CGTA-CLUB/vendor/laravel/framework/src/Illuminate/Container/Container.php(908): Illuminate\\Encryption\\EncryptionServiceProvider->Illuminate\\Encryption\\{closure}()
#5 /home/saai/Documents/Projects/CGTA-CLUB/vendor/laravel/framework/src/Illuminate/Container/Container.php(795): Illuminate\\Container\\Container->build()
#6 /home/saai/Documents/Projects/CGTA-CLUB/vendor/laravel/framework/src/Illuminate/Foundation/Application.php(961): Illuminate\\Container\\Container->resolve()
#7 /home/saai/Documents/Projects/CGTA-CLUB/vendor/laravel/framework/src/Illuminate/Container/Container.php(731): Illuminate\\Foundation\\Application->resolve()
#8 /home/saai/Documents/Projects/CGTA-CLUB/vendor/laravel/framework/src/Illuminate/Foundation/Application.php(946): Illuminate\\Container\\Container->make()
#9 /home/saai/Documents/Projects/CGTA-CLUB/vendor/laravel/framework/src/Illuminate/Container/Container.php(1066): Illuminate\\Foundation\\Application->make()
#10 /home/saai/Documents/Projects/CGTA-CLUB/vendor/laravel/framework/src/Illuminate/Container/Container.php(982): Illuminate\\Container\\Container->resolveClass()
#11 /home/saai/Documents/Projects/CGTA-CLUB/vendor/laravel/framework/src/Illuminate/Container/Container.php(943): Illuminate\\Container\\Container->resolveDependencies()
#12 /home/saai/Documents/Projects/CGTA-CLUB/vendor/laravel/framework/src/Illuminate/Container/Container.php(795): Illuminate\\Container\\Container->build()
#13 /home/saai/Documents/Projects/CGTA-CLUB/vendor/laravel/framework/src/Illuminate/Foundation/Application.php(961): Illuminate\\Container\\Container->resolve()
#14 /home/saai/Documents/Projects/CGTA-CLUB/vendor/laravel/framework/src/Illuminate/Container/Container.php(731): Illuminate\\Foundation\\Application->resolve()
#15 /home/saai/Documents/Projects/CGTA-CLUB/vendor/laravel/framework/src/Illuminate/Foundation/Application.php(946): Illuminate\\Container\\Container->make()
#16 /home/saai/Documents/Projects/CGTA-CLUB/vendor/laravel/framework/src/Illuminate/Pipeline/Pipeline.php(172): Illuminate\\Foundation\\Application->make()
#17 /home/saai/Documents/Projects/CGTA-CLUB/vendor/laravel/framework/src/Illuminate/Pipeline/Pipeline.php(119): Illuminate\\Pipeline\\Pipeline->Illuminate\\Pipeline\\{closure}()
#18 /home/saai/Documents/Projects/CGTA-CLUB/vendor/laravel/framework/src/Illuminate/Routing/Router.php(805): Illuminate\\Pipeline\\Pipeline->then()
#19 /home/saai/Documents/Projects/CGTA-CLUB/vendor/laravel/framework/src/Illuminate/Routing/Router.php(784): Illuminate\\Routing\\Router->runRouteWithinStack()
#20 /home/saai/Documents/Projects/CGTA-CLUB/vendor/laravel/framework/src/Illuminate/Routing/Router.php(748): Illuminate\\Routing\\Router->runRoute()
#21 /home/saai/Documents/Projects/CGTA-CLUB/vendor/laravel/framework/src/Illuminate/Routing/Router.php(737): Illuminate\\Routing\\Router->dispatchToRoute()
#22 /home/saai/Documents/Projects/CGTA-CLUB/vendor/laravel/framework/src/Illuminate/Foundation/Http/Kernel.php(200): Illuminate\\Routing\\Router->dispatch()
#23 /home/saai/Documents/Projects/CGTA-CLUB/vendor/laravel/framework/src/Illuminate/Pipeline/Pipeline.php(144): Illuminate\\Foundation\\Http\\Kernel->Illuminate\\Foundation\\Http\\{closure}()
#24 /home/saai/Documents/Projects/CGTA-CLUB/vendor/livewire/livewire/src/Features/SupportDisablingBackButtonCache/DisableBackButtonCacheMiddleware.php(19): Illuminate\\Pipeline\\Pipeline->Illuminate\\Pipeline\\{closure}()
#25 /home/saai/Documents/Projects/CGTA-CLUB/vendor/laravel/framework/src/Illuminate/Pipeline/Pipeline.php(183): Livewire\\Features\\SupportDisablingBackButtonCache\\DisableBackButtonCacheMiddleware->handle()
#26 /home/saai/Documents/Projects/CGTA-CLUB/vendor/laravel/framework/src/Illuminate/Foundation/Http/Middleware/TransformsRequest.php(21): Illuminate\\Pipeline\\Pipeline->Illuminate\\Pipeline\\{closure}()
#27 /home/saai/Documents/Projects/CGTA-CLUB/vendor/laravel/framework/src/Illuminate/Foundation/Http/Middleware/ConvertEmptyStringsToNull.php(31): Illuminate\\Foundation\\Http\\Middleware\\TransformsRequest->handle()
#28 /home/saai/Documents/Projects/CGTA-CLUB/vendor/laravel/framework/src/Illuminate/Pipeline/Pipeline.php(183): Illuminate\\Foundation\\Http\\Middleware\\ConvertEmptyStringsToNull->handle()
#29 /home/saai/Documents/Projects/CGTA-CLUB/vendor/laravel/framework/src/Illuminate/Foundation/Http/Middleware/TransformsRequest.php(21): Illuminate\\Pipeline\\Pipeline->Illuminate\\Pipeline\\{closure}()
#30 /home/saai/Documents/Projects/CGTA-CLUB/vendor/laravel/framework/src/Illuminate/Foundation/Http/Middleware/TrimStrings.php(40): Illuminate\\Foundation\\Http\\Middleware\\TransformsRequest->handle()
#31 /home/saai/Documents/Projects/CGTA-CLUB/vendor/laravel/framework/src/Illuminate/Pipeline/Pipeline.php(183): Illuminate\\Foundation\\Http\\Middleware\\TrimStrings->handle()
#32 /home/saai/Documents/Projects/CGTA-CLUB/vendor/laravel/framework/src/Illuminate/Foundation/Http/Middleware/ValidatePostSize.php(27): Illuminate\\Pipeline\\Pipeline->Illuminate\\Pipeline\\{closure}()
#33 /home/saai/Documents/Projects/CGTA-CLUB/vendor/laravel/framework/src/Illuminate/Pipeline/Pipeline.php(183): Illuminate\\Foundation\\Http\\Middleware\\ValidatePostSize->handle()
#34 /home/saai/Documents/Projects/CGTA-CLUB/vendor/laravel/framework/src/Illuminate/Foundation/Http/Middleware/PreventRequestsDuringMaintenance.php(99): Illuminate\\Pipeline\\Pipeline->Illuminate\\Pipeline\\{closure}()
#35 /home/saai/Documents/Projects/CGTA-CLUB/vendor/laravel/framework/src/Illuminate/Pipeline/Pipeline.php(183): Illuminate\\Foundation\\Http\\Middleware\\PreventRequestsDuringMaintenance->handle()
#36 /home/saai/Documents/Projects/CGTA-CLUB/vendor/laravel/framework/src/Illuminate/Http/Middleware/HandleCors.php(49): Illuminate\\Pipeline\\Pipeline->Illuminate\\Pipeline\\{closure}()
#37 /home/saai/Documents/Projects/CGTA-CLUB/vendor/laravel/framework/src/Illuminate/Pipeline/Pipeline.php(183): Illuminate\\Http\\Middleware\\HandleCors->handle()
#38 /home/saai/Documents/Projects/CGTA-CLUB/vendor/laravel/framework/src/Illuminate/Http/Middleware/TrustProxies.php(39): Illuminate\\Pipeline\\Pipeline->Illuminate\\Pipeline\\{closure}()
#39 /home/saai/Documents/Projects/CGTA-CLUB/vendor/laravel/framework/src/Illuminate/Pipeline/Pipeline.php(183): Illuminate\\Http\\Middleware\\TrustProxies->handle()
#40 /home/saai/Documents/Projects/CGTA-CLUB/vendor/laravel/framework/src/Illuminate/Pipeline/Pipeline.php(119): Illuminate\\Pipeline\\Pipeline->Illuminate\\Pipeline\\{closure}()
#41 /home/saai/Documents/Projects/CGTA-CLUB/vendor/laravel/framework/src/Illuminate/Foundation/Http/Kernel.php(175): Illuminate\\Pipeline\\Pipeline->then()
#42 /home/saai/Documents/Projects/CGTA-CLUB/vendor/laravel/framework/src/Illuminate/Foundation/Http/Kernel.php(144): Illuminate\\Foundation\\Http\\Kernel->sendRequestThroughRouter()
#43 /home/saai/Documents/Projects/CGTA-CLUB/public/index.php(51): Illuminate\\Foundation\\Http\\Kernel->handle()
#44 /home/saai/Documents/Projects/CGTA-CLUB/vendor/laravel/framework/src/Illuminate/Foundation/resources/server.php(16): require_once('...')
#45 {main}
"} 
[2025-01-15 13:09:22] local.ERROR: No application encryption key has been specified. {"exception":"[object] (Illuminate\\Encryption\\MissingAppKeyException(code: 0): No application encryption key has been specified. at /home/saai/Documents/Projects/CGTA-CLUB/vendor/laravel/framework/src/Illuminate/Encryption/EncryptionServiceProvider.php:79)
[stacktrace]
#0 /home/saai/Documents/Projects/CGTA-CLUB/vendor/laravel/framework/src/Illuminate/Support/helpers.php(307): Illuminate\\Encryption\\EncryptionServiceProvider->Illuminate\\Encryption\\{closure}()
#1 /home/saai/Documents/Projects/CGTA-CLUB/vendor/laravel/framework/src/Illuminate/Encryption/EncryptionServiceProvider.php(77): tap()
#2 /home/saai/Documents/Projects/CGTA-CLUB/vendor/laravel/framework/src/Illuminate/Encryption/EncryptionServiceProvider.php(60): Illuminate\\Encryption\\EncryptionServiceProvider->key()
#3 /home/saai/Documents/Projects/CGTA-CLUB/vendor/laravel/framework/src/Illuminate/Encryption/EncryptionServiceProvider.php(32): Illuminate\\Encryption\\EncryptionServiceProvider->parseKey()
#4 /home/saai/Documents/Projects/CGTA-CLUB/vendor/laravel/framework/src/Illuminate/Container/Container.php(908): Illuminate\\Encryption\\EncryptionServiceProvider->Illuminate\\Encryption\\{closure}()
#5 /home/saai/Documents/Projects/CGTA-CLUB/vendor/laravel/framework/src/Illuminate/Container/Container.php(795): Illuminate\\Container\\Container->build()
#6 /home/saai/Documents/Projects/CGTA-CLUB/vendor/laravel/framework/src/Illuminate/Foundation/Application.php(961): Illuminate\\Container\\Container->resolve()
#7 /home/saai/Documents/Projects/CGTA-CLUB/vendor/laravel/framework/src/Illuminate/Container/Container.php(731): Illuminate\\Foundation\\Application->resolve()
#8 /home/saai/Documents/Projects/CGTA-CLUB/vendor/laravel/framework/src/Illuminate/Foundation/Application.php(946): Illuminate\\Container\\Container->make()
#9 /home/saai/Documents/Projects/CGTA-CLUB/vendor/laravel/framework/src/Illuminate/Container/Container.php(1066): Illuminate\\Foundation\\Application->make()
#10 /home/saai/Documents/Projects/CGTA-CLUB/vendor/laravel/framework/src/Illuminate/Container/Container.php(982): Illuminate\\Container\\Container->resolveClass()
#11 /home/saai/Documents/Projects/CGTA-CLUB/vendor/laravel/framework/src/Illuminate/Container/Container.php(943): Illuminate\\Container\\Container->resolveDependencies()
#12 /home/saai/Documents/Projects/CGTA-CLUB/vendor/laravel/framework/src/Illuminate/Container/Container.php(795): Illuminate\\Container\\Container->build()
#13 /home/saai/Documents/Projects/CGTA-CLUB/vendor/laravel/framework/src/Illuminate/Foundation/Application.php(961): Illuminate\\Container\\Container->resolve()
#14 /home/saai/Documents/Projects/CGTA-CLUB/vendor/laravel/framework/src/Illuminate/Container/Container.php(731): Illuminate\\Foundation\\Application->resolve()
#15 /home/saai/Documents/Projects/CGTA-CLUB/vendor/laravel/framework/src/Illuminate/Foundation/Application.php(946): Illuminate\\Container\\Container->make()
#16 /home/saai/Documents/Projects/CGTA-CLUB/vendor/laravel/framework/src/Illuminate/Foundation/Http/Kernel.php(255): Illuminate\\Foundation\\Application->make()
#17 /home/saai/Documents/Projects/CGTA-CLUB/vendor/laravel/framework/src/Illuminate/Foundation/Http/Kernel.php(213): Illuminate\\Foundation\\Http\\Kernel->terminateMiddleware()
#18 /home/saai/Documents/Projects/CGTA-CLUB/public/index.php(55): Illuminate\\Foundation\\Http\\Kernel->terminate()
#19 /home/saai/Documents/Projects/CGTA-CLUB/vendor/laravel/framework/src/Illuminate/Foundation/resources/server.php(16): require_once('...')
#20 {main}
"} 
[2025-01-15 13:09:22] local.ERROR: No application encryption key has been specified. {"exception":"[object] (Illuminate\\Encryption\\MissingAppKeyException(code: 0): No application encryption key has been specified. at /home/saai/Documents/Projects/CGTA-CLUB/vendor/laravel/framework/src/Illuminate/Encryption/EncryptionServiceProvider.php:79)
[stacktrace]
#0 /home/saai/Documents/Projects/CGTA-CLUB/vendor/laravel/framework/src/Illuminate/Support/helpers.php(307): Illuminate\\Encryption\\EncryptionServiceProvider->Illuminate\\Encryption\\{closure}()
#1 /home/saai/Documents/Projects/CGTA-CLUB/vendor/laravel/framework/src/Illuminate/Encryption/EncryptionServiceProvider.php(77): tap()
#2 /home/saai/Documents/Projects/CGTA-CLUB/vendor/laravel/framework/src/Illuminate/Encryption/EncryptionServiceProvider.php(60): Illuminate\\Encryption\\EncryptionServiceProvider->key()
#3 /home/saai/Documents/Projects/CGTA-CLUB/vendor/laravel/framework/src/Illuminate/Encryption/EncryptionServiceProvider.php(32): Illuminate\\Encryption\\EncryptionServiceProvider->parseKey()
#4 /home/saai/Documents/Projects/CGTA-CLUB/vendor/laravel/framework/src/Illuminate/Container/Container.php(908): Illuminate\\Encryption\\EncryptionServiceProvider->Illuminate\\Encryption\\{closure}()
#5 /home/saai/Documents/Projects/CGTA-CLUB/vendor/laravel/framework/src/Illuminate/Container/Container.php(795): Illuminate\\Container\\Container->build()
#6 /home/saai/Documents/Projects/CGTA-CLUB/vendor/laravel/framework/src/Illuminate/Foundation/Application.php(961): Illuminate\\Container\\Container->resolve()
#7 /home/saai/Documents/Projects/CGTA-CLUB/vendor/laravel/framework/src/Illuminate/Container/Container.php(731): Illuminate\\Foundation\\Application->resolve()
#8 /home/saai/Documents/Projects/CGTA-CLUB/vendor/laravel/framework/src/Illuminate/Foundation/Application.php(946): Illuminate\\Container\\Container->make()
#9 /home/saai/Documents/Projects/CGTA-CLUB/vendor/laravel/framework/src/Illuminate/Container/Container.php(1066): Illuminate\\Foundation\\Application->make()
#10 /home/saai/Documents/Projects/CGTA-CLUB/vendor/laravel/framework/src/Illuminate/Container/Container.php(982): Illuminate\\Container\\Container->resolveClass()
#11 /home/saai/Documents/Projects/CGTA-CLUB/vendor/laravel/framework/src/Illuminate/Container/Container.php(943): Illuminate\\Container\\Container->resolveDependencies()
#12 /home/saai/Documents/Projects/CGTA-CLUB/vendor/laravel/framework/src/Illuminate/Container/Container.php(795): Illuminate\\Container\\Container->build()
#13 /home/saai/Documents/Projects/CGTA-CLUB/vendor/laravel/framework/src/Illuminate/Foundation/Application.php(961): Illuminate\\Container\\Container->resolve()
#14 /home/saai/Documents/Projects/CGTA-CLUB/vendor/laravel/framework/src/Illuminate/Container/Container.php(731): Illuminate\\Foundation\\Application->resolve()
#15 /home/saai/Documents/Projects/CGTA-CLUB/vendor/laravel/framework/src/Illuminate/Foundation/Application.php(946): Illuminate\\Container\\Container->make()
#16 /home/saai/Documents/Projects/CGTA-CLUB/vendor/laravel/framework/src/Illuminate/Pipeline/Pipeline.php(172): Illuminate\\Foundation\\Application->make()
#17 /home/saai/Documents/Projects/CGTA-CLUB/vendor/laravel/framework/src/Illuminate/Pipeline/Pipeline.php(119): Illuminate\\Pipeline\\Pipeline->Illuminate\\Pipeline\\{closure}()
#18 /home/saai/Documents/Projects/CGTA-CLUB/vendor/laravel/framework/src/Illuminate/Routing/Router.php(805): Illuminate\\Pipeline\\Pipeline->then()
#19 /home/saai/Documents/Projects/CGTA-CLUB/vendor/laravel/framework/src/Illuminate/Routing/Router.php(784): Illuminate\\Routing\\Router->runRouteWithinStack()
#20 /home/saai/Documents/Projects/CGTA-CLUB/vendor/laravel/framework/src/Illuminate/Routing/Router.php(748): Illuminate\\Routing\\Router->runRoute()
#21 /home/saai/Documents/Projects/CGTA-CLUB/vendor/laravel/framework/src/Illuminate/Routing/Router.php(737): Illuminate\\Routing\\Router->dispatchToRoute()
#22 /home/saai/Documents/Projects/CGTA-CLUB/vendor/laravel/framework/src/Illuminate/Foundation/Http/Kernel.php(200): Illuminate\\Routing\\Router->dispatch()
#23 /home/saai/Documents/Projects/CGTA-CLUB/vendor/laravel/framework/src/Illuminate/Pipeline/Pipeline.php(144): Illuminate\\Foundation\\Http\\Kernel->Illuminate\\Foundation\\Http\\{closure}()
#24 /home/saai/Documents/Projects/CGTA-CLUB/vendor/livewire/livewire/src/Features/SupportDisablingBackButtonCache/DisableBackButtonCacheMiddleware.php(19): Illuminate\\Pipeline\\Pipeline->Illuminate\\Pipeline\\{closure}()
#25 /home/saai/Documents/Projects/CGTA-CLUB/vendor/laravel/framework/src/Illuminate/Pipeline/Pipeline.php(183): Livewire\\Features\\SupportDisablingBackButtonCache\\DisableBackButtonCacheMiddleware->handle()
#26 /home/saai/Documents/Projects/CGTA-CLUB/vendor/laravel/framework/src/Illuminate/Foundation/Http/Middleware/TransformsRequest.php(21): Illuminate\\Pipeline\\Pipeline->Illuminate\\Pipeline\\{closure}()
#27 /home/saai/Documents/Projects/CGTA-CLUB/vendor/laravel/framework/src/Illuminate/Foundation/Http/Middleware/ConvertEmptyStringsToNull.php(31): Illuminate\\Foundation\\Http\\Middleware\\TransformsRequest->handle()
#28 /home/saai/Documents/Projects/CGTA-CLUB/vendor/laravel/framework/src/Illuminate/Pipeline/Pipeline.php(183): Illuminate\\Foundation\\Http\\Middleware\\ConvertEmptyStringsToNull->handle()
#29 /home/saai/Documents/Projects/CGTA-CLUB/vendor/laravel/framework/src/Illuminate/Foundation/Http/Middleware/TransformsRequest.php(21): Illuminate\\Pipeline\\Pipeline->Illuminate\\Pipeline\\{closure}()
#30 /home/saai/Documents/Projects/CGTA-CLUB/vendor/laravel/framework/src/Illuminate/Foundation/Http/Middleware/TrimStrings.php(40): Illuminate\\Foundation\\Http\\Middleware\\TransformsRequest->handle()
#31 /home/saai/Documents/Projects/CGTA-CLUB/vendor/laravel/framework/src/Illuminate/Pipeline/Pipeline.php(183): Illuminate\\Foundation\\Http\\Middleware\\TrimStrings->handle()
#32 /home/saai/Documents/Projects/CGTA-CLUB/vendor/laravel/framework/src/Illuminate/Foundation/Http/Middleware/ValidatePostSize.php(27): Illuminate\\Pipeline\\Pipeline->Illuminate\\Pipeline\\{closure}()
#33 /home/saai/Documents/Projects/CGTA-CLUB/vendor/laravel/framework/src/Illuminate/Pipeline/Pipeline.php(183): Illuminate\\Foundation\\Http\\Middleware\\ValidatePostSize->handle()
#34 /home/saai/Documents/Projects/CGTA-CLUB/vendor/laravel/framework/src/Illuminate/Foundation/Http/Middleware/PreventRequestsDuringMaintenance.php(99): Illuminate\\Pipeline\\Pipeline->Illuminate\\Pipeline\\{closure}()
#35 /home/saai/Documents/Projects/CGTA-CLUB/vendor/laravel/framework/src/Illuminate/Pipeline/Pipeline.php(183): Illuminate\\Foundation\\Http\\Middleware\\PreventRequestsDuringMaintenance->handle()
#36 /home/saai/Documents/Projects/CGTA-CLUB/vendor/laravel/framework/src/Illuminate/Http/Middleware/HandleCors.php(49): Illuminate\\Pipeline\\Pipeline->Illuminate\\Pipeline\\{closure}()
#37 /home/saai/Documents/Projects/CGTA-CLUB/vendor/laravel/framework/src/Illuminate/Pipeline/Pipeline.php(183): Illuminate\\Http\\Middleware\\HandleCors->handle()
#38 /home/saai/Documents/Projects/CGTA-CLUB/vendor/laravel/framework/src/Illuminate/Http/Middleware/TrustProxies.php(39): Illuminate\\Pipeline\\Pipeline->Illuminate\\Pipeline\\{closure}()
#39 /home/saai/Documents/Projects/CGTA-CLUB/vendor/laravel/framework/src/Illuminate/Pipeline/Pipeline.php(183): Illuminate\\Http\\Middleware\\TrustProxies->handle()
#40 /home/saai/Documents/Projects/CGTA-CLUB/vendor/laravel/framework/src/Illuminate/Pipeline/Pipeline.php(119): Illuminate\\Pipeline\\Pipeline->Illuminate\\Pipeline\\{closure}()
#41 /home/saai/Documents/Projects/CGTA-CLUB/vendor/laravel/framework/src/Illuminate/Foundation/Http/Kernel.php(175): Illuminate\\Pipeline\\Pipeline->then()
#42 /home/saai/Documents/Projects/CGTA-CLUB/vendor/laravel/framework/src/Illuminate/Foundation/Http/Kernel.php(144): Illuminate\\Foundation\\Http\\Kernel->sendRequestThroughRouter()
#43 /home/saai/Documents/Projects/CGTA-CLUB/public/index.php(51): Illuminate\\Foundation\\Http\\Kernel->handle()
#44 /home/saai/Documents/Projects/CGTA-CLUB/vendor/laravel/framework/src/Illuminate/Foundation/resources/server.php(16): require_once('...')
#45 {main}
"} 
[2025-01-15 13:09:22] local.ERROR: No application encryption key has been specified. {"exception":"[object] (Illuminate\\Encryption\\MissingAppKeyException(code: 0): No application encryption key has been specified. at /home/saai/Documents/Projects/CGTA-CLUB/vendor/laravel/framework/src/Illuminate/Encryption/EncryptionServiceProvider.php:79)
[stacktrace]
#0 /home/saai/Documents/Projects/CGTA-CLUB/vendor/laravel/framework/src/Illuminate/Support/helpers.php(307): Illuminate\\Encryption\\EncryptionServiceProvider->Illuminate\\Encryption\\{closure}()
#1 /home/saai/Documents/Projects/CGTA-CLUB/vendor/laravel/framework/src/Illuminate/Encryption/EncryptionServiceProvider.php(77): tap()
#2 /home/saai/Documents/Projects/CGTA-CLUB/vendor/laravel/framework/src/Illuminate/Encryption/EncryptionServiceProvider.php(60): Illuminate\\Encryption\\EncryptionServiceProvider->key()
#3 /home/saai/Documents/Projects/CGTA-CLUB/vendor/laravel/framework/src/Illuminate/Encryption/EncryptionServiceProvider.php(32): Illuminate\\Encryption\\EncryptionServiceProvider->parseKey()
#4 /home/saai/Documents/Projects/CGTA-CLUB/vendor/laravel/framework/src/Illuminate/Container/Container.php(908): Illuminate\\Encryption\\EncryptionServiceProvider->Illuminate\\Encryption\\{closure}()
#5 /home/saai/Documents/Projects/CGTA-CLUB/vendor/laravel/framework/src/Illuminate/Container/Container.php(795): Illuminate\\Container\\Container->build()
#6 /home/saai/Documents/Projects/CGTA-CLUB/vendor/laravel/framework/src/Illuminate/Foundation/Application.php(961): Illuminate\\Container\\Container->resolve()
#7 /home/saai/Documents/Projects/CGTA-CLUB/vendor/laravel/framework/src/Illuminate/Container/Container.php(731): Illuminate\\Foundation\\Application->resolve()
#8 /home/saai/Documents/Projects/CGTA-CLUB/vendor/laravel/framework/src/Illuminate/Foundation/Application.php(946): Illuminate\\Container\\Container->make()
#9 /home/saai/Documents/Projects/CGTA-CLUB/vendor/laravel/framework/src/Illuminate/Container/Container.php(1066): Illuminate\\Foundation\\Application->make()
#10 /home/saai/Documents/Projects/CGTA-CLUB/vendor/laravel/framework/src/Illuminate/Container/Container.php(982): Illuminate\\Container\\Container->resolveClass()
#11 /home/saai/Documents/Projects/CGTA-CLUB/vendor/laravel/framework/src/Illuminate/Container/Container.php(943): Illuminate\\Container\\Container->resolveDependencies()
#12 /home/saai/Documents/Projects/CGTA-CLUB/vendor/laravel/framework/src/Illuminate/Container/Container.php(795): Illuminate\\Container\\Container->build()
#13 /home/saai/Documents/Projects/CGTA-CLUB/vendor/laravel/framework/src/Illuminate/Foundation/Application.php(961): Illuminate\\Container\\Container->resolve()
#14 /home/saai/Documents/Projects/CGTA-CLUB/vendor/laravel/framework/src/Illuminate/Container/Container.php(731): Illuminate\\Foundation\\Application->resolve()
#15 /home/saai/Documents/Projects/CGTA-CLUB/vendor/laravel/framework/src/Illuminate/Foundation/Application.php(946): Illuminate\\Container\\Container->make()
#16 /home/saai/Documents/Projects/CGTA-CLUB/vendor/laravel/framework/src/Illuminate/Foundation/Http/Kernel.php(255): Illuminate\\Foundation\\Application->make()
#17 /home/saai/Documents/Projects/CGTA-CLUB/vendor/laravel/framework/src/Illuminate/Foundation/Http/Kernel.php(213): Illuminate\\Foundation\\Http\\Kernel->terminateMiddleware()
#18 /home/saai/Documents/Projects/CGTA-CLUB/public/index.php(55): Illuminate\\Foundation\\Http\\Kernel->terminate()
#19 /home/saai/Documents/Projects/CGTA-CLUB/vendor/laravel/framework/src/Illuminate/Foundation/resources/server.php(16): require_once('...')
#20 {main}
"} 
[2025-01-15 13:09:23] local.ERROR: No application encryption key has been specified. {"exception":"[object] (Illuminate\\Encryption\\MissingAppKeyException(code: 0): No application encryption key has been specified. at /home/saai/Documents/Projects/CGTA-CLUB/vendor/laravel/framework/src/Illuminate/Encryption/EncryptionServiceProvider.php:79)
[stacktrace]
#0 /home/saai/Documents/Projects/CGTA-CLUB/vendor/laravel/framework/src/Illuminate/Support/helpers.php(307): Illuminate\\Encryption\\EncryptionServiceProvider->Illuminate\\Encryption\\{closure}()
#1 /home/saai/Documents/Projects/CGTA-CLUB/vendor/laravel/framework/src/Illuminate/Encryption/EncryptionServiceProvider.php(77): tap()
#2 /home/saai/Documents/Projects/CGTA-CLUB/vendor/laravel/framework/src/Illuminate/Encryption/EncryptionServiceProvider.php(60): Illuminate\\Encryption\\EncryptionServiceProvider->key()
#3 /home/saai/Documents/Projects/CGTA-CLUB/vendor/laravel/framework/src/Illuminate/Encryption/EncryptionServiceProvider.php(32): Illuminate\\Encryption\\EncryptionServiceProvider->parseKey()
#4 /home/saai/Documents/Projects/CGTA-CLUB/vendor/laravel/framework/src/Illuminate/Container/Container.php(908): Illuminate\\Encryption\\EncryptionServiceProvider->Illuminate\\Encryption\\{closure}()
#5 /home/saai/Documents/Projects/CGTA-CLUB/vendor/laravel/framework/src/Illuminate/Container/Container.php(795): Illuminate\\Container\\Container->build()
#6 /home/saai/Documents/Projects/CGTA-CLUB/vendor/laravel/framework/src/Illuminate/Foundation/Application.php(961): Illuminate\\Container\\Container->resolve()
#7 /home/saai/Documents/Projects/CGTA-CLUB/vendor/laravel/framework/src/Illuminate/Container/Container.php(731): Illuminate\\Foundation\\Application->resolve()
#8 /home/saai/Documents/Projects/CGTA-CLUB/vendor/laravel/framework/src/Illuminate/Foundation/Application.php(946): Illuminate\\Container\\Container->make()
#9 /home/saai/Documents/Projects/CGTA-CLUB/vendor/laravel/framework/src/Illuminate/Container/Container.php(1066): Illuminate\\Foundation\\Application->make()
#10 /home/saai/Documents/Projects/CGTA-CLUB/vendor/laravel/framework/src/Illuminate/Container/Container.php(982): Illuminate\\Container\\Container->resolveClass()
#11 /home/saai/Documents/Projects/CGTA-CLUB/vendor/laravel/framework/src/Illuminate/Container/Container.php(943): Illuminate\\Container\\Container->resolveDependencies()
#12 /home/saai/Documents/Projects/CGTA-CLUB/vendor/laravel/framework/src/Illuminate/Container/Container.php(795): Illuminate\\Container\\Container->build()
#13 /home/saai/Documents/Projects/CGTA-CLUB/vendor/laravel/framework/src/Illuminate/Foundation/Application.php(961): Illuminate\\Container\\Container->resolve()
#14 /home/saai/Documents/Projects/CGTA-CLUB/vendor/laravel/framework/src/Illuminate/Container/Container.php(731): Illuminate\\Foundation\\Application->resolve()
#15 /home/saai/Documents/Projects/CGTA-CLUB/vendor/laravel/framework/src/Illuminate/Foundation/Application.php(946): Illuminate\\Container\\Container->make()
#16 /home/saai/Documents/Projects/CGTA-CLUB/vendor/laravel/framework/src/Illuminate/Pipeline/Pipeline.php(172): Illuminate\\Foundation\\Application->make()
#17 /home/saai/Documents/Projects/CGTA-CLUB/vendor/laravel/framework/src/Illuminate/Pipeline/Pipeline.php(119): Illuminate\\Pipeline\\Pipeline->Illuminate\\Pipeline\\{closure}()
#18 /home/saai/Documents/Projects/CGTA-CLUB/vendor/laravel/framework/src/Illuminate/Routing/Router.php(805): Illuminate\\Pipeline\\Pipeline->then()
#19 /home/saai/Documents/Projects/CGTA-CLUB/vendor/laravel/framework/src/Illuminate/Routing/Router.php(784): Illuminate\\Routing\\Router->runRouteWithinStack()
#20 /home/saai/Documents/Projects/CGTA-CLUB/vendor/laravel/framework/src/Illuminate/Routing/Router.php(748): Illuminate\\Routing\\Router->runRoute()
#21 /home/saai/Documents/Projects/CGTA-CLUB/vendor/laravel/framework/src/Illuminate/Routing/Router.php(737): Illuminate\\Routing\\Router->dispatchToRoute()
#22 /home/saai/Documents/Projects/CGTA-CLUB/vendor/laravel/framework/src/Illuminate/Foundation/Http/Kernel.php(200): Illuminate\\Routing\\Router->dispatch()
#23 /home/saai/Documents/Projects/CGTA-CLUB/vendor/laravel/framework/src/Illuminate/Pipeline/Pipeline.php(144): Illuminate\\Foundation\\Http\\Kernel->Illuminate\\Foundation\\Http\\{closure}()
#24 /home/saai/Documents/Projects/CGTA-CLUB/vendor/livewire/livewire/src/Features/SupportDisablingBackButtonCache/DisableBackButtonCacheMiddleware.php(19): Illuminate\\Pipeline\\Pipeline->Illuminate\\Pipeline\\{closure}()
#25 /home/saai/Documents/Projects/CGTA-CLUB/vendor/laravel/framework/src/Illuminate/Pipeline/Pipeline.php(183): Livewire\\Features\\SupportDisablingBackButtonCache\\DisableBackButtonCacheMiddleware->handle()
#26 /home/saai/Documents/Projects/CGTA-CLUB/vendor/laravel/framework/src/Illuminate/Foundation/Http/Middleware/TransformsRequest.php(21): Illuminate\\Pipeline\\Pipeline->Illuminate\\Pipeline\\{closure}()
#27 /home/saai/Documents/Projects/CGTA-CLUB/vendor/laravel/framework/src/Illuminate/Foundation/Http/Middleware/ConvertEmptyStringsToNull.php(31): Illuminate\\Foundation\\Http\\Middleware\\TransformsRequest->handle()
#28 /home/saai/Documents/Projects/CGTA-CLUB/vendor/laravel/framework/src/Illuminate/Pipeline/Pipeline.php(183): Illuminate\\Foundation\\Http\\Middleware\\ConvertEmptyStringsToNull->handle()
#29 /home/saai/Documents/Projects/CGTA-CLUB/vendor/laravel/framework/src/Illuminate/Foundation/Http/Middleware/TransformsRequest.php(21): Illuminate\\Pipeline\\Pipeline->Illuminate\\Pipeline\\{closure}()
#30 /home/saai/Documents/Projects/CGTA-CLUB/vendor/laravel/framework/src/Illuminate/Foundation/Http/Middleware/TrimStrings.php(40): Illuminate\\Foundation\\Http\\Middleware\\TransformsRequest->handle()
#31 /home/saai/Documents/Projects/CGTA-CLUB/vendor/laravel/framework/src/Illuminate/Pipeline/Pipeline.php(183): Illuminate\\Foundation\\Http\\Middleware\\TrimStrings->handle()
#32 /home/saai/Documents/Projects/CGTA-CLUB/vendor/laravel/framework/src/Illuminate/Foundation/Http/Middleware/ValidatePostSize.php(27): Illuminate\\Pipeline\\Pipeline->Illuminate\\Pipeline\\{closure}()
#33 /home/saai/Documents/Projects/CGTA-CLUB/vendor/laravel/framework/src/Illuminate/Pipeline/Pipeline.php(183): Illuminate\\Foundation\\Http\\Middleware\\ValidatePostSize->handle()
#34 /home/saai/Documents/Projects/CGTA-CLUB/vendor/laravel/framework/src/Illuminate/Foundation/Http/Middleware/PreventRequestsDuringMaintenance.php(99): Illuminate\\Pipeline\\Pipeline->Illuminate\\Pipeline\\{closure}()
#35 /home/saai/Documents/Projects/CGTA-CLUB/vendor/laravel/framework/src/Illuminate/Pipeline/Pipeline.php(183): Illuminate\\Foundation\\Http\\Middleware\\PreventRequestsDuringMaintenance->handle()
#36 /home/saai/Documents/Projects/CGTA-CLUB/vendor/laravel/framework/src/Illuminate/Http/Middleware/HandleCors.php(49): Illuminate\\Pipeline\\Pipeline->Illuminate\\Pipeline\\{closure}()
#37 /home/saai/Documents/Projects/CGTA-CLUB/vendor/laravel/framework/src/Illuminate/Pipeline/Pipeline.php(183): Illuminate\\Http\\Middleware\\HandleCors->handle()
#38 /home/saai/Documents/Projects/CGTA-CLUB/vendor/laravel/framework/src/Illuminate/Http/Middleware/TrustProxies.php(39): Illuminate\\Pipeline\\Pipeline->Illuminate\\Pipeline\\{closure}()
#39 /home/saai/Documents/Projects/CGTA-CLUB/vendor/laravel/framework/src/Illuminate/Pipeline/Pipeline.php(183): Illuminate\\Http\\Middleware\\TrustProxies->handle()
#40 /home/saai/Documents/Projects/CGTA-CLUB/vendor/laravel/framework/src/Illuminate/Pipeline/Pipeline.php(119): Illuminate\\Pipeline\\Pipeline->Illuminate\\Pipeline\\{closure}()
#41 /home/saai/Documents/Projects/CGTA-CLUB/vendor/laravel/framework/src/Illuminate/Foundation/Http/Kernel.php(175): Illuminate\\Pipeline\\Pipeline->then()
#42 /home/saai/Documents/Projects/CGTA-CLUB/vendor/laravel/framework/src/Illuminate/Foundation/Http/Kernel.php(144): Illuminate\\Foundation\\Http\\Kernel->sendRequestThroughRouter()
#43 /home/saai/Documents/Projects/CGTA-CLUB/public/index.php(51): Illuminate\\Foundation\\Http\\Kernel->handle()
#44 /home/saai/Documents/Projects/CGTA-CLUB/vendor/laravel/framework/src/Illuminate/Foundation/resources/server.php(16): require_once('...')
#45 {main}
"} 
[2025-01-15 13:09:23] local.ERROR: No application encryption key has been specified. {"exception":"[object] (Illuminate\\Encryption\\MissingAppKeyException(code: 0): No application encryption key has been specified. at /home/saai/Documents/Projects/CGTA-CLUB/vendor/laravel/framework/src/Illuminate/Encryption/EncryptionServiceProvider.php:79)
[stacktrace]
#0 /home/saai/Documents/Projects/CGTA-CLUB/vendor/laravel/framework/src/Illuminate/Support/helpers.php(307): Illuminate\\Encryption\\EncryptionServiceProvider->Illuminate\\Encryption\\{closure}()
#1 /home/saai/Documents/Projects/CGTA-CLUB/vendor/laravel/framework/src/Illuminate/Encryption/EncryptionServiceProvider.php(77): tap()
#2 /home/saai/Documents/Projects/CGTA-CLUB/vendor/laravel/framework/src/Illuminate/Encryption/EncryptionServiceProvider.php(60): Illuminate\\Encryption\\EncryptionServiceProvider->key()
#3 /home/saai/Documents/Projects/CGTA-CLUB/vendor/laravel/framework/src/Illuminate/Encryption/EncryptionServiceProvider.php(32): Illuminate\\Encryption\\EncryptionServiceProvider->parseKey()
#4 /home/saai/Documents/Projects/CGTA-CLUB/vendor/laravel/framework/src/Illuminate/Container/Container.php(908): Illuminate\\Encryption\\EncryptionServiceProvider->Illuminate\\Encryption\\{closure}()
#5 /home/saai/Documents/Projects/CGTA-CLUB/vendor/laravel/framework/src/Illuminate/Container/Container.php(795): Illuminate\\Container\\Container->build()
#6 /home/saai/Documents/Projects/CGTA-CLUB/vendor/laravel/framework/src/Illuminate/Foundation/Application.php(961): Illuminate\\Container\\Container->resolve()
#7 /home/saai/Documents/Projects/CGTA-CLUB/vendor/laravel/framework/src/Illuminate/Container/Container.php(731): Illuminate\\Foundation\\Application->resolve()
#8 /home/saai/Documents/Projects/CGTA-CLUB/vendor/laravel/framework/src/Illuminate/Foundation/Application.php(946): Illuminate\\Container\\Container->make()
#9 /home/saai/Documents/Projects/CGTA-CLUB/vendor/laravel/framework/src/Illuminate/Container/Container.php(1066): Illuminate\\Foundation\\Application->make()
#10 /home/saai/Documents/Projects/CGTA-CLUB/vendor/laravel/framework/src/Illuminate/Container/Container.php(982): Illuminate\\Container\\Container->resolveClass()
#11 /home/saai/Documents/Projects/CGTA-CLUB/vendor/laravel/framework/src/Illuminate/Container/Container.php(943): Illuminate\\Container\\Container->resolveDependencies()
#12 /home/saai/Documents/Projects/CGTA-CLUB/vendor/laravel/framework/src/Illuminate/Container/Container.php(795): Illuminate\\Container\\Container->build()
#13 /home/saai/Documents/Projects/CGTA-CLUB/vendor/laravel/framework/src/Illuminate/Foundation/Application.php(961): Illuminate\\Container\\Container->resolve()
#14 /home/saai/Documents/Projects/CGTA-CLUB/vendor/laravel/framework/src/Illuminate/Container/Container.php(731): Illuminate\\Foundation\\Application->resolve()
#15 /home/saai/Documents/Projects/CGTA-CLUB/vendor/laravel/framework/src/Illuminate/Foundation/Application.php(946): Illuminate\\Container\\Container->make()
#16 /home/saai/Documents/Projects/CGTA-CLUB/vendor/laravel/framework/src/Illuminate/Foundation/Http/Kernel.php(255): Illuminate\\Foundation\\Application->make()
#17 /home/saai/Documents/Projects/CGTA-CLUB/vendor/laravel/framework/src/Illuminate/Foundation/Http/Kernel.php(213): Illuminate\\Foundation\\Http\\Kernel->terminateMiddleware()
#18 /home/saai/Documents/Projects/CGTA-CLUB/public/index.php(55): Illuminate\\Foundation\\Http\\Kernel->terminate()
#19 /home/saai/Documents/Projects/CGTA-CLUB/vendor/laravel/framework/src/Illuminate/Foundation/resources/server.php(16): require_once('...')
#20 {main}
"} 
[2025-01-15 13:09:23] local.ERROR: No application encryption key has been specified. {"exception":"[object] (Illuminate\\Encryption\\MissingAppKeyException(code: 0): No application encryption key has been specified. at /home/saai/Documents/Projects/CGTA-CLUB/vendor/laravel/framework/src/Illuminate/Encryption/EncryptionServiceProvider.php:79)
[stacktrace]
#0 /home/saai/Documents/Projects/CGTA-CLUB/vendor/laravel/framework/src/Illuminate/Support/helpers.php(307): Illuminate\\Encryption\\EncryptionServiceProvider->Illuminate\\Encryption\\{closure}()
#1 /home/saai/Documents/Projects/CGTA-CLUB/vendor/laravel/framework/src/Illuminate/Encryption/EncryptionServiceProvider.php(77): tap()
#2 /home/saai/Documents/Projects/CGTA-CLUB/vendor/laravel/framework/src/Illuminate/Encryption/EncryptionServiceProvider.php(60): Illuminate\\Encryption\\EncryptionServiceProvider->key()
#3 /home/saai/Documents/Projects/CGTA-CLUB/vendor/laravel/framework/src/Illuminate/Encryption/EncryptionServiceProvider.php(32): Illuminate\\Encryption\\EncryptionServiceProvider->parseKey()
#4 /home/saai/Documents/Projects/CGTA-CLUB/vendor/laravel/framework/src/Illuminate/Container/Container.php(908): Illuminate\\Encryption\\EncryptionServiceProvider->Illuminate\\Encryption\\{closure}()
#5 /home/saai/Documents/Projects/CGTA-CLUB/vendor/laravel/framework/src/Illuminate/Container/Container.php(795): Illuminate\\Container\\Container->build()
#6 /home/saai/Documents/Projects/CGTA-CLUB/vendor/laravel/framework/src/Illuminate/Foundation/Application.php(961): Illuminate\\Container\\Container->resolve()
#7 /home/saai/Documents/Projects/CGTA-CLUB/vendor/laravel/framework/src/Illuminate/Container/Container.php(731): Illuminate\\Foundation\\Application->resolve()
#8 /home/saai/Documents/Projects/CGTA-CLUB/vendor/laravel/framework/src/Illuminate/Foundation/Application.php(946): Illuminate\\Container\\Container->make()
#9 /home/saai/Documents/Projects/CGTA-CLUB/vendor/laravel/framework/src/Illuminate/Container/Container.php(1066): Illuminate\\Foundation\\Application->make()
#10 /home/saai/Documents/Projects/CGTA-CLUB/vendor/laravel/framework/src/Illuminate/Container/Container.php(982): Illuminate\\Container\\Container->resolveClass()
#11 /home/saai/Documents/Projects/CGTA-CLUB/vendor/laravel/framework/src/Illuminate/Container/Container.php(943): Illuminate\\Container\\Container->resolveDependencies()
#12 /home/saai/Documents/Projects/CGTA-CLUB/vendor/laravel/framework/src/Illuminate/Container/Container.php(795): Illuminate\\Container\\Container->build()
#13 /home/saai/Documents/Projects/CGTA-CLUB/vendor/laravel/framework/src/Illuminate/Foundation/Application.php(961): Illuminate\\Container\\Container->resolve()
#14 /home/saai/Documents/Projects/CGTA-CLUB/vendor/laravel/framework/src/Illuminate/Container/Container.php(731): Illuminate\\Foundation\\Application->resolve()
#15 /home/saai/Documents/Projects/CGTA-CLUB/vendor/laravel/framework/src/Illuminate/Foundation/Application.php(946): Illuminate\\Container\\Container->make()
#16 /home/saai/Documents/Projects/CGTA-CLUB/vendor/laravel/framework/src/Illuminate/Pipeline/Pipeline.php(172): Illuminate\\Foundation\\Application->make()
#17 /home/saai/Documents/Projects/CGTA-CLUB/vendor/laravel/framework/src/Illuminate/Pipeline/Pipeline.php(119): Illuminate\\Pipeline\\Pipeline->Illuminate\\Pipeline\\{closure}()
#18 /home/saai/Documents/Projects/CGTA-CLUB/vendor/laravel/framework/src/Illuminate/Routing/Router.php(805): Illuminate\\Pipeline\\Pipeline->then()
#19 /home/saai/Documents/Projects/CGTA-CLUB/vendor/laravel/framework/src/Illuminate/Routing/Router.php(784): Illuminate\\Routing\\Router->runRouteWithinStack()
#20 /home/saai/Documents/Projects/CGTA-CLUB/vendor/laravel/framework/src/Illuminate/Routing/Router.php(748): Illuminate\\Routing\\Router->runRoute()
#21 /home/saai/Documents/Projects/CGTA-CLUB/vendor/laravel/framework/src/Illuminate/Routing/Router.php(737): Illuminate\\Routing\\Router->dispatchToRoute()
#22 /home/saai/Documents/Projects/CGTA-CLUB/vendor/laravel/framework/src/Illuminate/Foundation/Http/Kernel.php(200): Illuminate\\Routing\\Router->dispatch()
#23 /home/saai/Documents/Projects/CGTA-CLUB/vendor/laravel/framework/src/Illuminate/Pipeline/Pipeline.php(144): Illuminate\\Foundation\\Http\\Kernel->Illuminate\\Foundation\\Http\\{closure}()
#24 /home/saai/Documents/Projects/CGTA-CLUB/vendor/livewire/livewire/src/Features/SupportDisablingBackButtonCache/DisableBackButtonCacheMiddleware.php(19): Illuminate\\Pipeline\\Pipeline->Illuminate\\Pipeline\\{closure}()
#25 /home/saai/Documents/Projects/CGTA-CLUB/vendor/laravel/framework/src/Illuminate/Pipeline/Pipeline.php(183): Livewire\\Features\\SupportDisablingBackButtonCache\\DisableBackButtonCacheMiddleware->handle()
#26 /home/saai/Documents/Projects/CGTA-CLUB/vendor/laravel/framework/src/Illuminate/Foundation/Http/Middleware/TransformsRequest.php(21): Illuminate\\Pipeline\\Pipeline->Illuminate\\Pipeline\\{closure}()
#27 /home/saai/Documents/Projects/CGTA-CLUB/vendor/laravel/framework/src/Illuminate/Foundation/Http/Middleware/ConvertEmptyStringsToNull.php(31): Illuminate\\Foundation\\Http\\Middleware\\TransformsRequest->handle()
#28 /home/saai/Documents/Projects/CGTA-CLUB/vendor/laravel/framework/src/Illuminate/Pipeline/Pipeline.php(183): Illuminate\\Foundation\\Http\\Middleware\\ConvertEmptyStringsToNull->handle()
#29 /home/saai/Documents/Projects/CGTA-CLUB/vendor/laravel/framework/src/Illuminate/Foundation/Http/Middleware/TransformsRequest.php(21): Illuminate\\Pipeline\\Pipeline->Illuminate\\Pipeline\\{closure}()
#30 /home/saai/Documents/Projects/CGTA-CLUB/vendor/laravel/framework/src/Illuminate/Foundation/Http/Middleware/TrimStrings.php(40): Illuminate\\Foundation\\Http\\Middleware\\TransformsRequest->handle()
#31 /home/saai/Documents/Projects/CGTA-CLUB/vendor/laravel/framework/src/Illuminate/Pipeline/Pipeline.php(183): Illuminate\\Foundation\\Http\\Middleware\\TrimStrings->handle()
#32 /home/saai/Documents/Projects/CGTA-CLUB/vendor/laravel/framework/src/Illuminate/Foundation/Http/Middleware/ValidatePostSize.php(27): Illuminate\\Pipeline\\Pipeline->Illuminate\\Pipeline\\{closure}()
#33 /home/saai/Documents/Projects/CGTA-CLUB/vendor/laravel/framework/src/Illuminate/Pipeline/Pipeline.php(183): Illuminate\\Foundation\\Http\\Middleware\\ValidatePostSize->handle()
#34 /home/saai/Documents/Projects/CGTA-CLUB/vendor/laravel/framework/src/Illuminate/Foundation/Http/Middleware/PreventRequestsDuringMaintenance.php(99): Illuminate\\Pipeline\\Pipeline->Illuminate\\Pipeline\\{closure}()
#35 /home/saai/Documents/Projects/CGTA-CLUB/vendor/laravel/framework/src/Illuminate/Pipeline/Pipeline.php(183): Illuminate\\Foundation\\Http\\Middleware\\PreventRequestsDuringMaintenance->handle()
#36 /home/saai/Documents/Projects/CGTA-CLUB/vendor/laravel/framework/src/Illuminate/Http/Middleware/HandleCors.php(49): Illuminate\\Pipeline\\Pipeline->Illuminate\\Pipeline\\{closure}()
#37 /home/saai/Documents/Projects/CGTA-CLUB/vendor/laravel/framework/src/Illuminate/Pipeline/Pipeline.php(183): Illuminate\\Http\\Middleware\\HandleCors->handle()
#38 /home/saai/Documents/Projects/CGTA-CLUB/vendor/laravel/framework/src/Illuminate/Http/Middleware/TrustProxies.php(39): Illuminate\\Pipeline\\Pipeline->Illuminate\\Pipeline\\{closure}()
#39 /home/saai/Documents/Projects/CGTA-CLUB/vendor/laravel/framework/src/Illuminate/Pipeline/Pipeline.php(183): Illuminate\\Http\\Middleware\\TrustProxies->handle()
#40 /home/saai/Documents/Projects/CGTA-CLUB/vendor/laravel/framework/src/Illuminate/Pipeline/Pipeline.php(119): Illuminate\\Pipeline\\Pipeline->Illuminate\\Pipeline\\{closure}()
#41 /home/saai/Documents/Projects/CGTA-CLUB/vendor/laravel/framework/src/Illuminate/Foundation/Http/Kernel.php(175): Illuminate\\Pipeline\\Pipeline->then()
#42 /home/saai/Documents/Projects/CGTA-CLUB/vendor/laravel/framework/src/Illuminate/Foundation/Http/Kernel.php(144): Illuminate\\Foundation\\Http\\Kernel->sendRequestThroughRouter()
#43 /home/saai/Documents/Projects/CGTA-CLUB/public/index.php(51): Illuminate\\Foundation\\Http\\Kernel->handle()
#44 /home/saai/Documents/Projects/CGTA-CLUB/vendor/laravel/framework/src/Illuminate/Foundation/resources/server.php(16): require_once('...')
#45 {main}
"} 
[2025-01-15 13:09:23] local.ERROR: No application encryption key has been specified. {"exception":"[object] (Illuminate\\Encryption\\MissingAppKeyException(code: 0): No application encryption key has been specified. at /home/saai/Documents/Projects/CGTA-CLUB/vendor/laravel/framework/src/Illuminate/Encryption/EncryptionServiceProvider.php:79)
[stacktrace]
#0 /home/saai/Documents/Projects/CGTA-CLUB/vendor/laravel/framework/src/Illuminate/Support/helpers.php(307): Illuminate\\Encryption\\EncryptionServiceProvider->Illuminate\\Encryption\\{closure}()
#1 /home/saai/Documents/Projects/CGTA-CLUB/vendor/laravel/framework/src/Illuminate/Encryption/EncryptionServiceProvider.php(77): tap()
#2 /home/saai/Documents/Projects/CGTA-CLUB/vendor/laravel/framework/src/Illuminate/Encryption/EncryptionServiceProvider.php(60): Illuminate\\Encryption\\EncryptionServiceProvider->key()
#3 /home/saai/Documents/Projects/CGTA-CLUB/vendor/laravel/framework/src/Illuminate/Encryption/EncryptionServiceProvider.php(32): Illuminate\\Encryption\\EncryptionServiceProvider->parseKey()
#4 /home/saai/Documents/Projects/CGTA-CLUB/vendor/laravel/framework/src/Illuminate/Container/Container.php(908): Illuminate\\Encryption\\EncryptionServiceProvider->Illuminate\\Encryption\\{closure}()
#5 /home/saai/Documents/Projects/CGTA-CLUB/vendor/laravel/framework/src/Illuminate/Container/Container.php(795): Illuminate\\Container\\Container->build()
#6 /home/saai/Documents/Projects/CGTA-CLUB/vendor/laravel/framework/src/Illuminate/Foundation/Application.php(961): Illuminate\\Container\\Container->resolve()
#7 /home/saai/Documents/Projects/CGTA-CLUB/vendor/laravel/framework/src/Illuminate/Container/Container.php(731): Illuminate\\Foundation\\Application->resolve()
#8 /home/saai/Documents/Projects/CGTA-CLUB/vendor/laravel/framework/src/Illuminate/Foundation/Application.php(946): Illuminate\\Container\\Container->make()
#9 /home/saai/Documents/Projects/CGTA-CLUB/vendor/laravel/framework/src/Illuminate/Container/Container.php(1066): Illuminate\\Foundation\\Application->make()
#10 /home/saai/Documents/Projects/CGTA-CLUB/vendor/laravel/framework/src/Illuminate/Container/Container.php(982): Illuminate\\Container\\Container->resolveClass()
#11 /home/saai/Documents/Projects/CGTA-CLUB/vendor/laravel/framework/src/Illuminate/Container/Container.php(943): Illuminate\\Container\\Container->resolveDependencies()
#12 /home/saai/Documents/Projects/CGTA-CLUB/vendor/laravel/framework/src/Illuminate/Container/Container.php(795): Illuminate\\Container\\Container->build()
#13 /home/saai/Documents/Projects/CGTA-CLUB/vendor/laravel/framework/src/Illuminate/Foundation/Application.php(961): Illuminate\\Container\\Container->resolve()
#14 /home/saai/Documents/Projects/CGTA-CLUB/vendor/laravel/framework/src/Illuminate/Container/Container.php(731): Illuminate\\Foundation\\Application->resolve()
#15 /home/saai/Documents/Projects/CGTA-CLUB/vendor/laravel/framework/src/Illuminate/Foundation/Application.php(946): Illuminate\\Container\\Container->make()
#16 /home/saai/Documents/Projects/CGTA-CLUB/vendor/laravel/framework/src/Illuminate/Foundation/Http/Kernel.php(255): Illuminate\\Foundation\\Application->make()
#17 /home/saai/Documents/Projects/CGTA-CLUB/vendor/laravel/framework/src/Illuminate/Foundation/Http/Kernel.php(213): Illuminate\\Foundation\\Http\\Kernel->terminateMiddleware()
#18 /home/saai/Documents/Projects/CGTA-CLUB/public/index.php(55): Illuminate\\Foundation\\Http\\Kernel->terminate()
#19 /home/saai/Documents/Projects/CGTA-CLUB/vendor/laravel/framework/src/Illuminate/Foundation/resources/server.php(16): require_once('...')
#20 {main}
"} 
[2025-01-15 13:09:24] local.ERROR: No application encryption key has been specified. {"exception":"[object] (Illuminate\\Encryption\\MissingAppKeyException(code: 0): No application encryption key has been specified. at /home/saai/Documents/Projects/CGTA-CLUB/vendor/laravel/framework/src/Illuminate/Encryption/EncryptionServiceProvider.php:79)
[stacktrace]
#0 /home/saai/Documents/Projects/CGTA-CLUB/vendor/laravel/framework/src/Illuminate/Support/helpers.php(307): Illuminate\\Encryption\\EncryptionServiceProvider->Illuminate\\Encryption\\{closure}()
#1 /home/saai/Documents/Projects/CGTA-CLUB/vendor/laravel/framework/src/Illuminate/Encryption/EncryptionServiceProvider.php(77): tap()
#2 /home/saai/Documents/Projects/CGTA-CLUB/vendor/laravel/framework/src/Illuminate/Encryption/EncryptionServiceProvider.php(60): Illuminate\\Encryption\\EncryptionServiceProvider->key()
#3 /home/saai/Documents/Projects/CGTA-CLUB/vendor/laravel/framework/src/Illuminate/Encryption/EncryptionServiceProvider.php(32): Illuminate\\Encryption\\EncryptionServiceProvider->parseKey()
#4 /home/saai/Documents/Projects/CGTA-CLUB/vendor/laravel/framework/src/Illuminate/Container/Container.php(908): Illuminate\\Encryption\\EncryptionServiceProvider->Illuminate\\Encryption\\{closure}()
#5 /home/saai/Documents/Projects/CGTA-CLUB/vendor/laravel/framework/src/Illuminate/Container/Container.php(795): Illuminate\\Container\\Container->build()
#6 /home/saai/Documents/Projects/CGTA-CLUB/vendor/laravel/framework/src/Illuminate/Foundation/Application.php(961): Illuminate\\Container\\Container->resolve()
#7 /home/saai/Documents/Projects/CGTA-CLUB/vendor/laravel/framework/src/Illuminate/Container/Container.php(731): Illuminate\\Foundation\\Application->resolve()
#8 /home/saai/Documents/Projects/CGTA-CLUB/vendor/laravel/framework/src/Illuminate/Foundation/Application.php(946): Illuminate\\Container\\Container->make()
#9 /home/saai/Documents/Projects/CGTA-CLUB/vendor/laravel/framework/src/Illuminate/Container/Container.php(1066): Illuminate\\Foundation\\Application->make()
#10 /home/saai/Documents/Projects/CGTA-CLUB/vendor/laravel/framework/src/Illuminate/Container/Container.php(982): Illuminate\\Container\\Container->resolveClass()
#11 /home/saai/Documents/Projects/CGTA-CLUB/vendor/laravel/framework/src/Illuminate/Container/Container.php(943): Illuminate\\Container\\Container->resolveDependencies()
#12 /home/saai/Documents/Projects/CGTA-CLUB/vendor/laravel/framework/src/Illuminate/Container/Container.php(795): Illuminate\\Container\\Container->build()
#13 /home/saai/Documents/Projects/CGTA-CLUB/vendor/laravel/framework/src/Illuminate/Foundation/Application.php(961): Illuminate\\Container\\Container->resolve()
#14 /home/saai/Documents/Projects/CGTA-CLUB/vendor/laravel/framework/src/Illuminate/Container/Container.php(731): Illuminate\\Foundation\\Application->resolve()
#15 /home/saai/Documents/Projects/CGTA-CLUB/vendor/laravel/framework/src/Illuminate/Foundation/Application.php(946): Illuminate\\Container\\Container->make()
#16 /home/saai/Documents/Projects/CGTA-CLUB/vendor/laravel/framework/src/Illuminate/Pipeline/Pipeline.php(172): Illuminate\\Foundation\\Application->make()
#17 /home/saai/Documents/Projects/CGTA-CLUB/vendor/laravel/framework/src/Illuminate/Pipeline/Pipeline.php(119): Illuminate\\Pipeline\\Pipeline->Illuminate\\Pipeline\\{closure}()
#18 /home/saai/Documents/Projects/CGTA-CLUB/vendor/laravel/framework/src/Illuminate/Routing/Router.php(805): Illuminate\\Pipeline\\Pipeline->then()
#19 /home/saai/Documents/Projects/CGTA-CLUB/vendor/laravel/framework/src/Illuminate/Routing/Router.php(784): Illuminate\\Routing\\Router->runRouteWithinStack()
#20 /home/saai/Documents/Projects/CGTA-CLUB/vendor/laravel/framework/src/Illuminate/Routing/Router.php(748): Illuminate\\Routing\\Router->runRoute()
#21 /home/saai/Documents/Projects/CGTA-CLUB/vendor/laravel/framework/src/Illuminate/Routing/Router.php(737): Illuminate\\Routing\\Router->dispatchToRoute()
#22 /home/saai/Documents/Projects/CGTA-CLUB/vendor/laravel/framework/src/Illuminate/Foundation/Http/Kernel.php(200): Illuminate\\Routing\\Router->dispatch()
#23 /home/saai/Documents/Projects/CGTA-CLUB/vendor/laravel/framework/src/Illuminate/Pipeline/Pipeline.php(144): Illuminate\\Foundation\\Http\\Kernel->Illuminate\\Foundation\\Http\\{closure}()
#24 /home/saai/Documents/Projects/CGTA-CLUB/vendor/livewire/livewire/src/Features/SupportDisablingBackButtonCache/DisableBackButtonCacheMiddleware.php(19): Illuminate\\Pipeline\\Pipeline->Illuminate\\Pipeline\\{closure}()
#25 /home/saai/Documents/Projects/CGTA-CLUB/vendor/laravel/framework/src/Illuminate/Pipeline/Pipeline.php(183): Livewire\\Features\\SupportDisablingBackButtonCache\\DisableBackButtonCacheMiddleware->handle()
#26 /home/saai/Documents/Projects/CGTA-CLUB/vendor/laravel/framework/src/Illuminate/Foundation/Http/Middleware/TransformsRequest.php(21): Illuminate\\Pipeline\\Pipeline->Illuminate\\Pipeline\\{closure}()
#27 /home/saai/Documents/Projects/CGTA-CLUB/vendor/laravel/framework/src/Illuminate/Foundation/Http/Middleware/ConvertEmptyStringsToNull.php(31): Illuminate\\Foundation\\Http\\Middleware\\TransformsRequest->handle()
#28 /home/saai/Documents/Projects/CGTA-CLUB/vendor/laravel/framework/src/Illuminate/Pipeline/Pipeline.php(183): Illuminate\\Foundation\\Http\\Middleware\\ConvertEmptyStringsToNull->handle()
#29 /home/saai/Documents/Projects/CGTA-CLUB/vendor/laravel/framework/src/Illuminate/Foundation/Http/Middleware/TransformsRequest.php(21): Illuminate\\Pipeline\\Pipeline->Illuminate\\Pipeline\\{closure}()
#30 /home/saai/Documents/Projects/CGTA-CLUB/vendor/laravel/framework/src/Illuminate/Foundation/Http/Middleware/TrimStrings.php(40): Illuminate\\Foundation\\Http\\Middleware\\TransformsRequest->handle()
#31 /home/saai/Documents/Projects/CGTA-CLUB/vendor/laravel/framework/src/Illuminate/Pipeline/Pipeline.php(183): Illuminate\\Foundation\\Http\\Middleware\\TrimStrings->handle()
#32 /home/saai/Documents/Projects/CGTA-CLUB/vendor/laravel/framework/src/Illuminate/Foundation/Http/Middleware/ValidatePostSize.php(27): Illuminate\\Pipeline\\Pipeline->Illuminate\\Pipeline\\{closure}()
#33 /home/saai/Documents/Projects/CGTA-CLUB/vendor/laravel/framework/src/Illuminate/Pipeline/Pipeline.php(183): Illuminate\\Foundation\\Http\\Middleware\\ValidatePostSize->handle()
#34 /home/saai/Documents/Projects/CGTA-CLUB/vendor/laravel/framework/src/Illuminate/Foundation/Http/Middleware/PreventRequestsDuringMaintenance.php(99): Illuminate\\Pipeline\\Pipeline->Illuminate\\Pipeline\\{closure}()
#35 /home/saai/Documents/Projects/CGTA-CLUB/vendor/laravel/framework/src/Illuminate/Pipeline/Pipeline.php(183): Illuminate\\Foundation\\Http\\Middleware\\PreventRequestsDuringMaintenance->handle()
#36 /home/saai/Documents/Projects/CGTA-CLUB/vendor/laravel/framework/src/Illuminate/Http/Middleware/HandleCors.php(49): Illuminate\\Pipeline\\Pipeline->Illuminate\\Pipeline\\{closure}()
#37 /home/saai/Documents/Projects/CGTA-CLUB/vendor/laravel/framework/src/Illuminate/Pipeline/Pipeline.php(183): Illuminate\\Http\\Middleware\\HandleCors->handle()
#38 /home/saai/Documents/Projects/CGTA-CLUB/vendor/laravel/framework/src/Illuminate/Http/Middleware/TrustProxies.php(39): Illuminate\\Pipeline\\Pipeline->Illuminate\\Pipeline\\{closure}()
#39 /home/saai/Documents/Projects/CGTA-CLUB/vendor/laravel/framework/src/Illuminate/Pipeline/Pipeline.php(183): Illuminate\\Http\\Middleware\\TrustProxies->handle()
#40 /home/saai/Documents/Projects/CGTA-CLUB/vendor/laravel/framework/src/Illuminate/Pipeline/Pipeline.php(119): Illuminate\\Pipeline\\Pipeline->Illuminate\\Pipeline\\{closure}()
#41 /home/saai/Documents/Projects/CGTA-CLUB/vendor/laravel/framework/src/Illuminate/Foundation/Http/Kernel.php(175): Illuminate\\Pipeline\\Pipeline->then()
#42 /home/saai/Documents/Projects/CGTA-CLUB/vendor/laravel/framework/src/Illuminate/Foundation/Http/Kernel.php(144): Illuminate\\Foundation\\Http\\Kernel->sendRequestThroughRouter()
#43 /home/saai/Documents/Projects/CGTA-CLUB/public/index.php(51): Illuminate\\Foundation\\Http\\Kernel->handle()
#44 /home/saai/Documents/Projects/CGTA-CLUB/vendor/laravel/framework/src/Illuminate/Foundation/resources/server.php(16): require_once('...')
#45 {main}
"} 
[2025-01-15 13:09:24] local.ERROR: No application encryption key has been specified. {"exception":"[object] (Illuminate\\Encryption\\MissingAppKeyException(code: 0): No application encryption key has been specified. at /home/saai/Documents/Projects/CGTA-CLUB/vendor/laravel/framework/src/Illuminate/Encryption/EncryptionServiceProvider.php:79)
[stacktrace]
#0 /home/saai/Documents/Projects/CGTA-CLUB/vendor/laravel/framework/src/Illuminate/Support/helpers.php(307): Illuminate\\Encryption\\EncryptionServiceProvider->Illuminate\\Encryption\\{closure}()
#1 /home/saai/Documents/Projects/CGTA-CLUB/vendor/laravel/framework/src/Illuminate/Encryption/EncryptionServiceProvider.php(77): tap()
#2 /home/saai/Documents/Projects/CGTA-CLUB/vendor/laravel/framework/src/Illuminate/Encryption/EncryptionServiceProvider.php(60): Illuminate\\Encryption\\EncryptionServiceProvider->key()
#3 /home/saai/Documents/Projects/CGTA-CLUB/vendor/laravel/framework/src/Illuminate/Encryption/EncryptionServiceProvider.php(32): Illuminate\\Encryption\\EncryptionServiceProvider->parseKey()
#4 /home/saai/Documents/Projects/CGTA-CLUB/vendor/laravel/framework/src/Illuminate/Container/Container.php(908): Illuminate\\Encryption\\EncryptionServiceProvider->Illuminate\\Encryption\\{closure}()
#5 /home/saai/Documents/Projects/CGTA-CLUB/vendor/laravel/framework/src/Illuminate/Container/Container.php(795): Illuminate\\Container\\Container->build()
#6 /home/saai/Documents/Projects/CGTA-CLUB/vendor/laravel/framework/src/Illuminate/Foundation/Application.php(961): Illuminate\\Container\\Container->resolve()
#7 /home/saai/Documents/Projects/CGTA-CLUB/vendor/laravel/framework/src/Illuminate/Container/Container.php(731): Illuminate\\Foundation\\Application->resolve()
#8 /home/saai/Documents/Projects/CGTA-CLUB/vendor/laravel/framework/src/Illuminate/Foundation/Application.php(946): Illuminate\\Container\\Container->make()
#9 /home/saai/Documents/Projects/CGTA-CLUB/vendor/laravel/framework/src/Illuminate/Container/Container.php(1066): Illuminate\\Foundation\\Application->make()
#10 /home/saai/Documents/Projects/CGTA-CLUB/vendor/laravel/framework/src/Illuminate/Container/Container.php(982): Illuminate\\Container\\Container->resolveClass()
#11 /home/saai/Documents/Projects/CGTA-CLUB/vendor/laravel/framework/src/Illuminate/Container/Container.php(943): Illuminate\\Container\\Container->resolveDependencies()
#12 /home/saai/Documents/Projects/CGTA-CLUB/vendor/laravel/framework/src/Illuminate/Container/Container.php(795): Illuminate\\Container\\Container->build()
#13 /home/saai/Documents/Projects/CGTA-CLUB/vendor/laravel/framework/src/Illuminate/Foundation/Application.php(961): Illuminate\\Container\\Container->resolve()
#14 /home/saai/Documents/Projects/CGTA-CLUB/vendor/laravel/framework/src/Illuminate/Container/Container.php(731): Illuminate\\Foundation\\Application->resolve()
#15 /home/saai/Documents/Projects/CGTA-CLUB/vendor/laravel/framework/src/Illuminate/Foundation/Application.php(946): Illuminate\\Container\\Container->make()
#16 /home/saai/Documents/Projects/CGTA-CLUB/vendor/laravel/framework/src/Illuminate/Foundation/Http/Kernel.php(255): Illuminate\\Foundation\\Application->make()
#17 /home/saai/Documents/Projects/CGTA-CLUB/vendor/laravel/framework/src/Illuminate/Foundation/Http/Kernel.php(213): Illuminate\\Foundation\\Http\\Kernel->terminateMiddleware()
#18 /home/saai/Documents/Projects/CGTA-CLUB/public/index.php(55): Illuminate\\Foundation\\Http\\Kernel->terminate()
#19 /home/saai/Documents/Projects/CGTA-CLUB/vendor/laravel/framework/src/Illuminate/Foundation/resources/server.php(16): require_once('...')
#20 {main}
"} 
[2025-01-15 13:09:24] local.ERROR: No application encryption key has been specified. {"exception":"[object] (Illuminate\\Encryption\\MissingAppKeyException(code: 0): No application encryption key has been specified. at /home/saai/Documents/Projects/CGTA-CLUB/vendor/laravel/framework/src/Illuminate/Encryption/EncryptionServiceProvider.php:79)
[stacktrace]
#0 /home/saai/Documents/Projects/CGTA-CLUB/vendor/laravel/framework/src/Illuminate/Support/helpers.php(307): Illuminate\\Encryption\\EncryptionServiceProvider->Illuminate\\Encryption\\{closure}()
#1 /home/saai/Documents/Projects/CGTA-CLUB/vendor/laravel/framework/src/Illuminate/Encryption/EncryptionServiceProvider.php(77): tap()
#2 /home/saai/Documents/Projects/CGTA-CLUB/vendor/laravel/framework/src/Illuminate/Encryption/EncryptionServiceProvider.php(60): Illuminate\\Encryption\\EncryptionServiceProvider->key()
#3 /home/saai/Documents/Projects/CGTA-CLUB/vendor/laravel/framework/src/Illuminate/Encryption/EncryptionServiceProvider.php(32): Illuminate\\Encryption\\EncryptionServiceProvider->parseKey()
#4 /home/saai/Documents/Projects/CGTA-CLUB/vendor/laravel/framework/src/Illuminate/Container/Container.php(908): Illuminate\\Encryption\\EncryptionServiceProvider->Illuminate\\Encryption\\{closure}()
#5 /home/saai/Documents/Projects/CGTA-CLUB/vendor/laravel/framework/src/Illuminate/Container/Container.php(795): Illuminate\\Container\\Container->build()
#6 /home/saai/Documents/Projects/CGTA-CLUB/vendor/laravel/framework/src/Illuminate/Foundation/Application.php(961): Illuminate\\Container\\Container->resolve()
#7 /home/saai/Documents/Projects/CGTA-CLUB/vendor/laravel/framework/src/Illuminate/Container/Container.php(731): Illuminate\\Foundation\\Application->resolve()
#8 /home/saai/Documents/Projects/CGTA-CLUB/vendor/laravel/framework/src/Illuminate/Foundation/Application.php(946): Illuminate\\Container\\Container->make()
#9 /home/saai/Documents/Projects/CGTA-CLUB/vendor/laravel/framework/src/Illuminate/Container/Container.php(1066): Illuminate\\Foundation\\Application->make()
#10 /home/saai/Documents/Projects/CGTA-CLUB/vendor/laravel/framework/src/Illuminate/Container/Container.php(982): Illuminate\\Container\\Container->resolveClass()
#11 /home/saai/Documents/Projects/CGTA-CLUB/vendor/laravel/framework/src/Illuminate/Container/Container.php(943): Illuminate\\Container\\Container->resolveDependencies()
#12 /home/saai/Documents/Projects/CGTA-CLUB/vendor/laravel/framework/src/Illuminate/Container/Container.php(795): Illuminate\\Container\\Container->build()
#13 /home/saai/Documents/Projects/CGTA-CLUB/vendor/laravel/framework/src/Illuminate/Foundation/Application.php(961): Illuminate\\Container\\Container->resolve()
#14 /home/saai/Documents/Projects/CGTA-CLUB/vendor/laravel/framework/src/Illuminate/Container/Container.php(731): Illuminate\\Foundation\\Application->resolve()
#15 /home/saai/Documents/Projects/CGTA-CLUB/vendor/laravel/framework/src/Illuminate/Foundation/Application.php(946): Illuminate\\Container\\Container->make()
#16 /home/saai/Documents/Projects/CGTA-CLUB/vendor/laravel/framework/src/Illuminate/Pipeline/Pipeline.php(172): Illuminate\\Foundation\\Application->make()
#17 /home/saai/Documents/Projects/CGTA-CLUB/vendor/laravel/framework/src/Illuminate/Pipeline/Pipeline.php(119): Illuminate\\Pipeline\\Pipeline->Illuminate\\Pipeline\\{closure}()
#18 /home/saai/Documents/Projects/CGTA-CLUB/vendor/laravel/framework/src/Illuminate/Routing/Router.php(805): Illuminate\\Pipeline\\Pipeline->then()
#19 /home/saai/Documents/Projects/CGTA-CLUB/vendor/laravel/framework/src/Illuminate/Routing/Router.php(784): Illuminate\\Routing\\Router->runRouteWithinStack()
#20 /home/saai/Documents/Projects/CGTA-CLUB/vendor/laravel/framework/src/Illuminate/Routing/Router.php(748): Illuminate\\Routing\\Router->runRoute()
#21 /home/saai/Documents/Projects/CGTA-CLUB/vendor/laravel/framework/src/Illuminate/Routing/Router.php(737): Illuminate\\Routing\\Router->dispatchToRoute()
#22 /home/saai/Documents/Projects/CGTA-CLUB/vendor/laravel/framework/src/Illuminate/Foundation/Http/Kernel.php(200): Illuminate\\Routing\\Router->dispatch()
#23 /home/saai/Documents/Projects/CGTA-CLUB/vendor/laravel/framework/src/Illuminate/Pipeline/Pipeline.php(144): Illuminate\\Foundation\\Http\\Kernel->Illuminate\\Foundation\\Http\\{closure}()
#24 /home/saai/Documents/Projects/CGTA-CLUB/vendor/livewire/livewire/src/Features/SupportDisablingBackButtonCache/DisableBackButtonCacheMiddleware.php(19): Illuminate\\Pipeline\\Pipeline->Illuminate\\Pipeline\\{closure}()
#25 /home/saai/Documents/Projects/CGTA-CLUB/vendor/laravel/framework/src/Illuminate/Pipeline/Pipeline.php(183): Livewire\\Features\\SupportDisablingBackButtonCache\\DisableBackButtonCacheMiddleware->handle()
#26 /home/saai/Documents/Projects/CGTA-CLUB/vendor/laravel/framework/src/Illuminate/Foundation/Http/Middleware/TransformsRequest.php(21): Illuminate\\Pipeline\\Pipeline->Illuminate\\Pipeline\\{closure}()
#27 /home/saai/Documents/Projects/CGTA-CLUB/vendor/laravel/framework/src/Illuminate/Foundation/Http/Middleware/ConvertEmptyStringsToNull.php(31): Illuminate\\Foundation\\Http\\Middleware\\TransformsRequest->handle()
#28 /home/saai/Documents/Projects/CGTA-CLUB/vendor/laravel/framework/src/Illuminate/Pipeline/Pipeline.php(183): Illuminate\\Foundation\\Http\\Middleware\\ConvertEmptyStringsToNull->handle()
#29 /home/saai/Documents/Projects/CGTA-CLUB/vendor/laravel/framework/src/Illuminate/Foundation/Http/Middleware/TransformsRequest.php(21): Illuminate\\Pipeline\\Pipeline->Illuminate\\Pipeline\\{closure}()
#30 /home/saai/Documents/Projects/CGTA-CLUB/vendor/laravel/framework/src/Illuminate/Foundation/Http/Middleware/TrimStrings.php(40): Illuminate\\Foundation\\Http\\Middleware\\TransformsRequest->handle()
#31 /home/saai/Documents/Projects/CGTA-CLUB/vendor/laravel/framework/src/Illuminate/Pipeline/Pipeline.php(183): Illuminate\\Foundation\\Http\\Middleware\\TrimStrings->handle()
#32 /home/saai/Documents/Projects/CGTA-CLUB/vendor/laravel/framework/src/Illuminate/Foundation/Http/Middleware/ValidatePostSize.php(27): Illuminate\\Pipeline\\Pipeline->Illuminate\\Pipeline\\{closure}()
#33 /home/saai/Documents/Projects/CGTA-CLUB/vendor/laravel/framework/src/Illuminate/Pipeline/Pipeline.php(183): Illuminate\\Foundation\\Http\\Middleware\\ValidatePostSize->handle()
#34 /home/saai/Documents/Projects/CGTA-CLUB/vendor/laravel/framework/src/Illuminate/Foundation/Http/Middleware/PreventRequestsDuringMaintenance.php(99): Illuminate\\Pipeline\\Pipeline->Illuminate\\Pipeline\\{closure}()
#35 /home/saai/Documents/Projects/CGTA-CLUB/vendor/laravel/framework/src/Illuminate/Pipeline/Pipeline.php(183): Illuminate\\Foundation\\Http\\Middleware\\PreventRequestsDuringMaintenance->handle()
#36 /home/saai/Documents/Projects/CGTA-CLUB/vendor/laravel/framework/src/Illuminate/Http/Middleware/HandleCors.php(49): Illuminate\\Pipeline\\Pipeline->Illuminate\\Pipeline\\{closure}()
#37 /home/saai/Documents/Projects/CGTA-CLUB/vendor/laravel/framework/src/Illuminate/Pipeline/Pipeline.php(183): Illuminate\\Http\\Middleware\\HandleCors->handle()
#38 /home/saai/Documents/Projects/CGTA-CLUB/vendor/laravel/framework/src/Illuminate/Http/Middleware/TrustProxies.php(39): Illuminate\\Pipeline\\Pipeline->Illuminate\\Pipeline\\{closure}()
#39 /home/saai/Documents/Projects/CGTA-CLUB/vendor/laravel/framework/src/Illuminate/Pipeline/Pipeline.php(183): Illuminate\\Http\\Middleware\\TrustProxies->handle()
#40 /home/saai/Documents/Projects/CGTA-CLUB/vendor/laravel/framework/src/Illuminate/Pipeline/Pipeline.php(119): Illuminate\\Pipeline\\Pipeline->Illuminate\\Pipeline\\{closure}()
#41 /home/saai/Documents/Projects/CGTA-CLUB/vendor/laravel/framework/src/Illuminate/Foundation/Http/Kernel.php(175): Illuminate\\Pipeline\\Pipeline->then()
#42 /home/saai/Documents/Projects/CGTA-CLUB/vendor/laravel/framework/src/Illuminate/Foundation/Http/Kernel.php(144): Illuminate\\Foundation\\Http\\Kernel->sendRequestThroughRouter()
#43 /home/saai/Documents/Projects/CGTA-CLUB/public/index.php(51): Illuminate\\Foundation\\Http\\Kernel->handle()
#44 /home/saai/Documents/Projects/CGTA-CLUB/vendor/laravel/framework/src/Illuminate/Foundation/resources/server.php(16): require_once('...')
#45 {main}
"} 
[2025-01-15 13:09:24] local.ERROR: No application encryption key has been specified. {"exception":"[object] (Illuminate\\Encryption\\MissingAppKeyException(code: 0): No application encryption key has been specified. at /home/saai/Documents/Projects/CGTA-CLUB/vendor/laravel/framework/src/Illuminate/Encryption/EncryptionServiceProvider.php:79)
[stacktrace]
#0 /home/saai/Documents/Projects/CGTA-CLUB/vendor/laravel/framework/src/Illuminate/Support/helpers.php(307): Illuminate\\Encryption\\EncryptionServiceProvider->Illuminate\\Encryption\\{closure}()
#1 /home/saai/Documents/Projects/CGTA-CLUB/vendor/laravel/framework/src/Illuminate/Encryption/EncryptionServiceProvider.php(77): tap()
#2 /home/saai/Documents/Projects/CGTA-CLUB/vendor/laravel/framework/src/Illuminate/Encryption/EncryptionServiceProvider.php(60): Illuminate\\Encryption\\EncryptionServiceProvider->key()
#3 /home/saai/Documents/Projects/CGTA-CLUB/vendor/laravel/framework/src/Illuminate/Encryption/EncryptionServiceProvider.php(32): Illuminate\\Encryption\\EncryptionServiceProvider->parseKey()
#4 /home/saai/Documents/Projects/CGTA-CLUB/vendor/laravel/framework/src/Illuminate/Container/Container.php(908): Illuminate\\Encryption\\EncryptionServiceProvider->Illuminate\\Encryption\\{closure}()
#5 /home/saai/Documents/Projects/CGTA-CLUB/vendor/laravel/framework/src/Illuminate/Container/Container.php(795): Illuminate\\Container\\Container->build()
#6 /home/saai/Documents/Projects/CGTA-CLUB/vendor/laravel/framework/src/Illuminate/Foundation/Application.php(961): Illuminate\\Container\\Container->resolve()
#7 /home/saai/Documents/Projects/CGTA-CLUB/vendor/laravel/framework/src/Illuminate/Container/Container.php(731): Illuminate\\Foundation\\Application->resolve()
#8 /home/saai/Documents/Projects/CGTA-CLUB/vendor/laravel/framework/src/Illuminate/Foundation/Application.php(946): Illuminate\\Container\\Container->make()
#9 /home/saai/Documents/Projects/CGTA-CLUB/vendor/laravel/framework/src/Illuminate/Container/Container.php(1066): Illuminate\\Foundation\\Application->make()
#10 /home/saai/Documents/Projects/CGTA-CLUB/vendor/laravel/framework/src/Illuminate/Container/Container.php(982): Illuminate\\Container\\Container->resolveClass()
#11 /home/saai/Documents/Projects/CGTA-CLUB/vendor/laravel/framework/src/Illuminate/Container/Container.php(943): Illuminate\\Container\\Container->resolveDependencies()
#12 /home/saai/Documents/Projects/CGTA-CLUB/vendor/laravel/framework/src/Illuminate/Container/Container.php(795): Illuminate\\Container\\Container->build()
#13 /home/saai/Documents/Projects/CGTA-CLUB/vendor/laravel/framework/src/Illuminate/Foundation/Application.php(961): Illuminate\\Container\\Container->resolve()
#14 /home/saai/Documents/Projects/CGTA-CLUB/vendor/laravel/framework/src/Illuminate/Container/Container.php(731): Illuminate\\Foundation\\Application->resolve()
#15 /home/saai/Documents/Projects/CGTA-CLUB/vendor/laravel/framework/src/Illuminate/Foundation/Application.php(946): Illuminate\\Container\\Container->make()
#16 /home/saai/Documents/Projects/CGTA-CLUB/vendor/laravel/framework/src/Illuminate/Foundation/Http/Kernel.php(255): Illuminate\\Foundation\\Application->make()
#17 /home/saai/Documents/Projects/CGTA-CLUB/vendor/laravel/framework/src/Illuminate/Foundation/Http/Kernel.php(213): Illuminate\\Foundation\\Http\\Kernel->terminateMiddleware()
#18 /home/saai/Documents/Projects/CGTA-CLUB/public/index.php(55): Illuminate\\Foundation\\Http\\Kernel->terminate()
#19 /home/saai/Documents/Projects/CGTA-CLUB/vendor/laravel/framework/src/Illuminate/Foundation/resources/server.php(16): require_once('...')
#20 {main}
"} 
[2025-01-15 13:09:24] local.ERROR: No application encryption key has been specified. {"exception":"[object] (Illuminate\\Encryption\\MissingAppKeyException(code: 0): No application encryption key has been specified. at /home/saai/Documents/Projects/CGTA-CLUB/vendor/laravel/framework/src/Illuminate/Encryption/EncryptionServiceProvider.php:79)
[stacktrace]
#0 /home/saai/Documents/Projects/CGTA-CLUB/vendor/laravel/framework/src/Illuminate/Support/helpers.php(307): Illuminate\\Encryption\\EncryptionServiceProvider->Illuminate\\Encryption\\{closure}()
#1 /home/saai/Documents/Projects/CGTA-CLUB/vendor/laravel/framework/src/Illuminate/Encryption/EncryptionServiceProvider.php(77): tap()
#2 /home/saai/Documents/Projects/CGTA-CLUB/vendor/laravel/framework/src/Illuminate/Encryption/EncryptionServiceProvider.php(60): Illuminate\\Encryption\\EncryptionServiceProvider->key()
#3 /home/saai/Documents/Projects/CGTA-CLUB/vendor/laravel/framework/src/Illuminate/Encryption/EncryptionServiceProvider.php(32): Illuminate\\Encryption\\EncryptionServiceProvider->parseKey()
#4 /home/saai/Documents/Projects/CGTA-CLUB/vendor/laravel/framework/src/Illuminate/Container/Container.php(908): Illuminate\\Encryption\\EncryptionServiceProvider->Illuminate\\Encryption\\{closure}()
#5 /home/saai/Documents/Projects/CGTA-CLUB/vendor/laravel/framework/src/Illuminate/Container/Container.php(795): Illuminate\\Container\\Container->build()
#6 /home/saai/Documents/Projects/CGTA-CLUB/vendor/laravel/framework/src/Illuminate/Foundation/Application.php(961): Illuminate\\Container\\Container->resolve()
#7 /home/saai/Documents/Projects/CGTA-CLUB/vendor/laravel/framework/src/Illuminate/Container/Container.php(731): Illuminate\\Foundation\\Application->resolve()
#8 /home/saai/Documents/Projects/CGTA-CLUB/vendor/laravel/framework/src/Illuminate/Foundation/Application.php(946): Illuminate\\Container\\Container->make()
#9 /home/saai/Documents/Projects/CGTA-CLUB/vendor/laravel/framework/src/Illuminate/Container/Container.php(1066): Illuminate\\Foundation\\Application->make()
#10 /home/saai/Documents/Projects/CGTA-CLUB/vendor/laravel/framework/src/Illuminate/Container/Container.php(982): Illuminate\\Container\\Container->resolveClass()
#11 /home/saai/Documents/Projects/CGTA-CLUB/vendor/laravel/framework/src/Illuminate/Container/Container.php(943): Illuminate\\Container\\Container->resolveDependencies()
#12 /home/saai/Documents/Projects/CGTA-CLUB/vendor/laravel/framework/src/Illuminate/Container/Container.php(795): Illuminate\\Container\\Container->build()
#13 /home/saai/Documents/Projects/CGTA-CLUB/vendor/laravel/framework/src/Illuminate/Foundation/Application.php(961): Illuminate\\Container\\Container->resolve()
#14 /home/saai/Documents/Projects/CGTA-CLUB/vendor/laravel/framework/src/Illuminate/Container/Container.php(731): Illuminate\\Foundation\\Application->resolve()
#15 /home/saai/Documents/Projects/CGTA-CLUB/vendor/laravel/framework/src/Illuminate/Foundation/Application.php(946): Illuminate\\Container\\Container->make()
#16 /home/saai/Documents/Projects/CGTA-CLUB/vendor/laravel/framework/src/Illuminate/Pipeline/Pipeline.php(172): Illuminate\\Foundation\\Application->make()
#17 /home/saai/Documents/Projects/CGTA-CLUB/vendor/laravel/framework/src/Illuminate/Pipeline/Pipeline.php(119): Illuminate\\Pipeline\\Pipeline->Illuminate\\Pipeline\\{closure}()
#18 /home/saai/Documents/Projects/CGTA-CLUB/vendor/laravel/framework/src/Illuminate/Routing/Router.php(805): Illuminate\\Pipeline\\Pipeline->then()
#19 /home/saai/Documents/Projects/CGTA-CLUB/vendor/laravel/framework/src/Illuminate/Routing/Router.php(784): Illuminate\\Routing\\Router->runRouteWithinStack()
#20 /home/saai/Documents/Projects/CGTA-CLUB/vendor/laravel/framework/src/Illuminate/Routing/Router.php(748): Illuminate\\Routing\\Router->runRoute()
#21 /home/saai/Documents/Projects/CGTA-CLUB/vendor/laravel/framework/src/Illuminate/Routing/Router.php(737): Illuminate\\Routing\\Router->dispatchToRoute()
#22 /home/saai/Documents/Projects/CGTA-CLUB/vendor/laravel/framework/src/Illuminate/Foundation/Http/Kernel.php(200): Illuminate\\Routing\\Router->dispatch()
#23 /home/saai/Documents/Projects/CGTA-CLUB/vendor/laravel/framework/src/Illuminate/Pipeline/Pipeline.php(144): Illuminate\\Foundation\\Http\\Kernel->Illuminate\\Foundation\\Http\\{closure}()
#24 /home/saai/Documents/Projects/CGTA-CLUB/vendor/livewire/livewire/src/Features/SupportDisablingBackButtonCache/DisableBackButtonCacheMiddleware.php(19): Illuminate\\Pipeline\\Pipeline->Illuminate\\Pipeline\\{closure}()
#25 /home/saai/Documents/Projects/CGTA-CLUB/vendor/laravel/framework/src/Illuminate/Pipeline/Pipeline.php(183): Livewire\\Features\\SupportDisablingBackButtonCache\\DisableBackButtonCacheMiddleware->handle()
#26 /home/saai/Documents/Projects/CGTA-CLUB/vendor/laravel/framework/src/Illuminate/Foundation/Http/Middleware/TransformsRequest.php(21): Illuminate\\Pipeline\\Pipeline->Illuminate\\Pipeline\\{closure}()
#27 /home/saai/Documents/Projects/CGTA-CLUB/vendor/laravel/framework/src/Illuminate/Foundation/Http/Middleware/ConvertEmptyStringsToNull.php(31): Illuminate\\Foundation\\Http\\Middleware\\TransformsRequest->handle()
#28 /home/saai/Documents/Projects/CGTA-CLUB/vendor/laravel/framework/src/Illuminate/Pipeline/Pipeline.php(183): Illuminate\\Foundation\\Http\\Middleware\\ConvertEmptyStringsToNull->handle()
#29 /home/saai/Documents/Projects/CGTA-CLUB/vendor/laravel/framework/src/Illuminate/Foundation/Http/Middleware/TransformsRequest.php(21): Illuminate\\Pipeline\\Pipeline->Illuminate\\Pipeline\\{closure}()
#30 /home/saai/Documents/Projects/CGTA-CLUB/vendor/laravel/framework/src/Illuminate/Foundation/Http/Middleware/TrimStrings.php(40): Illuminate\\Foundation\\Http\\Middleware\\TransformsRequest->handle()
#31 /home/saai/Documents/Projects/CGTA-CLUB/vendor/laravel/framework/src/Illuminate/Pipeline/Pipeline.php(183): Illuminate\\Foundation\\Http\\Middleware\\TrimStrings->handle()
#32 /home/saai/Documents/Projects/CGTA-CLUB/vendor/laravel/framework/src/Illuminate/Foundation/Http/Middleware/ValidatePostSize.php(27): Illuminate\\Pipeline\\Pipeline->Illuminate\\Pipeline\\{closure}()
#33 /home/saai/Documents/Projects/CGTA-CLUB/vendor/laravel/framework/src/Illuminate/Pipeline/Pipeline.php(183): Illuminate\\Foundation\\Http\\Middleware\\ValidatePostSize->handle()
#34 /home/saai/Documents/Projects/CGTA-CLUB/vendor/laravel/framework/src/Illuminate/Foundation/Http/Middleware/PreventRequestsDuringMaintenance.php(99): Illuminate\\Pipeline\\Pipeline->Illuminate\\Pipeline\\{closure}()
#35 /home/saai/Documents/Projects/CGTA-CLUB/vendor/laravel/framework/src/Illuminate/Pipeline/Pipeline.php(183): Illuminate\\Foundation\\Http\\Middleware\\PreventRequestsDuringMaintenance->handle()
#36 /home/saai/Documents/Projects/CGTA-CLUB/vendor/laravel/framework/src/Illuminate/Http/Middleware/HandleCors.php(49): Illuminate\\Pipeline\\Pipeline->Illuminate\\Pipeline\\{closure}()
#37 /home/saai/Documents/Projects/CGTA-CLUB/vendor/laravel/framework/src/Illuminate/Pipeline/Pipeline.php(183): Illuminate\\Http\\Middleware\\HandleCors->handle()
#38 /home/saai/Documents/Projects/CGTA-CLUB/vendor/laravel/framework/src/Illuminate/Http/Middleware/TrustProxies.php(39): Illuminate\\Pipeline\\Pipeline->Illuminate\\Pipeline\\{closure}()
#39 /home/saai/Documents/Projects/CGTA-CLUB/vendor/laravel/framework/src/Illuminate/Pipeline/Pipeline.php(183): Illuminate\\Http\\Middleware\\TrustProxies->handle()
#40 /home/saai/Documents/Projects/CGTA-CLUB/vendor/laravel/framework/src/Illuminate/Pipeline/Pipeline.php(119): Illuminate\\Pipeline\\Pipeline->Illuminate\\Pipeline\\{closure}()
#41 /home/saai/Documents/Projects/CGTA-CLUB/vendor/laravel/framework/src/Illuminate/Foundation/Http/Kernel.php(175): Illuminate\\Pipeline\\Pipeline->then()
#42 /home/saai/Documents/Projects/CGTA-CLUB/vendor/laravel/framework/src/Illuminate/Foundation/Http/Kernel.php(144): Illuminate\\Foundation\\Http\\Kernel->sendRequestThroughRouter()
#43 /home/saai/Documents/Projects/CGTA-CLUB/public/index.php(51): Illuminate\\Foundation\\Http\\Kernel->handle()
#44 /home/saai/Documents/Projects/CGTA-CLUB/vendor/laravel/framework/src/Illuminate/Foundation/resources/server.php(16): require_once('...')
#45 {main}
"} 
[2025-01-15 13:09:24] local.ERROR: No application encryption key has been specified. {"exception":"[object] (Illuminate\\Encryption\\MissingAppKeyException(code: 0): No application encryption key has been specified. at /home/saai/Documents/Projects/CGTA-CLUB/vendor/laravel/framework/src/Illuminate/Encryption/EncryptionServiceProvider.php:79)
[stacktrace]
#0 /home/saai/Documents/Projects/CGTA-CLUB/vendor/laravel/framework/src/Illuminate/Support/helpers.php(307): Illuminate\\Encryption\\EncryptionServiceProvider->Illuminate\\Encryption\\{closure}()
#1 /home/saai/Documents/Projects/CGTA-CLUB/vendor/laravel/framework/src/Illuminate/Encryption/EncryptionServiceProvider.php(77): tap()
#2 /home/saai/Documents/Projects/CGTA-CLUB/vendor/laravel/framework/src/Illuminate/Encryption/EncryptionServiceProvider.php(60): Illuminate\\Encryption\\EncryptionServiceProvider->key()
#3 /home/saai/Documents/Projects/CGTA-CLUB/vendor/laravel/framework/src/Illuminate/Encryption/EncryptionServiceProvider.php(32): Illuminate\\Encryption\\EncryptionServiceProvider->parseKey()
#4 /home/saai/Documents/Projects/CGTA-CLUB/vendor/laravel/framework/src/Illuminate/Container/Container.php(908): Illuminate\\Encryption\\EncryptionServiceProvider->Illuminate\\Encryption\\{closure}()
#5 /home/saai/Documents/Projects/CGTA-CLUB/vendor/laravel/framework/src/Illuminate/Container/Container.php(795): Illuminate\\Container\\Container->build()
#6 /home/saai/Documents/Projects/CGTA-CLUB/vendor/laravel/framework/src/Illuminate/Foundation/Application.php(961): Illuminate\\Container\\Container->resolve()
#7 /home/saai/Documents/Projects/CGTA-CLUB/vendor/laravel/framework/src/Illuminate/Container/Container.php(731): Illuminate\\Foundation\\Application->resolve()
#8 /home/saai/Documents/Projects/CGTA-CLUB/vendor/laravel/framework/src/Illuminate/Foundation/Application.php(946): Illuminate\\Container\\Container->make()
#9 /home/saai/Documents/Projects/CGTA-CLUB/vendor/laravel/framework/src/Illuminate/Container/Container.php(1066): Illuminate\\Foundation\\Application->make()
#10 /home/saai/Documents/Projects/CGTA-CLUB/vendor/laravel/framework/src/Illuminate/Container/Container.php(982): Illuminate\\Container\\Container->resolveClass()
#11 /home/saai/Documents/Projects/CGTA-CLUB/vendor/laravel/framework/src/Illuminate/Container/Container.php(943): Illuminate\\Container\\Container->resolveDependencies()
#12 /home/saai/Documents/Projects/CGTA-CLUB/vendor/laravel/framework/src/Illuminate/Container/Container.php(795): Illuminate\\Container\\Container->build()
#13 /home/saai/Documents/Projects/CGTA-CLUB/vendor/laravel/framework/src/Illuminate/Foundation/Application.php(961): Illuminate\\Container\\Container->resolve()
#14 /home/saai/Documents/Projects/CGTA-CLUB/vendor/laravel/framework/src/Illuminate/Container/Container.php(731): Illuminate\\Foundation\\Application->resolve()
#15 /home/saai/Documents/Projects/CGTA-CLUB/vendor/laravel/framework/src/Illuminate/Foundation/Application.php(946): Illuminate\\Container\\Container->make()
#16 /home/saai/Documents/Projects/CGTA-CLUB/vendor/laravel/framework/src/Illuminate/Foundation/Http/Kernel.php(255): Illuminate\\Foundation\\Application->make()
#17 /home/saai/Documents/Projects/CGTA-CLUB/vendor/laravel/framework/src/Illuminate/Foundation/Http/Kernel.php(213): Illuminate\\Foundation\\Http\\Kernel->terminateMiddleware()
#18 /home/saai/Documents/Projects/CGTA-CLUB/public/index.php(55): Illuminate\\Foundation\\Http\\Kernel->terminate()
#19 /home/saai/Documents/Projects/CGTA-CLUB/vendor/laravel/framework/src/Illuminate/Foundation/resources/server.php(16): require_once('...')
#20 {main}
"} 
[2025-01-15 13:09:24] local.ERROR: No application encryption key has been specified. {"exception":"[object] (Illuminate\\Encryption\\MissingAppKeyException(code: 0): No application encryption key has been specified. at /home/saai/Documents/Projects/CGTA-CLUB/vendor/laravel/framework/src/Illuminate/Encryption/EncryptionServiceProvider.php:79)
[stacktrace]
#0 /home/saai/Documents/Projects/CGTA-CLUB/vendor/laravel/framework/src/Illuminate/Support/helpers.php(307): Illuminate\\Encryption\\EncryptionServiceProvider->Illuminate\\Encryption\\{closure}()
#1 /home/saai/Documents/Projects/CGTA-CLUB/vendor/laravel/framework/src/Illuminate/Encryption/EncryptionServiceProvider.php(77): tap()
#2 /home/saai/Documents/Projects/CGTA-CLUB/vendor/laravel/framework/src/Illuminate/Encryption/EncryptionServiceProvider.php(60): Illuminate\\Encryption\\EncryptionServiceProvider->key()
#3 /home/saai/Documents/Projects/CGTA-CLUB/vendor/laravel/framework/src/Illuminate/Encryption/EncryptionServiceProvider.php(32): Illuminate\\Encryption\\EncryptionServiceProvider->parseKey()
#4 /home/saai/Documents/Projects/CGTA-CLUB/vendor/laravel/framework/src/Illuminate/Container/Container.php(908): Illuminate\\Encryption\\EncryptionServiceProvider->Illuminate\\Encryption\\{closure}()
#5 /home/saai/Documents/Projects/CGTA-CLUB/vendor/laravel/framework/src/Illuminate/Container/Container.php(795): Illuminate\\Container\\Container->build()
#6 /home/saai/Documents/Projects/CGTA-CLUB/vendor/laravel/framework/src/Illuminate/Foundation/Application.php(961): Illuminate\\Container\\Container->resolve()
#7 /home/saai/Documents/Projects/CGTA-CLUB/vendor/laravel/framework/src/Illuminate/Container/Container.php(731): Illuminate\\Foundation\\Application->resolve()
#8 /home/saai/Documents/Projects/CGTA-CLUB/vendor/laravel/framework/src/Illuminate/Foundation/Application.php(946): Illuminate\\Container\\Container->make()
#9 /home/saai/Documents/Projects/CGTA-CLUB/vendor/laravel/framework/src/Illuminate/Container/Container.php(1066): Illuminate\\Foundation\\Application->make()
#10 /home/saai/Documents/Projects/CGTA-CLUB/vendor/laravel/framework/src/Illuminate/Container/Container.php(982): Illuminate\\Container\\Container->resolveClass()
#11 /home/saai/Documents/Projects/CGTA-CLUB/vendor/laravel/framework/src/Illuminate/Container/Container.php(943): Illuminate\\Container\\Container->resolveDependencies()
#12 /home/saai/Documents/Projects/CGTA-CLUB/vendor/laravel/framework/src/Illuminate/Container/Container.php(795): Illuminate\\Container\\Container->build()
#13 /home/saai/Documents/Projects/CGTA-CLUB/vendor/laravel/framework/src/Illuminate/Foundation/Application.php(961): Illuminate\\Container\\Container->resolve()
#14 /home/saai/Documents/Projects/CGTA-CLUB/vendor/laravel/framework/src/Illuminate/Container/Container.php(731): Illuminate\\Foundation\\Application->resolve()
#15 /home/saai/Documents/Projects/CGTA-CLUB/vendor/laravel/framework/src/Illuminate/Foundation/Application.php(946): Illuminate\\Container\\Container->make()
#16 /home/saai/Documents/Projects/CGTA-CLUB/vendor/laravel/framework/src/Illuminate/Pipeline/Pipeline.php(172): Illuminate\\Foundation\\Application->make()
#17 /home/saai/Documents/Projects/CGTA-CLUB/vendor/laravel/framework/src/Illuminate/Pipeline/Pipeline.php(119): Illuminate\\Pipeline\\Pipeline->Illuminate\\Pipeline\\{closure}()
#18 /home/saai/Documents/Projects/CGTA-CLUB/vendor/laravel/framework/src/Illuminate/Routing/Router.php(805): Illuminate\\Pipeline\\Pipeline->then()
#19 /home/saai/Documents/Projects/CGTA-CLUB/vendor/laravel/framework/src/Illuminate/Routing/Router.php(784): Illuminate\\Routing\\Router->runRouteWithinStack()
#20 /home/saai/Documents/Projects/CGTA-CLUB/vendor/laravel/framework/src/Illuminate/Routing/Router.php(748): Illuminate\\Routing\\Router->runRoute()
#21 /home/saai/Documents/Projects/CGTA-CLUB/vendor/laravel/framework/src/Illuminate/Routing/Router.php(737): Illuminate\\Routing\\Router->dispatchToRoute()
#22 /home/saai/Documents/Projects/CGTA-CLUB/vendor/laravel/framework/src/Illuminate/Foundation/Http/Kernel.php(200): Illuminate\\Routing\\Router->dispatch()
#23 /home/saai/Documents/Projects/CGTA-CLUB/vendor/laravel/framework/src/Illuminate/Pipeline/Pipeline.php(144): Illuminate\\Foundation\\Http\\Kernel->Illuminate\\Foundation\\Http\\{closure}()
#24 /home/saai/Documents/Projects/CGTA-CLUB/vendor/livewire/livewire/src/Features/SupportDisablingBackButtonCache/DisableBackButtonCacheMiddleware.php(19): Illuminate\\Pipeline\\Pipeline->Illuminate\\Pipeline\\{closure}()
#25 /home/saai/Documents/Projects/CGTA-CLUB/vendor/laravel/framework/src/Illuminate/Pipeline/Pipeline.php(183): Livewire\\Features\\SupportDisablingBackButtonCache\\DisableBackButtonCacheMiddleware->handle()
#26 /home/saai/Documents/Projects/CGTA-CLUB/vendor/laravel/framework/src/Illuminate/Foundation/Http/Middleware/TransformsRequest.php(21): Illuminate\\Pipeline\\Pipeline->Illuminate\\Pipeline\\{closure}()
#27 /home/saai/Documents/Projects/CGTA-CLUB/vendor/laravel/framework/src/Illuminate/Foundation/Http/Middleware/ConvertEmptyStringsToNull.php(31): Illuminate\\Foundation\\Http\\Middleware\\TransformsRequest->handle()
#28 /home/saai/Documents/Projects/CGTA-CLUB/vendor/laravel/framework/src/Illuminate/Pipeline/Pipeline.php(183): Illuminate\\Foundation\\Http\\Middleware\\ConvertEmptyStringsToNull->handle()
#29 /home/saai/Documents/Projects/CGTA-CLUB/vendor/laravel/framework/src/Illuminate/Foundation/Http/Middleware/TransformsRequest.php(21): Illuminate\\Pipeline\\Pipeline->Illuminate\\Pipeline\\{closure}()
#30 /home/saai/Documents/Projects/CGTA-CLUB/vendor/laravel/framework/src/Illuminate/Foundation/Http/Middleware/TrimStrings.php(40): Illuminate\\Foundation\\Http\\Middleware\\TransformsRequest->handle()
#31 /home/saai/Documents/Projects/CGTA-CLUB/vendor/laravel/framework/src/Illuminate/Pipeline/Pipeline.php(183): Illuminate\\Foundation\\Http\\Middleware\\TrimStrings->handle()
#32 /home/saai/Documents/Projects/CGTA-CLUB/vendor/laravel/framework/src/Illuminate/Foundation/Http/Middleware/ValidatePostSize.php(27): Illuminate\\Pipeline\\Pipeline->Illuminate\\Pipeline\\{closure}()
#33 /home/saai/Documents/Projects/CGTA-CLUB/vendor/laravel/framework/src/Illuminate/Pipeline/Pipeline.php(183): Illuminate\\Foundation\\Http\\Middleware\\ValidatePostSize->handle()
#34 /home/saai/Documents/Projects/CGTA-CLUB/vendor/laravel/framework/src/Illuminate/Foundation/Http/Middleware/PreventRequestsDuringMaintenance.php(99): Illuminate\\Pipeline\\Pipeline->Illuminate\\Pipeline\\{closure}()
#35 /home/saai/Documents/Projects/CGTA-CLUB/vendor/laravel/framework/src/Illuminate/Pipeline/Pipeline.php(183): Illuminate\\Foundation\\Http\\Middleware\\PreventRequestsDuringMaintenance->handle()
#36 /home/saai/Documents/Projects/CGTA-CLUB/vendor/laravel/framework/src/Illuminate/Http/Middleware/HandleCors.php(49): Illuminate\\Pipeline\\Pipeline->Illuminate\\Pipeline\\{closure}()
#37 /home/saai/Documents/Projects/CGTA-CLUB/vendor/laravel/framework/src/Illuminate/Pipeline/Pipeline.php(183): Illuminate\\Http\\Middleware\\HandleCors->handle()
#38 /home/saai/Documents/Projects/CGTA-CLUB/vendor/laravel/framework/src/Illuminate/Http/Middleware/TrustProxies.php(39): Illuminate\\Pipeline\\Pipeline->Illuminate\\Pipeline\\{closure}()
#39 /home/saai/Documents/Projects/CGTA-CLUB/vendor/laravel/framework/src/Illuminate/Pipeline/Pipeline.php(183): Illuminate\\Http\\Middleware\\TrustProxies->handle()
#40 /home/saai/Documents/Projects/CGTA-CLUB/vendor/laravel/framework/src/Illuminate/Pipeline/Pipeline.php(119): Illuminate\\Pipeline\\Pipeline->Illuminate\\Pipeline\\{closure}()
#41 /home/saai/Documents/Projects/CGTA-CLUB/vendor/laravel/framework/src/Illuminate/Foundation/Http/Kernel.php(175): Illuminate\\Pipeline\\Pipeline->then()
#42 /home/saai/Documents/Projects/CGTA-CLUB/vendor/laravel/framework/src/Illuminate/Foundation/Http/Kernel.php(144): Illuminate\\Foundation\\Http\\Kernel->sendRequestThroughRouter()
#43 /home/saai/Documents/Projects/CGTA-CLUB/public/index.php(51): Illuminate\\Foundation\\Http\\Kernel->handle()
#44 /home/saai/Documents/Projects/CGTA-CLUB/vendor/laravel/framework/src/Illuminate/Foundation/resources/server.php(16): require_once('...')
#45 {main}
"} 
[2025-01-15 13:09:24] local.ERROR: No application encryption key has been specified. {"exception":"[object] (Illuminate\\Encryption\\MissingAppKeyException(code: 0): No application encryption key has been specified. at /home/saai/Documents/Projects/CGTA-CLUB/vendor/laravel/framework/src/Illuminate/Encryption/EncryptionServiceProvider.php:79)
[stacktrace]
#0 /home/saai/Documents/Projects/CGTA-CLUB/vendor/laravel/framework/src/Illuminate/Support/helpers.php(307): Illuminate\\Encryption\\EncryptionServiceProvider->Illuminate\\Encryption\\{closure}()
#1 /home/saai/Documents/Projects/CGTA-CLUB/vendor/laravel/framework/src/Illuminate/Encryption/EncryptionServiceProvider.php(77): tap()
#2 /home/saai/Documents/Projects/CGTA-CLUB/vendor/laravel/framework/src/Illuminate/Encryption/EncryptionServiceProvider.php(60): Illuminate\\Encryption\\EncryptionServiceProvider->key()
#3 /home/saai/Documents/Projects/CGTA-CLUB/vendor/laravel/framework/src/Illuminate/Encryption/EncryptionServiceProvider.php(32): Illuminate\\Encryption\\EncryptionServiceProvider->parseKey()
#4 /home/saai/Documents/Projects/CGTA-CLUB/vendor/laravel/framework/src/Illuminate/Container/Container.php(908): Illuminate\\Encryption\\EncryptionServiceProvider->Illuminate\\Encryption\\{closure}()
#5 /home/saai/Documents/Projects/CGTA-CLUB/vendor/laravel/framework/src/Illuminate/Container/Container.php(795): Illuminate\\Container\\Container->build()
#6 /home/saai/Documents/Projects/CGTA-CLUB/vendor/laravel/framework/src/Illuminate/Foundation/Application.php(961): Illuminate\\Container\\Container->resolve()
#7 /home/saai/Documents/Projects/CGTA-CLUB/vendor/laravel/framework/src/Illuminate/Container/Container.php(731): Illuminate\\Foundation\\Application->resolve()
#8 /home/saai/Documents/Projects/CGTA-CLUB/vendor/laravel/framework/src/Illuminate/Foundation/Application.php(946): Illuminate\\Container\\Container->make()
#9 /home/saai/Documents/Projects/CGTA-CLUB/vendor/laravel/framework/src/Illuminate/Container/Container.php(1066): Illuminate\\Foundation\\Application->make()
#10 /home/saai/Documents/Projects/CGTA-CLUB/vendor/laravel/framework/src/Illuminate/Container/Container.php(982): Illuminate\\Container\\Container->resolveClass()
#11 /home/saai/Documents/Projects/CGTA-CLUB/vendor/laravel/framework/src/Illuminate/Container/Container.php(943): Illuminate\\Container\\Container->resolveDependencies()
#12 /home/saai/Documents/Projects/CGTA-CLUB/vendor/laravel/framework/src/Illuminate/Container/Container.php(795): Illuminate\\Container\\Container->build()
#13 /home/saai/Documents/Projects/CGTA-CLUB/vendor/laravel/framework/src/Illuminate/Foundation/Application.php(961): Illuminate\\Container\\Container->resolve()
#14 /home/saai/Documents/Projects/CGTA-CLUB/vendor/laravel/framework/src/Illuminate/Container/Container.php(731): Illuminate\\Foundation\\Application->resolve()
#15 /home/saai/Documents/Projects/CGTA-CLUB/vendor/laravel/framework/src/Illuminate/Foundation/Application.php(946): Illuminate\\Container\\Container->make()
#16 /home/saai/Documents/Projects/CGTA-CLUB/vendor/laravel/framework/src/Illuminate/Pipeline/Pipeline.php(172): Illuminate\\Foundation\\Application->make()
#17 /home/saai/Documents/Projects/CGTA-CLUB/vendor/laravel/framework/src/Illuminate/Pipeline/Pipeline.php(119): Illuminate\\Pipeline\\Pipeline->Illuminate\\Pipeline\\{closure}()
#18 /home/saai/Documents/Projects/CGTA-CLUB/vendor/laravel/framework/src/Illuminate/Routing/Router.php(805): Illuminate\\Pipeline\\Pipeline->then()
#19 /home/saai/Documents/Projects/CGTA-CLUB/vendor/laravel/framework/src/Illuminate/Routing/Router.php(784): Illuminate\\Routing\\Router->runRouteWithinStack()
#20 /home/saai/Documents/Projects/CGTA-CLUB/vendor/laravel/framework/src/Illuminate/Routing/Router.php(748): Illuminate\\Routing\\Router->runRoute()
#21 /home/saai/Documents/Projects/CGTA-CLUB/vendor/laravel/framework/src/Illuminate/Routing/Router.php(737): Illuminate\\Routing\\Router->dispatchToRoute()
#22 /home/saai/Documents/Projects/CGTA-CLUB/vendor/laravel/framework/src/Illuminate/Foundation/Http/Kernel.php(200): Illuminate\\Routing\\Router->dispatch()
#23 /home/saai/Documents/Projects/CGTA-CLUB/vendor/laravel/framework/src/Illuminate/Pipeline/Pipeline.php(144): Illuminate\\Foundation\\Http\\Kernel->Illuminate\\Foundation\\Http\\{closure}()
#24 /home/saai/Documents/Projects/CGTA-CLUB/vendor/livewire/livewire/src/Features/SupportDisablingBackButtonCache/DisableBackButtonCacheMiddleware.php(19): Illuminate\\Pipeline\\Pipeline->Illuminate\\Pipeline\\{closure}()
#25 /home/saai/Documents/Projects/CGTA-CLUB/vendor/laravel/framework/src/Illuminate/Pipeline/Pipeline.php(183): Livewire\\Features\\SupportDisablingBackButtonCache\\DisableBackButtonCacheMiddleware->handle()
#26 /home/saai/Documents/Projects/CGTA-CLUB/vendor/laravel/framework/src/Illuminate/Foundation/Http/Middleware/TransformsRequest.php(21): Illuminate\\Pipeline\\Pipeline->Illuminate\\Pipeline\\{closure}()
#27 /home/saai/Documents/Projects/CGTA-CLUB/vendor/laravel/framework/src/Illuminate/Foundation/Http/Middleware/ConvertEmptyStringsToNull.php(31): Illuminate\\Foundation\\Http\\Middleware\\TransformsRequest->handle()
#28 /home/saai/Documents/Projects/CGTA-CLUB/vendor/laravel/framework/src/Illuminate/Pipeline/Pipeline.php(183): Illuminate\\Foundation\\Http\\Middleware\\ConvertEmptyStringsToNull->handle()
#29 /home/saai/Documents/Projects/CGTA-CLUB/vendor/laravel/framework/src/Illuminate/Foundation/Http/Middleware/TransformsRequest.php(21): Illuminate\\Pipeline\\Pipeline->Illuminate\\Pipeline\\{closure}()
#30 /home/saai/Documents/Projects/CGTA-CLUB/vendor/laravel/framework/src/Illuminate/Foundation/Http/Middleware/TrimStrings.php(40): Illuminate\\Foundation\\Http\\Middleware\\TransformsRequest->handle()
#31 /home/saai/Documents/Projects/CGTA-CLUB/vendor/laravel/framework/src/Illuminate/Pipeline/Pipeline.php(183): Illuminate\\Foundation\\Http\\Middleware\\TrimStrings->handle()
#32 /home/saai/Documents/Projects/CGTA-CLUB/vendor/laravel/framework/src/Illuminate/Foundation/Http/Middleware/ValidatePostSize.php(27): Illuminate\\Pipeline\\Pipeline->Illuminate\\Pipeline\\{closure}()
#33 /home/saai/Documents/Projects/CGTA-CLUB/vendor/laravel/framework/src/Illuminate/Pipeline/Pipeline.php(183): Illuminate\\Foundation\\Http\\Middleware\\ValidatePostSize->handle()
#34 /home/saai/Documents/Projects/CGTA-CLUB/vendor/laravel/framework/src/Illuminate/Foundation/Http/Middleware/PreventRequestsDuringMaintenance.php(99): Illuminate\\Pipeline\\Pipeline->Illuminate\\Pipeline\\{closure}()
#35 /home/saai/Documents/Projects/CGTA-CLUB/vendor/laravel/framework/src/Illuminate/Pipeline/Pipeline.php(183): Illuminate\\Foundation\\Http\\Middleware\\PreventRequestsDuringMaintenance->handle()
#36 /home/saai/Documents/Projects/CGTA-CLUB/vendor/laravel/framework/src/Illuminate/Http/Middleware/HandleCors.php(49): Illuminate\\Pipeline\\Pipeline->Illuminate\\Pipeline\\{closure}()
#37 /home/saai/Documents/Projects/CGTA-CLUB/vendor/laravel/framework/src/Illuminate/Pipeline/Pipeline.php(183): Illuminate\\Http\\Middleware\\HandleCors->handle()
#38 /home/saai/Documents/Projects/CGTA-CLUB/vendor/laravel/framework/src/Illuminate/Http/Middleware/TrustProxies.php(39): Illuminate\\Pipeline\\Pipeline->Illuminate\\Pipeline\\{closure}()
#39 /home/saai/Documents/Projects/CGTA-CLUB/vendor/laravel/framework/src/Illuminate/Pipeline/Pipeline.php(183): Illuminate\\Http\\Middleware\\TrustProxies->handle()
#40 /home/saai/Documents/Projects/CGTA-CLUB/vendor/laravel/framework/src/Illuminate/Pipeline/Pipeline.php(119): Illuminate\\Pipeline\\Pipeline->Illuminate\\Pipeline\\{closure}()
#41 /home/saai/Documents/Projects/CGTA-CLUB/vendor/laravel/framework/src/Illuminate/Foundation/Http/Kernel.php(175): Illuminate\\Pipeline\\Pipeline->then()
#42 /home/saai/Documents/Projects/CGTA-CLUB/vendor/laravel/framework/src/Illuminate/Foundation/Http/Kernel.php(144): Illuminate\\Foundation\\Http\\Kernel->sendRequestThroughRouter()
#43 /home/saai/Documents/Projects/CGTA-CLUB/public/index.php(51): Illuminate\\Foundation\\Http\\Kernel->handle()
#44 /home/saai/Documents/Projects/CGTA-CLUB/vendor/laravel/framework/src/Illuminate/Foundation/resources/server.php(16): require_once('...')
#45 {main}
"} 
[2025-01-15 13:09:24] local.ERROR: No application encryption key has been specified. {"exception":"[object] (Illuminate\\Encryption\\MissingAppKeyException(code: 0): No application encryption key has been specified. at /home/saai/Documents/Projects/CGTA-CLUB/vendor/laravel/framework/src/Illuminate/Encryption/EncryptionServiceProvider.php:79)
[stacktrace]
#0 /home/saai/Documents/Projects/CGTA-CLUB/vendor/laravel/framework/src/Illuminate/Support/helpers.php(307): Illuminate\\Encryption\\EncryptionServiceProvider->Illuminate\\Encryption\\{closure}()
#1 /home/saai/Documents/Projects/CGTA-CLUB/vendor/laravel/framework/src/Illuminate/Encryption/EncryptionServiceProvider.php(77): tap()
#2 /home/saai/Documents/Projects/CGTA-CLUB/vendor/laravel/framework/src/Illuminate/Encryption/EncryptionServiceProvider.php(60): Illuminate\\Encryption\\EncryptionServiceProvider->key()
#3 /home/saai/Documents/Projects/CGTA-CLUB/vendor/laravel/framework/src/Illuminate/Encryption/EncryptionServiceProvider.php(32): Illuminate\\Encryption\\EncryptionServiceProvider->parseKey()
#4 /home/saai/Documents/Projects/CGTA-CLUB/vendor/laravel/framework/src/Illuminate/Container/Container.php(908): Illuminate\\Encryption\\EncryptionServiceProvider->Illuminate\\Encryption\\{closure}()
#5 /home/saai/Documents/Projects/CGTA-CLUB/vendor/laravel/framework/src/Illuminate/Container/Container.php(795): Illuminate\\Container\\Container->build()
#6 /home/saai/Documents/Projects/CGTA-CLUB/vendor/laravel/framework/src/Illuminate/Foundation/Application.php(961): Illuminate\\Container\\Container->resolve()
#7 /home/saai/Documents/Projects/CGTA-CLUB/vendor/laravel/framework/src/Illuminate/Container/Container.php(731): Illuminate\\Foundation\\Application->resolve()
#8 /home/saai/Documents/Projects/CGTA-CLUB/vendor/laravel/framework/src/Illuminate/Foundation/Application.php(946): Illuminate\\Container\\Container->make()
#9 /home/saai/Documents/Projects/CGTA-CLUB/vendor/laravel/framework/src/Illuminate/Container/Container.php(1066): Illuminate\\Foundation\\Application->make()
#10 /home/saai/Documents/Projects/CGTA-CLUB/vendor/laravel/framework/src/Illuminate/Container/Container.php(982): Illuminate\\Container\\Container->resolveClass()
#11 /home/saai/Documents/Projects/CGTA-CLUB/vendor/laravel/framework/src/Illuminate/Container/Container.php(943): Illuminate\\Container\\Container->resolveDependencies()
#12 /home/saai/Documents/Projects/CGTA-CLUB/vendor/laravel/framework/src/Illuminate/Container/Container.php(795): Illuminate\\Container\\Container->build()
#13 /home/saai/Documents/Projects/CGTA-CLUB/vendor/laravel/framework/src/Illuminate/Foundation/Application.php(961): Illuminate\\Container\\Container->resolve()
#14 /home/saai/Documents/Projects/CGTA-CLUB/vendor/laravel/framework/src/Illuminate/Container/Container.php(731): Illuminate\\Foundation\\Application->resolve()
#15 /home/saai/Documents/Projects/CGTA-CLUB/vendor/laravel/framework/src/Illuminate/Foundation/Application.php(946): Illuminate\\Container\\Container->make()
#16 /home/saai/Documents/Projects/CGTA-CLUB/vendor/laravel/framework/src/Illuminate/Foundation/Http/Kernel.php(255): Illuminate\\Foundation\\Application->make()
#17 /home/saai/Documents/Projects/CGTA-CLUB/vendor/laravel/framework/src/Illuminate/Foundation/Http/Kernel.php(213): Illuminate\\Foundation\\Http\\Kernel->terminateMiddleware()
#18 /home/saai/Documents/Projects/CGTA-CLUB/public/index.php(55): Illuminate\\Foundation\\Http\\Kernel->terminate()
#19 /home/saai/Documents/Projects/CGTA-CLUB/vendor/laravel/framework/src/Illuminate/Foundation/resources/server.php(16): require_once('...')
#20 {main}
"} 
[2025-01-15 13:09:24] local.ERROR: No application encryption key has been specified. {"exception":"[object] (Illuminate\\Encryption\\MissingAppKeyException(code: 0): No application encryption key has been specified. at /home/saai/Documents/Projects/CGTA-CLUB/vendor/laravel/framework/src/Illuminate/Encryption/EncryptionServiceProvider.php:79)
[stacktrace]
#0 /home/saai/Documents/Projects/CGTA-CLUB/vendor/laravel/framework/src/Illuminate/Support/helpers.php(307): Illuminate\\Encryption\\EncryptionServiceProvider->Illuminate\\Encryption\\{closure}()
#1 /home/saai/Documents/Projects/CGTA-CLUB/vendor/laravel/framework/src/Illuminate/Encryption/EncryptionServiceProvider.php(77): tap()
#2 /home/saai/Documents/Projects/CGTA-CLUB/vendor/laravel/framework/src/Illuminate/Encryption/EncryptionServiceProvider.php(60): Illuminate\\Encryption\\EncryptionServiceProvider->key()
#3 /home/saai/Documents/Projects/CGTA-CLUB/vendor/laravel/framework/src/Illuminate/Encryption/EncryptionServiceProvider.php(32): Illuminate\\Encryption\\EncryptionServiceProvider->parseKey()
#4 /home/saai/Documents/Projects/CGTA-CLUB/vendor/laravel/framework/src/Illuminate/Container/Container.php(908): Illuminate\\Encryption\\EncryptionServiceProvider->Illuminate\\Encryption\\{closure}()
#5 /home/saai/Documents/Projects/CGTA-CLUB/vendor/laravel/framework/src/Illuminate/Container/Container.php(795): Illuminate\\Container\\Container->build()
#6 /home/saai/Documents/Projects/CGTA-CLUB/vendor/laravel/framework/src/Illuminate/Foundation/Application.php(961): Illuminate\\Container\\Container->resolve()
#7 /home/saai/Documents/Projects/CGTA-CLUB/vendor/laravel/framework/src/Illuminate/Container/Container.php(731): Illuminate\\Foundation\\Application->resolve()
#8 /home/saai/Documents/Projects/CGTA-CLUB/vendor/laravel/framework/src/Illuminate/Foundation/Application.php(946): Illuminate\\Container\\Container->make()
#9 /home/saai/Documents/Projects/CGTA-CLUB/vendor/laravel/framework/src/Illuminate/Container/Container.php(1066): Illuminate\\Foundation\\Application->make()
#10 /home/saai/Documents/Projects/CGTA-CLUB/vendor/laravel/framework/src/Illuminate/Container/Container.php(982): Illuminate\\Container\\Container->resolveClass()
#11 /home/saai/Documents/Projects/CGTA-CLUB/vendor/laravel/framework/src/Illuminate/Container/Container.php(943): Illuminate\\Container\\Container->resolveDependencies()
#12 /home/saai/Documents/Projects/CGTA-CLUB/vendor/laravel/framework/src/Illuminate/Container/Container.php(795): Illuminate\\Container\\Container->build()
#13 /home/saai/Documents/Projects/CGTA-CLUB/vendor/laravel/framework/src/Illuminate/Foundation/Application.php(961): Illuminate\\Container\\Container->resolve()
#14 /home/saai/Documents/Projects/CGTA-CLUB/vendor/laravel/framework/src/Illuminate/Container/Container.php(731): Illuminate\\Foundation\\Application->resolve()
#15 /home/saai/Documents/Projects/CGTA-CLUB/vendor/laravel/framework/src/Illuminate/Foundation/Application.php(946): Illuminate\\Container\\Container->make()
#16 /home/saai/Documents/Projects/CGTA-CLUB/vendor/laravel/framework/src/Illuminate/Pipeline/Pipeline.php(172): Illuminate\\Foundation\\Application->make()
#17 /home/saai/Documents/Projects/CGTA-CLUB/vendor/laravel/framework/src/Illuminate/Pipeline/Pipeline.php(119): Illuminate\\Pipeline\\Pipeline->Illuminate\\Pipeline\\{closure}()
#18 /home/saai/Documents/Projects/CGTA-CLUB/vendor/laravel/framework/src/Illuminate/Routing/Router.php(805): Illuminate\\Pipeline\\Pipeline->then()
#19 /home/saai/Documents/Projects/CGTA-CLUB/vendor/laravel/framework/src/Illuminate/Routing/Router.php(784): Illuminate\\Routing\\Router->runRouteWithinStack()
#20 /home/saai/Documents/Projects/CGTA-CLUB/vendor/laravel/framework/src/Illuminate/Routing/Router.php(748): Illuminate\\Routing\\Router->runRoute()
#21 /home/saai/Documents/Projects/CGTA-CLUB/vendor/laravel/framework/src/Illuminate/Routing/Router.php(737): Illuminate\\Routing\\Router->dispatchToRoute()
#22 /home/saai/Documents/Projects/CGTA-CLUB/vendor/laravel/framework/src/Illuminate/Foundation/Http/Kernel.php(200): Illuminate\\Routing\\Router->dispatch()
#23 /home/saai/Documents/Projects/CGTA-CLUB/vendor/laravel/framework/src/Illuminate/Pipeline/Pipeline.php(144): Illuminate\\Foundation\\Http\\Kernel->Illuminate\\Foundation\\Http\\{closure}()
#24 /home/saai/Documents/Projects/CGTA-CLUB/vendor/livewire/livewire/src/Features/SupportDisablingBackButtonCache/DisableBackButtonCacheMiddleware.php(19): Illuminate\\Pipeline\\Pipeline->Illuminate\\Pipeline\\{closure}()
#25 /home/saai/Documents/Projects/CGTA-CLUB/vendor/laravel/framework/src/Illuminate/Pipeline/Pipeline.php(183): Livewire\\Features\\SupportDisablingBackButtonCache\\DisableBackButtonCacheMiddleware->handle()
#26 /home/saai/Documents/Projects/CGTA-CLUB/vendor/laravel/framework/src/Illuminate/Foundation/Http/Middleware/TransformsRequest.php(21): Illuminate\\Pipeline\\Pipeline->Illuminate\\Pipeline\\{closure}()
#27 /home/saai/Documents/Projects/CGTA-CLUB/vendor/laravel/framework/src/Illuminate/Foundation/Http/Middleware/ConvertEmptyStringsToNull.php(31): Illuminate\\Foundation\\Http\\Middleware\\TransformsRequest->handle()
#28 /home/saai/Documents/Projects/CGTA-CLUB/vendor/laravel/framework/src/Illuminate/Pipeline/Pipeline.php(183): Illuminate\\Foundation\\Http\\Middleware\\ConvertEmptyStringsToNull->handle()
#29 /home/saai/Documents/Projects/CGTA-CLUB/vendor/laravel/framework/src/Illuminate/Foundation/Http/Middleware/TransformsRequest.php(21): Illuminate\\Pipeline\\Pipeline->Illuminate\\Pipeline\\{closure}()
#30 /home/saai/Documents/Projects/CGTA-CLUB/vendor/laravel/framework/src/Illuminate/Foundation/Http/Middleware/TrimStrings.php(40): Illuminate\\Foundation\\Http\\Middleware\\TransformsRequest->handle()
#31 /home/saai/Documents/Projects/CGTA-CLUB/vendor/laravel/framework/src/Illuminate/Pipeline/Pipeline.php(183): Illuminate\\Foundation\\Http\\Middleware\\TrimStrings->handle()
#32 /home/saai/Documents/Projects/CGTA-CLUB/vendor/laravel/framework/src/Illuminate/Foundation/Http/Middleware/ValidatePostSize.php(27): Illuminate\\Pipeline\\Pipeline->Illuminate\\Pipeline\\{closure}()
#33 /home/saai/Documents/Projects/CGTA-CLUB/vendor/laravel/framework/src/Illuminate/Pipeline/Pipeline.php(183): Illuminate\\Foundation\\Http\\Middleware\\ValidatePostSize->handle()
#34 /home/saai/Documents/Projects/CGTA-CLUB/vendor/laravel/framework/src/Illuminate/Foundation/Http/Middleware/PreventRequestsDuringMaintenance.php(99): Illuminate\\Pipeline\\Pipeline->Illuminate\\Pipeline\\{closure}()
#35 /home/saai/Documents/Projects/CGTA-CLUB/vendor/laravel/framework/src/Illuminate/Pipeline/Pipeline.php(183): Illuminate\\Foundation\\Http\\Middleware\\PreventRequestsDuringMaintenance->handle()
#36 /home/saai/Documents/Projects/CGTA-CLUB/vendor/laravel/framework/src/Illuminate/Http/Middleware/HandleCors.php(49): Illuminate\\Pipeline\\Pipeline->Illuminate\\Pipeline\\{closure}()
#37 /home/saai/Documents/Projects/CGTA-CLUB/vendor/laravel/framework/src/Illuminate/Pipeline/Pipeline.php(183): Illuminate\\Http\\Middleware\\HandleCors->handle()
#38 /home/saai/Documents/Projects/CGTA-CLUB/vendor/laravel/framework/src/Illuminate/Http/Middleware/TrustProxies.php(39): Illuminate\\Pipeline\\Pipeline->Illuminate\\Pipeline\\{closure}()
#39 /home/saai/Documents/Projects/CGTA-CLUB/vendor/laravel/framework/src/Illuminate/Pipeline/Pipeline.php(183): Illuminate\\Http\\Middleware\\TrustProxies->handle()
#40 /home/saai/Documents/Projects/CGTA-CLUB/vendor/laravel/framework/src/Illuminate/Pipeline/Pipeline.php(119): Illuminate\\Pipeline\\Pipeline->Illuminate\\Pipeline\\{closure}()
#41 /home/saai/Documents/Projects/CGTA-CLUB/vendor/laravel/framework/src/Illuminate/Foundation/Http/Kernel.php(175): Illuminate\\Pipeline\\Pipeline->then()
#42 /home/saai/Documents/Projects/CGTA-CLUB/vendor/laravel/framework/src/Illuminate/Foundation/Http/Kernel.php(144): Illuminate\\Foundation\\Http\\Kernel->sendRequestThroughRouter()
#43 /home/saai/Documents/Projects/CGTA-CLUB/public/index.php(51): Illuminate\\Foundation\\Http\\Kernel->handle()
#44 /home/saai/Documents/Projects/CGTA-CLUB/vendor/laravel/framework/src/Illuminate/Foundation/resources/server.php(16): require_once('...')
#45 {main}
"} 
[2025-01-15 13:09:25] local.ERROR: No application encryption key has been specified. {"exception":"[object] (Illuminate\\Encryption\\MissingAppKeyException(code: 0): No application encryption key has been specified. at /home/saai/Documents/Projects/CGTA-CLUB/vendor/laravel/framework/src/Illuminate/Encryption/EncryptionServiceProvider.php:79)
[stacktrace]
#0 /home/saai/Documents/Projects/CGTA-CLUB/vendor/laravel/framework/src/Illuminate/Support/helpers.php(307): Illuminate\\Encryption\\EncryptionServiceProvider->Illuminate\\Encryption\\{closure}()
#1 /home/saai/Documents/Projects/CGTA-CLUB/vendor/laravel/framework/src/Illuminate/Encryption/EncryptionServiceProvider.php(77): tap()
#2 /home/saai/Documents/Projects/CGTA-CLUB/vendor/laravel/framework/src/Illuminate/Encryption/EncryptionServiceProvider.php(60): Illuminate\\Encryption\\EncryptionServiceProvider->key()
#3 /home/saai/Documents/Projects/CGTA-CLUB/vendor/laravel/framework/src/Illuminate/Encryption/EncryptionServiceProvider.php(32): Illuminate\\Encryption\\EncryptionServiceProvider->parseKey()
#4 /home/saai/Documents/Projects/CGTA-CLUB/vendor/laravel/framework/src/Illuminate/Container/Container.php(908): Illuminate\\Encryption\\EncryptionServiceProvider->Illuminate\\Encryption\\{closure}()
#5 /home/saai/Documents/Projects/CGTA-CLUB/vendor/laravel/framework/src/Illuminate/Container/Container.php(795): Illuminate\\Container\\Container->build()
#6 /home/saai/Documents/Projects/CGTA-CLUB/vendor/laravel/framework/src/Illuminate/Foundation/Application.php(961): Illuminate\\Container\\Container->resolve()
#7 /home/saai/Documents/Projects/CGTA-CLUB/vendor/laravel/framework/src/Illuminate/Container/Container.php(731): Illuminate\\Foundation\\Application->resolve()
#8 /home/saai/Documents/Projects/CGTA-CLUB/vendor/laravel/framework/src/Illuminate/Foundation/Application.php(946): Illuminate\\Container\\Container->make()
#9 /home/saai/Documents/Projects/CGTA-CLUB/vendor/laravel/framework/src/Illuminate/Container/Container.php(1066): Illuminate\\Foundation\\Application->make()
#10 /home/saai/Documents/Projects/CGTA-CLUB/vendor/laravel/framework/src/Illuminate/Container/Container.php(982): Illuminate\\Container\\Container->resolveClass()
#11 /home/saai/Documents/Projects/CGTA-CLUB/vendor/laravel/framework/src/Illuminate/Container/Container.php(943): Illuminate\\Container\\Container->resolveDependencies()
#12 /home/saai/Documents/Projects/CGTA-CLUB/vendor/laravel/framework/src/Illuminate/Container/Container.php(795): Illuminate\\Container\\Container->build()
#13 /home/saai/Documents/Projects/CGTA-CLUB/vendor/laravel/framework/src/Illuminate/Foundation/Application.php(961): Illuminate\\Container\\Container->resolve()
#14 /home/saai/Documents/Projects/CGTA-CLUB/vendor/laravel/framework/src/Illuminate/Container/Container.php(731): Illuminate\\Foundation\\Application->resolve()
#15 /home/saai/Documents/Projects/CGTA-CLUB/vendor/laravel/framework/src/Illuminate/Foundation/Application.php(946): Illuminate\\Container\\Container->make()
#16 /home/saai/Documents/Projects/CGTA-CLUB/vendor/laravel/framework/src/Illuminate/Foundation/Http/Kernel.php(255): Illuminate\\Foundation\\Application->make()
#17 /home/saai/Documents/Projects/CGTA-CLUB/vendor/laravel/framework/src/Illuminate/Foundation/Http/Kernel.php(213): Illuminate\\Foundation\\Http\\Kernel->terminateMiddleware()
#18 /home/saai/Documents/Projects/CGTA-CLUB/public/index.php(55): Illuminate\\Foundation\\Http\\Kernel->terminate()
#19 /home/saai/Documents/Projects/CGTA-CLUB/vendor/laravel/framework/src/Illuminate/Foundation/resources/server.php(16): require_once('...')
#20 {main}
"} 
[2025-01-15 13:10:13] local.ERROR: Unsupported cipher or incorrect key length. Supported ciphers are: aes-128-cbc, aes-256-cbc, aes-128-gcm, aes-256-gcm. {"exception":"[object] (RuntimeException(code: 0): Unsupported cipher or incorrect key length. Supported ciphers are: aes-128-cbc, aes-256-cbc, aes-128-gcm, aes-256-gcm. at /home/saai/Documents/Projects/CGTA-CLUB/vendor/laravel/framework/src/Illuminate/Encryption/Encrypter.php:55)
[stacktrace]
#0 /home/saai/Documents/Projects/CGTA-CLUB/vendor/laravel/framework/src/Illuminate/Encryption/EncryptionServiceProvider.php(32): Illuminate\\Encryption\\Encrypter->__construct()
#1 /home/saai/Documents/Projects/CGTA-CLUB/vendor/laravel/framework/src/Illuminate/Container/Container.php(908): Illuminate\\Encryption\\EncryptionServiceProvider->Illuminate\\Encryption\\{closure}()
#2 /home/saai/Documents/Projects/CGTA-CLUB/vendor/laravel/framework/src/Illuminate/Container/Container.php(795): Illuminate\\Container\\Container->build()
#3 /home/saai/Documents/Projects/CGTA-CLUB/vendor/laravel/framework/src/Illuminate/Foundation/Application.php(961): Illuminate\\Container\\Container->resolve()
#4 /home/saai/Documents/Projects/CGTA-CLUB/vendor/laravel/framework/src/Illuminate/Container/Container.php(731): Illuminate\\Foundation\\Application->resolve()
#5 /home/saai/Documents/Projects/CGTA-CLUB/vendor/laravel/framework/src/Illuminate/Foundation/Application.php(946): Illuminate\\Container\\Container->make()
#6 /home/saai/Documents/Projects/CGTA-CLUB/vendor/laravel/framework/src/Illuminate/Container/Container.php(1066): Illuminate\\Foundation\\Application->make()
#7 /home/saai/Documents/Projects/CGTA-CLUB/vendor/laravel/framework/src/Illuminate/Container/Container.php(982): Illuminate\\Container\\Container->resolveClass()
#8 /home/saai/Documents/Projects/CGTA-CLUB/vendor/laravel/framework/src/Illuminate/Container/Container.php(943): Illuminate\\Container\\Container->resolveDependencies()
#9 /home/saai/Documents/Projects/CGTA-CLUB/vendor/laravel/framework/src/Illuminate/Container/Container.php(795): Illuminate\\Container\\Container->build()
#10 /home/saai/Documents/Projects/CGTA-CLUB/vendor/laravel/framework/src/Illuminate/Foundation/Application.php(961): Illuminate\\Container\\Container->resolve()
#11 /home/saai/Documents/Projects/CGTA-CLUB/vendor/laravel/framework/src/Illuminate/Container/Container.php(731): Illuminate\\Foundation\\Application->resolve()
#12 /home/saai/Documents/Projects/CGTA-CLUB/vendor/laravel/framework/src/Illuminate/Foundation/Application.php(946): Illuminate\\Container\\Container->make()
#13 /home/saai/Documents/Projects/CGTA-CLUB/vendor/laravel/framework/src/Illuminate/Pipeline/Pipeline.php(172): Illuminate\\Foundation\\Application->make()
#14 /home/saai/Documents/Projects/CGTA-CLUB/vendor/laravel/framework/src/Illuminate/Pipeline/Pipeline.php(119): Illuminate\\Pipeline\\Pipeline->Illuminate\\Pipeline\\{closure}()
#15 /home/saai/Documents/Projects/CGTA-CLUB/vendor/laravel/framework/src/Illuminate/Routing/Router.php(805): Illuminate\\Pipeline\\Pipeline->then()
#16 /home/saai/Documents/Projects/CGTA-CLUB/vendor/laravel/framework/src/Illuminate/Routing/Router.php(784): Illuminate\\Routing\\Router->runRouteWithinStack()
#17 /home/saai/Documents/Projects/CGTA-CLUB/vendor/laravel/framework/src/Illuminate/Routing/Router.php(748): Illuminate\\Routing\\Router->runRoute()
#18 /home/saai/Documents/Projects/CGTA-CLUB/vendor/laravel/framework/src/Illuminate/Routing/Router.php(737): Illuminate\\Routing\\Router->dispatchToRoute()
#19 /home/saai/Documents/Projects/CGTA-CLUB/vendor/laravel/framework/src/Illuminate/Foundation/Http/Kernel.php(200): Illuminate\\Routing\\Router->dispatch()
#20 /home/saai/Documents/Projects/CGTA-CLUB/vendor/laravel/framework/src/Illuminate/Pipeline/Pipeline.php(144): Illuminate\\Foundation\\Http\\Kernel->Illuminate\\Foundation\\Http\\{closure}()
#21 /home/saai/Documents/Projects/CGTA-CLUB/vendor/livewire/livewire/src/Features/SupportDisablingBackButtonCache/DisableBackButtonCacheMiddleware.php(19): Illuminate\\Pipeline\\Pipeline->Illuminate\\Pipeline\\{closure}()
#22 /home/saai/Documents/Projects/CGTA-CLUB/vendor/laravel/framework/src/Illuminate/Pipeline/Pipeline.php(183): Livewire\\Features\\SupportDisablingBackButtonCache\\DisableBackButtonCacheMiddleware->handle()
#23 /home/saai/Documents/Projects/CGTA-CLUB/vendor/laravel/framework/src/Illuminate/Foundation/Http/Middleware/TransformsRequest.php(21): Illuminate\\Pipeline\\Pipeline->Illuminate\\Pipeline\\{closure}()
#24 /home/saai/Documents/Projects/CGTA-CLUB/vendor/laravel/framework/src/Illuminate/Foundation/Http/Middleware/ConvertEmptyStringsToNull.php(31): Illuminate\\Foundation\\Http\\Middleware\\TransformsRequest->handle()
#25 /home/saai/Documents/Projects/CGTA-CLUB/vendor/laravel/framework/src/Illuminate/Pipeline/Pipeline.php(183): Illuminate\\Foundation\\Http\\Middleware\\ConvertEmptyStringsToNull->handle()
#26 /home/saai/Documents/Projects/CGTA-CLUB/vendor/laravel/framework/src/Illuminate/Foundation/Http/Middleware/TransformsRequest.php(21): Illuminate\\Pipeline\\Pipeline->Illuminate\\Pipeline\\{closure}()
#27 /home/saai/Documents/Projects/CGTA-CLUB/vendor/laravel/framework/src/Illuminate/Foundation/Http/Middleware/TrimStrings.php(40): Illuminate\\Foundation\\Http\\Middleware\\TransformsRequest->handle()
#28 /home/saai/Documents/Projects/CGTA-CLUB/vendor/laravel/framework/src/Illuminate/Pipeline/Pipeline.php(183): Illuminate\\Foundation\\Http\\Middleware\\TrimStrings->handle()
#29 /home/saai/Documents/Projects/CGTA-CLUB/vendor/laravel/framework/src/Illuminate/Foundation/Http/Middleware/ValidatePostSize.php(27): Illuminate\\Pipeline\\Pipeline->Illuminate\\Pipeline\\{closure}()
#30 /home/saai/Documents/Projects/CGTA-CLUB/vendor/laravel/framework/src/Illuminate/Pipeline/Pipeline.php(183): Illuminate\\Foundation\\Http\\Middleware\\ValidatePostSize->handle()
#31 /home/saai/Documents/Projects/CGTA-CLUB/vendor/laravel/framework/src/Illuminate/Foundation/Http/Middleware/PreventRequestsDuringMaintenance.php(99): Illuminate\\Pipeline\\Pipeline->Illuminate\\Pipeline\\{closure}()
#32 /home/saai/Documents/Projects/CGTA-CLUB/vendor/laravel/framework/src/Illuminate/Pipeline/Pipeline.php(183): Illuminate\\Foundation\\Http\\Middleware\\PreventRequestsDuringMaintenance->handle()
#33 /home/saai/Documents/Projects/CGTA-CLUB/vendor/laravel/framework/src/Illuminate/Http/Middleware/HandleCors.php(49): Illuminate\\Pipeline\\Pipeline->Illuminate\\Pipeline\\{closure}()
#34 /home/saai/Documents/Projects/CGTA-CLUB/vendor/laravel/framework/src/Illuminate/Pipeline/Pipeline.php(183): Illuminate\\Http\\Middleware\\HandleCors->handle()
#35 /home/saai/Documents/Projects/CGTA-CLUB/vendor/laravel/framework/src/Illuminate/Http/Middleware/TrustProxies.php(39): Illuminate\\Pipeline\\Pipeline->Illuminate\\Pipeline\\{closure}()
#36 /home/saai/Documents/Projects/CGTA-CLUB/vendor/laravel/framework/src/Illuminate/Pipeline/Pipeline.php(183): Illuminate\\Http\\Middleware\\TrustProxies->handle()
#37 /home/saai/Documents/Projects/CGTA-CLUB/vendor/laravel/framework/src/Illuminate/Pipeline/Pipeline.php(119): Illuminate\\Pipeline\\Pipeline->Illuminate\\Pipeline\\{closure}()
#38 /home/saai/Documents/Projects/CGTA-CLUB/vendor/laravel/framework/src/Illuminate/Foundation/Http/Kernel.php(175): Illuminate\\Pipeline\\Pipeline->then()
#39 /home/saai/Documents/Projects/CGTA-CLUB/vendor/laravel/framework/src/Illuminate/Foundation/Http/Kernel.php(144): Illuminate\\Foundation\\Http\\Kernel->sendRequestThroughRouter()
#40 /home/saai/Documents/Projects/CGTA-CLUB/public/index.php(51): Illuminate\\Foundation\\Http\\Kernel->handle()
#41 /home/saai/Documents/Projects/CGTA-CLUB/vendor/laravel/framework/src/Illuminate/Foundation/resources/server.php(16): require_once('...')
#42 {main}
"} 
[2025-01-15 13:10:13] local.ERROR: Unsupported cipher or incorrect key length. Supported ciphers are: aes-128-cbc, aes-256-cbc, aes-128-gcm, aes-256-gcm. {"exception":"[object] (RuntimeException(code: 0): Unsupported cipher or incorrect key length. Supported ciphers are: aes-128-cbc, aes-256-cbc, aes-128-gcm, aes-256-gcm. at /home/saai/Documents/Projects/CGTA-CLUB/vendor/laravel/framework/src/Illuminate/Encryption/Encrypter.php:55)
[stacktrace]
#0 /home/saai/Documents/Projects/CGTA-CLUB/vendor/laravel/framework/src/Illuminate/Encryption/EncryptionServiceProvider.php(32): Illuminate\\Encryption\\Encrypter->__construct()
#1 /home/saai/Documents/Projects/CGTA-CLUB/vendor/laravel/framework/src/Illuminate/Container/Container.php(908): Illuminate\\Encryption\\EncryptionServiceProvider->Illuminate\\Encryption\\{closure}()
#2 /home/saai/Documents/Projects/CGTA-CLUB/vendor/laravel/framework/src/Illuminate/Container/Container.php(795): Illuminate\\Container\\Container->build()
#3 /home/saai/Documents/Projects/CGTA-CLUB/vendor/laravel/framework/src/Illuminate/Foundation/Application.php(961): Illuminate\\Container\\Container->resolve()
#4 /home/saai/Documents/Projects/CGTA-CLUB/vendor/laravel/framework/src/Illuminate/Container/Container.php(731): Illuminate\\Foundation\\Application->resolve()
#5 /home/saai/Documents/Projects/CGTA-CLUB/vendor/laravel/framework/src/Illuminate/Foundation/Application.php(946): Illuminate\\Container\\Container->make()
#6 /home/saai/Documents/Projects/CGTA-CLUB/vendor/laravel/framework/src/Illuminate/Container/Container.php(1066): Illuminate\\Foundation\\Application->make()
#7 /home/saai/Documents/Projects/CGTA-CLUB/vendor/laravel/framework/src/Illuminate/Container/Container.php(982): Illuminate\\Container\\Container->resolveClass()
#8 /home/saai/Documents/Projects/CGTA-CLUB/vendor/laravel/framework/src/Illuminate/Container/Container.php(943): Illuminate\\Container\\Container->resolveDependencies()
#9 /home/saai/Documents/Projects/CGTA-CLUB/vendor/laravel/framework/src/Illuminate/Container/Container.php(795): Illuminate\\Container\\Container->build()
#10 /home/saai/Documents/Projects/CGTA-CLUB/vendor/laravel/framework/src/Illuminate/Foundation/Application.php(961): Illuminate\\Container\\Container->resolve()
#11 /home/saai/Documents/Projects/CGTA-CLUB/vendor/laravel/framework/src/Illuminate/Container/Container.php(731): Illuminate\\Foundation\\Application->resolve()
#12 /home/saai/Documents/Projects/CGTA-CLUB/vendor/laravel/framework/src/Illuminate/Foundation/Application.php(946): Illuminate\\Container\\Container->make()
#13 /home/saai/Documents/Projects/CGTA-CLUB/vendor/laravel/framework/src/Illuminate/Foundation/Http/Kernel.php(255): Illuminate\\Foundation\\Application->make()
#14 /home/saai/Documents/Projects/CGTA-CLUB/vendor/laravel/framework/src/Illuminate/Foundation/Http/Kernel.php(213): Illuminate\\Foundation\\Http\\Kernel->terminateMiddleware()
#15 /home/saai/Documents/Projects/CGTA-CLUB/public/index.php(55): Illuminate\\Foundation\\Http\\Kernel->terminate()
#16 /home/saai/Documents/Projects/CGTA-CLUB/vendor/laravel/framework/src/Illuminate/Foundation/resources/server.php(16): require_once('...')
#17 {main}
"} 
[2025-01-15 13:11:03] local.ERROR: Unsupported cipher or incorrect key length. Supported ciphers are: aes-128-cbc, aes-256-cbc, aes-128-gcm, aes-256-gcm. {"exception":"[object] (RuntimeException(code: 0): Unsupported cipher or incorrect key length. Supported ciphers are: aes-128-cbc, aes-256-cbc, aes-128-gcm, aes-256-gcm. at /home/saai/Documents/Projects/CGTA-CLUB/vendor/laravel/framework/src/Illuminate/Encryption/Encrypter.php:55)
[stacktrace]
#0 /home/saai/Documents/Projects/CGTA-CLUB/vendor/laravel/framework/src/Illuminate/Encryption/EncryptionServiceProvider.php(32): Illuminate\\Encryption\\Encrypter->__construct()
#1 /home/saai/Documents/Projects/CGTA-CLUB/vendor/laravel/framework/src/Illuminate/Container/Container.php(908): Illuminate\\Encryption\\EncryptionServiceProvider->Illuminate\\Encryption\\{closure}()
#2 /home/saai/Documents/Projects/CGTA-CLUB/vendor/laravel/framework/src/Illuminate/Container/Container.php(795): Illuminate\\Container\\Container->build()
#3 /home/saai/Documents/Projects/CGTA-CLUB/vendor/laravel/framework/src/Illuminate/Foundation/Application.php(961): Illuminate\\Container\\Container->resolve()
#4 /home/saai/Documents/Projects/CGTA-CLUB/vendor/laravel/framework/src/Illuminate/Container/Container.php(731): Illuminate\\Foundation\\Application->resolve()
#5 /home/saai/Documents/Projects/CGTA-CLUB/vendor/laravel/framework/src/Illuminate/Foundation/Application.php(946): Illuminate\\Container\\Container->make()
#6 /home/saai/Documents/Projects/CGTA-CLUB/vendor/laravel/framework/src/Illuminate/Container/Container.php(1066): Illuminate\\Foundation\\Application->make()
#7 /home/saai/Documents/Projects/CGTA-CLUB/vendor/laravel/framework/src/Illuminate/Container/Container.php(982): Illuminate\\Container\\Container->resolveClass()
#8 /home/saai/Documents/Projects/CGTA-CLUB/vendor/laravel/framework/src/Illuminate/Container/Container.php(943): Illuminate\\Container\\Container->resolveDependencies()
#9 /home/saai/Documents/Projects/CGTA-CLUB/vendor/laravel/framework/src/Illuminate/Container/Container.php(795): Illuminate\\Container\\Container->build()
#10 /home/saai/Documents/Projects/CGTA-CLUB/vendor/laravel/framework/src/Illuminate/Foundation/Application.php(961): Illuminate\\Container\\Container->resolve()
#11 /home/saai/Documents/Projects/CGTA-CLUB/vendor/laravel/framework/src/Illuminate/Container/Container.php(731): Illuminate\\Foundation\\Application->resolve()
#12 /home/saai/Documents/Projects/CGTA-CLUB/vendor/laravel/framework/src/Illuminate/Foundation/Application.php(946): Illuminate\\Container\\Container->make()
#13 /home/saai/Documents/Projects/CGTA-CLUB/vendor/laravel/framework/src/Illuminate/Pipeline/Pipeline.php(172): Illuminate\\Foundation\\Application->make()
#14 /home/saai/Documents/Projects/CGTA-CLUB/vendor/laravel/framework/src/Illuminate/Pipeline/Pipeline.php(119): Illuminate\\Pipeline\\Pipeline->Illuminate\\Pipeline\\{closure}()
#15 /home/saai/Documents/Projects/CGTA-CLUB/vendor/laravel/framework/src/Illuminate/Routing/Router.php(805): Illuminate\\Pipeline\\Pipeline->then()
#16 /home/saai/Documents/Projects/CGTA-CLUB/vendor/laravel/framework/src/Illuminate/Routing/Router.php(784): Illuminate\\Routing\\Router->runRouteWithinStack()
#17 /home/saai/Documents/Projects/CGTA-CLUB/vendor/laravel/framework/src/Illuminate/Routing/Router.php(748): Illuminate\\Routing\\Router->runRoute()
#18 /home/saai/Documents/Projects/CGTA-CLUB/vendor/laravel/framework/src/Illuminate/Routing/Router.php(737): Illuminate\\Routing\\Router->dispatchToRoute()
#19 /home/saai/Documents/Projects/CGTA-CLUB/vendor/laravel/framework/src/Illuminate/Foundation/Http/Kernel.php(200): Illuminate\\Routing\\Router->dispatch()
#20 /home/saai/Documents/Projects/CGTA-CLUB/vendor/laravel/framework/src/Illuminate/Pipeline/Pipeline.php(144): Illuminate\\Foundation\\Http\\Kernel->Illuminate\\Foundation\\Http\\{closure}()
#21 /home/saai/Documents/Projects/CGTA-CLUB/vendor/livewire/livewire/src/Features/SupportDisablingBackButtonCache/DisableBackButtonCacheMiddleware.php(19): Illuminate\\Pipeline\\Pipeline->Illuminate\\Pipeline\\{closure}()
#22 /home/saai/Documents/Projects/CGTA-CLUB/vendor/laravel/framework/src/Illuminate/Pipeline/Pipeline.php(183): Livewire\\Features\\SupportDisablingBackButtonCache\\DisableBackButtonCacheMiddleware->handle()
#23 /home/saai/Documents/Projects/CGTA-CLUB/vendor/laravel/framework/src/Illuminate/Foundation/Http/Middleware/TransformsRequest.php(21): Illuminate\\Pipeline\\Pipeline->Illuminate\\Pipeline\\{closure}()
#24 /home/saai/Documents/Projects/CGTA-CLUB/vendor/laravel/framework/src/Illuminate/Foundation/Http/Middleware/ConvertEmptyStringsToNull.php(31): Illuminate\\Foundation\\Http\\Middleware\\TransformsRequest->handle()
#25 /home/saai/Documents/Projects/CGTA-CLUB/vendor/laravel/framework/src/Illuminate/Pipeline/Pipeline.php(183): Illuminate\\Foundation\\Http\\Middleware\\ConvertEmptyStringsToNull->handle()
#26 /home/saai/Documents/Projects/CGTA-CLUB/vendor/laravel/framework/src/Illuminate/Foundation/Http/Middleware/TransformsRequest.php(21): Illuminate\\Pipeline\\Pipeline->Illuminate\\Pipeline\\{closure}()
#27 /home/saai/Documents/Projects/CGTA-CLUB/vendor/laravel/framework/src/Illuminate/Foundation/Http/Middleware/TrimStrings.php(40): Illuminate\\Foundation\\Http\\Middleware\\TransformsRequest->handle()
#28 /home/saai/Documents/Projects/CGTA-CLUB/vendor/laravel/framework/src/Illuminate/Pipeline/Pipeline.php(183): Illuminate\\Foundation\\Http\\Middleware\\TrimStrings->handle()
#29 /home/saai/Documents/Projects/CGTA-CLUB/vendor/laravel/framework/src/Illuminate/Foundation/Http/Middleware/ValidatePostSize.php(27): Illuminate\\Pipeline\\Pipeline->Illuminate\\Pipeline\\{closure}()
#30 /home/saai/Documents/Projects/CGTA-CLUB/vendor/laravel/framework/src/Illuminate/Pipeline/Pipeline.php(183): Illuminate\\Foundation\\Http\\Middleware\\ValidatePostSize->handle()
#31 /home/saai/Documents/Projects/CGTA-CLUB/vendor/laravel/framework/src/Illuminate/Foundation/Http/Middleware/PreventRequestsDuringMaintenance.php(99): Illuminate\\Pipeline\\Pipeline->Illuminate\\Pipeline\\{closure}()
#32 /home/saai/Documents/Projects/CGTA-CLUB/vendor/laravel/framework/src/Illuminate/Pipeline/Pipeline.php(183): Illuminate\\Foundation\\Http\\Middleware\\PreventRequestsDuringMaintenance->handle()
#33 /home/saai/Documents/Projects/CGTA-CLUB/vendor/laravel/framework/src/Illuminate/Http/Middleware/HandleCors.php(49): Illuminate\\Pipeline\\Pipeline->Illuminate\\Pipeline\\{closure}()
#34 /home/saai/Documents/Projects/CGTA-CLUB/vendor/laravel/framework/src/Illuminate/Pipeline/Pipeline.php(183): Illuminate\\Http\\Middleware\\HandleCors->handle()
#35 /home/saai/Documents/Projects/CGTA-CLUB/vendor/laravel/framework/src/Illuminate/Http/Middleware/TrustProxies.php(39): Illuminate\\Pipeline\\Pipeline->Illuminate\\Pipeline\\{closure}()
#36 /home/saai/Documents/Projects/CGTA-CLUB/vendor/laravel/framework/src/Illuminate/Pipeline/Pipeline.php(183): Illuminate\\Http\\Middleware\\TrustProxies->handle()
#37 /home/saai/Documents/Projects/CGTA-CLUB/vendor/laravel/framework/src/Illuminate/Pipeline/Pipeline.php(119): Illuminate\\Pipeline\\Pipeline->Illuminate\\Pipeline\\{closure}()
#38 /home/saai/Documents/Projects/CGTA-CLUB/vendor/laravel/framework/src/Illuminate/Foundation/Http/Kernel.php(175): Illuminate\\Pipeline\\Pipeline->then()
#39 /home/saai/Documents/Projects/CGTA-CLUB/vendor/laravel/framework/src/Illuminate/Foundation/Http/Kernel.php(144): Illuminate\\Foundation\\Http\\Kernel->sendRequestThroughRouter()
#40 /home/saai/Documents/Projects/CGTA-CLUB/public/index.php(51): Illuminate\\Foundation\\Http\\Kernel->handle()
#41 /home/saai/Documents/Projects/CGTA-CLUB/vendor/laravel/framework/src/Illuminate/Foundation/resources/server.php(16): require_once('...')
#42 {main}
"} 
[2025-01-15 13:11:03] local.ERROR: Unsupported cipher or incorrect key length. Supported ciphers are: aes-128-cbc, aes-256-cbc, aes-128-gcm, aes-256-gcm. {"exception":"[object] (RuntimeException(code: 0): Unsupported cipher or incorrect key length. Supported ciphers are: aes-128-cbc, aes-256-cbc, aes-128-gcm, aes-256-gcm. at /home/saai/Documents/Projects/CGTA-CLUB/vendor/laravel/framework/src/Illuminate/Encryption/Encrypter.php:55)
[stacktrace]
#0 /home/saai/Documents/Projects/CGTA-CLUB/vendor/laravel/framework/src/Illuminate/Encryption/EncryptionServiceProvider.php(32): Illuminate\\Encryption\\Encrypter->__construct()
#1 /home/saai/Documents/Projects/CGTA-CLUB/vendor/laravel/framework/src/Illuminate/Container/Container.php(908): Illuminate\\Encryption\\EncryptionServiceProvider->Illuminate\\Encryption\\{closure}()
#2 /home/saai/Documents/Projects/CGTA-CLUB/vendor/laravel/framework/src/Illuminate/Container/Container.php(795): Illuminate\\Container\\Container->build()
#3 /home/saai/Documents/Projects/CGTA-CLUB/vendor/laravel/framework/src/Illuminate/Foundation/Application.php(961): Illuminate\\Container\\Container->resolve()
#4 /home/saai/Documents/Projects/CGTA-CLUB/vendor/laravel/framework/src/Illuminate/Container/Container.php(731): Illuminate\\Foundation\\Application->resolve()
#5 /home/saai/Documents/Projects/CGTA-CLUB/vendor/laravel/framework/src/Illuminate/Foundation/Application.php(946): Illuminate\\Container\\Container->make()
#6 /home/saai/Documents/Projects/CGTA-CLUB/vendor/laravel/framework/src/Illuminate/Container/Container.php(1066): Illuminate\\Foundation\\Application->make()
#7 /home/saai/Documents/Projects/CGTA-CLUB/vendor/laravel/framework/src/Illuminate/Container/Container.php(982): Illuminate\\Container\\Container->resolveClass()
#8 /home/saai/Documents/Projects/CGTA-CLUB/vendor/laravel/framework/src/Illuminate/Container/Container.php(943): Illuminate\\Container\\Container->resolveDependencies()
#9 /home/saai/Documents/Projects/CGTA-CLUB/vendor/laravel/framework/src/Illuminate/Container/Container.php(795): Illuminate\\Container\\Container->build()
#10 /home/saai/Documents/Projects/CGTA-CLUB/vendor/laravel/framework/src/Illuminate/Foundation/Application.php(961): Illuminate\\Container\\Container->resolve()
#11 /home/saai/Documents/Projects/CGTA-CLUB/vendor/laravel/framework/src/Illuminate/Container/Container.php(731): Illuminate\\Foundation\\Application->resolve()
#12 /home/saai/Documents/Projects/CGTA-CLUB/vendor/laravel/framework/src/Illuminate/Foundation/Application.php(946): Illuminate\\Container\\Container->make()
#13 /home/saai/Documents/Projects/CGTA-CLUB/vendor/laravel/framework/src/Illuminate/Pipeline/Pipeline.php(172): Illuminate\\Foundation\\Application->make()
#14 /home/saai/Documents/Projects/CGTA-CLUB/vendor/laravel/framework/src/Illuminate/Pipeline/Pipeline.php(119): Illuminate\\Pipeline\\Pipeline->Illuminate\\Pipeline\\{closure}()
#15 /home/saai/Documents/Projects/CGTA-CLUB/vendor/laravel/framework/src/Illuminate/Routing/Router.php(805): Illuminate\\Pipeline\\Pipeline->then()
#16 /home/saai/Documents/Projects/CGTA-CLUB/vendor/laravel/framework/src/Illuminate/Routing/Router.php(784): Illuminate\\Routing\\Router->runRouteWithinStack()
#17 /home/saai/Documents/Projects/CGTA-CLUB/vendor/laravel/framework/src/Illuminate/Routing/Router.php(748): Illuminate\\Routing\\Router->runRoute()
#18 /home/saai/Documents/Projects/CGTA-CLUB/vendor/laravel/framework/src/Illuminate/Routing/Router.php(737): Illuminate\\Routing\\Router->dispatchToRoute()
#19 /home/saai/Documents/Projects/CGTA-CLUB/vendor/laravel/framework/src/Illuminate/Foundation/Http/Kernel.php(200): Illuminate\\Routing\\Router->dispatch()
#20 /home/saai/Documents/Projects/CGTA-CLUB/vendor/laravel/framework/src/Illuminate/Pipeline/Pipeline.php(144): Illuminate\\Foundation\\Http\\Kernel->Illuminate\\Foundation\\Http\\{closure}()
#21 /home/saai/Documents/Projects/CGTA-CLUB/vendor/livewire/livewire/src/Features/SupportDisablingBackButtonCache/DisableBackButtonCacheMiddleware.php(19): Illuminate\\Pipeline\\Pipeline->Illuminate\\Pipeline\\{closure}()
#22 /home/saai/Documents/Projects/CGTA-CLUB/vendor/laravel/framework/src/Illuminate/Pipeline/Pipeline.php(183): Livewire\\Features\\SupportDisablingBackButtonCache\\DisableBackButtonCacheMiddleware->handle()
#23 /home/saai/Documents/Projects/CGTA-CLUB/vendor/laravel/framework/src/Illuminate/Foundation/Http/Middleware/TransformsRequest.php(21): Illuminate\\Pipeline\\Pipeline->Illuminate\\Pipeline\\{closure}()
#24 /home/saai/Documents/Projects/CGTA-CLUB/vendor/laravel/framework/src/Illuminate/Foundation/Http/Middleware/ConvertEmptyStringsToNull.php(31): Illuminate\\Foundation\\Http\\Middleware\\TransformsRequest->handle()
#25 /home/saai/Documents/Projects/CGTA-CLUB/vendor/laravel/framework/src/Illuminate/Pipeline/Pipeline.php(183): Illuminate\\Foundation\\Http\\Middleware\\ConvertEmptyStringsToNull->handle()
#26 /home/saai/Documents/Projects/CGTA-CLUB/vendor/laravel/framework/src/Illuminate/Foundation/Http/Middleware/TransformsRequest.php(21): Illuminate\\Pipeline\\Pipeline->Illuminate\\Pipeline\\{closure}()
#27 /home/saai/Documents/Projects/CGTA-CLUB/vendor/laravel/framework/src/Illuminate/Foundation/Http/Middleware/TrimStrings.php(40): Illuminate\\Foundation\\Http\\Middleware\\TransformsRequest->handle()
#28 /home/saai/Documents/Projects/CGTA-CLUB/vendor/laravel/framework/src/Illuminate/Pipeline/Pipeline.php(183): Illuminate\\Foundation\\Http\\Middleware\\TrimStrings->handle()
#29 /home/saai/Documents/Projects/CGTA-CLUB/vendor/laravel/framework/src/Illuminate/Foundation/Http/Middleware/ValidatePostSize.php(27): Illuminate\\Pipeline\\Pipeline->Illuminate\\Pipeline\\{closure}()
#30 /home/saai/Documents/Projects/CGTA-CLUB/vendor/laravel/framework/src/Illuminate/Pipeline/Pipeline.php(183): Illuminate\\Foundation\\Http\\Middleware\\ValidatePostSize->handle()
#31 /home/saai/Documents/Projects/CGTA-CLUB/vendor/laravel/framework/src/Illuminate/Foundation/Http/Middleware/PreventRequestsDuringMaintenance.php(99): Illuminate\\Pipeline\\Pipeline->Illuminate\\Pipeline\\{closure}()
#32 /home/saai/Documents/Projects/CGTA-CLUB/vendor/laravel/framework/src/Illuminate/Pipeline/Pipeline.php(183): Illuminate\\Foundation\\Http\\Middleware\\PreventRequestsDuringMaintenance->handle()
#33 /home/saai/Documents/Projects/CGTA-CLUB/vendor/laravel/framework/src/Illuminate/Http/Middleware/HandleCors.php(49): Illuminate\\Pipeline\\Pipeline->Illuminate\\Pipeline\\{closure}()
#34 /home/saai/Documents/Projects/CGTA-CLUB/vendor/laravel/framework/src/Illuminate/Pipeline/Pipeline.php(183): Illuminate\\Http\\Middleware\\HandleCors->handle()
#35 /home/saai/Documents/Projects/CGTA-CLUB/vendor/laravel/framework/src/Illuminate/Http/Middleware/TrustProxies.php(39): Illuminate\\Pipeline\\Pipeline->Illuminate\\Pipeline\\{closure}()
#36 /home/saai/Documents/Projects/CGTA-CLUB/vendor/laravel/framework/src/Illuminate/Pipeline/Pipeline.php(183): Illuminate\\Http\\Middleware\\TrustProxies->handle()
#37 /home/saai/Documents/Projects/CGTA-CLUB/vendor/laravel/framework/src/Illuminate/Pipeline/Pipeline.php(119): Illuminate\\Pipeline\\Pipeline->Illuminate\\Pipeline\\{closure}()
#38 /home/saai/Documents/Projects/CGTA-CLUB/vendor/laravel/framework/src/Illuminate/Foundation/Http/Kernel.php(175): Illuminate\\Pipeline\\Pipeline->then()
#39 /home/saai/Documents/Projects/CGTA-CLUB/vendor/laravel/framework/src/Illuminate/Foundation/Http/Kernel.php(144): Illuminate\\Foundation\\Http\\Kernel->sendRequestThroughRouter()
#40 /home/saai/Documents/Projects/CGTA-CLUB/public/index.php(51): Illuminate\\Foundation\\Http\\Kernel->handle()
#41 /home/saai/Documents/Projects/CGTA-CLUB/vendor/laravel/framework/src/Illuminate/Foundation/resources/server.php(16): require_once('...')
#42 {main}
"} 
[2025-01-15 13:11:03] local.ERROR: Unsupported cipher or incorrect key length. Supported ciphers are: aes-128-cbc, aes-256-cbc, aes-128-gcm, aes-256-gcm. {"exception":"[object] (RuntimeException(code: 0): Unsupported cipher or incorrect key length. Supported ciphers are: aes-128-cbc, aes-256-cbc, aes-128-gcm, aes-256-gcm. at /home/saai/Documents/Projects/CGTA-CLUB/vendor/laravel/framework/src/Illuminate/Encryption/Encrypter.php:55)
[stacktrace]
#0 /home/saai/Documents/Projects/CGTA-CLUB/vendor/laravel/framework/src/Illuminate/Encryption/EncryptionServiceProvider.php(32): Illuminate\\Encryption\\Encrypter->__construct()
#1 /home/saai/Documents/Projects/CGTA-CLUB/vendor/laravel/framework/src/Illuminate/Container/Container.php(908): Illuminate\\Encryption\\EncryptionServiceProvider->Illuminate\\Encryption\\{closure}()
#2 /home/saai/Documents/Projects/CGTA-CLUB/vendor/laravel/framework/src/Illuminate/Container/Container.php(795): Illuminate\\Container\\Container->build()
#3 /home/saai/Documents/Projects/CGTA-CLUB/vendor/laravel/framework/src/Illuminate/Foundation/Application.php(961): Illuminate\\Container\\Container->resolve()
#4 /home/saai/Documents/Projects/CGTA-CLUB/vendor/laravel/framework/src/Illuminate/Container/Container.php(731): Illuminate\\Foundation\\Application->resolve()
#5 /home/saai/Documents/Projects/CGTA-CLUB/vendor/laravel/framework/src/Illuminate/Foundation/Application.php(946): Illuminate\\Container\\Container->make()
#6 /home/saai/Documents/Projects/CGTA-CLUB/vendor/laravel/framework/src/Illuminate/Container/Container.php(1066): Illuminate\\Foundation\\Application->make()
#7 /home/saai/Documents/Projects/CGTA-CLUB/vendor/laravel/framework/src/Illuminate/Container/Container.php(982): Illuminate\\Container\\Container->resolveClass()
#8 /home/saai/Documents/Projects/CGTA-CLUB/vendor/laravel/framework/src/Illuminate/Container/Container.php(943): Illuminate\\Container\\Container->resolveDependencies()
#9 /home/saai/Documents/Projects/CGTA-CLUB/vendor/laravel/framework/src/Illuminate/Container/Container.php(795): Illuminate\\Container\\Container->build()
#10 /home/saai/Documents/Projects/CGTA-CLUB/vendor/laravel/framework/src/Illuminate/Foundation/Application.php(961): Illuminate\\Container\\Container->resolve()
#11 /home/saai/Documents/Projects/CGTA-CLUB/vendor/laravel/framework/src/Illuminate/Container/Container.php(731): Illuminate\\Foundation\\Application->resolve()
#12 /home/saai/Documents/Projects/CGTA-CLUB/vendor/laravel/framework/src/Illuminate/Foundation/Application.php(946): Illuminate\\Container\\Container->make()
#13 /home/saai/Documents/Projects/CGTA-CLUB/vendor/laravel/framework/src/Illuminate/Foundation/Http/Kernel.php(255): Illuminate\\Foundation\\Application->make()
#14 /home/saai/Documents/Projects/CGTA-CLUB/vendor/laravel/framework/src/Illuminate/Foundation/Http/Kernel.php(213): Illuminate\\Foundation\\Http\\Kernel->terminateMiddleware()
#15 /home/saai/Documents/Projects/CGTA-CLUB/public/index.php(55): Illuminate\\Foundation\\Http\\Kernel->terminate()
#16 /home/saai/Documents/Projects/CGTA-CLUB/vendor/laravel/framework/src/Illuminate/Foundation/resources/server.php(16): require_once('...')
#17 {main}
"} 
[2025-01-15 13:27:19] local.ERROR: Undefined variable $events {"view":{"view":"/home/saai/Documents/Projects/CGTA-CLUB/resources/views/livewire/pages/member/member.blade.php","data":[]},"exception":"[object] (Spatie\\LaravelIgnition\\Exceptions\\ViewException(code: 0): Undefined variable $events at /home/saai/Documents/Projects/CGTA-CLUB/resources/views/livewire/pages/member/member.blade.php:73)
[stacktrace]
#0 /home/saai/Documents/Projects/CGTA-CLUB/vendor/livewire/livewire/src/Mechanisms/ExtendBlade/ExtendedCompilerEngine.php(37): include('...')
#1 /home/saai/Documents/Projects/CGTA-CLUB/vendor/livewire/livewire/src/Mechanisms/ExtendBlade/ExtendedCompilerEngine.php(38): App\\Livewire\\Pages\\Member\\Member->Livewire\\Mechanisms\\ExtendBlade\\{closure}()
#2 /home/saai/Documents/Projects/CGTA-CLUB/vendor/laravel/framework/src/Illuminate/View/Engines/CompilerEngine.php(72): Livewire\\Mechanisms\\ExtendBlade\\ExtendedCompilerEngine->evaluatePath()
#3 /home/saai/Documents/Projects/CGTA-CLUB/vendor/livewire/livewire/src/Mechanisms/ExtendBlade/ExtendedCompilerEngine.php(16): Illuminate\\View\\Engines\\CompilerEngine->get()
#4 /home/saai/Documents/Projects/CGTA-CLUB/vendor/laravel/framework/src/Illuminate/View/View.php(207): Livewire\\Mechanisms\\ExtendBlade\\ExtendedCompilerEngine->get()
#5 /home/saai/Documents/Projects/CGTA-CLUB/vendor/laravel/framework/src/Illuminate/View/View.php(190): Illuminate\\View\\View->getContents()
#6 /home/saai/Documents/Projects/CGTA-CLUB/vendor/laravel/framework/src/Illuminate/View/View.php(159): Illuminate\\View\\View->renderContents()
#7 /home/saai/Documents/Projects/CGTA-CLUB/vendor/livewire/livewire/src/Mechanisms/HandleComponents/HandleComponents.php(241): Illuminate\\View\\View->render()
#8 /home/saai/Documents/Projects/CGTA-CLUB/vendor/livewire/livewire/src/Mechanisms/HandleComponents/HandleComponents.php(285): Livewire\\Mechanisms\\HandleComponents\\HandleComponents->Livewire\\Mechanisms\\HandleComponents\\{closure}()
#9 /home/saai/Documents/Projects/CGTA-CLUB/vendor/livewire/livewire/src/Mechanisms/HandleComponents/HandleComponents.php(233): Livewire\\Mechanisms\\HandleComponents\\HandleComponents->trackInRenderStack()
#10 /home/saai/Documents/Projects/CGTA-CLUB/vendor/livewire/livewire/src/Mechanisms/HandleComponents/HandleComponents.php(54): Livewire\\Mechanisms\\HandleComponents\\HandleComponents->render()
#11 /home/saai/Documents/Projects/CGTA-CLUB/vendor/livewire/livewire/src/LivewireManager.php(73): Livewire\\Mechanisms\\HandleComponents\\HandleComponents->mount()
#12 /home/saai/Documents/Projects/CGTA-CLUB/vendor/livewire/livewire/src/Features/SupportPageComponents/HandlesPageComponents.php(17): Livewire\\LivewireManager->mount()
#13 /home/saai/Documents/Projects/CGTA-CLUB/vendor/livewire/livewire/src/Features/SupportPageComponents/SupportPageComponents.php(117): Livewire\\Component->Livewire\\Features\\SupportPageComponents\\{closure}()
#14 /home/saai/Documents/Projects/CGTA-CLUB/vendor/livewire/livewire/src/Features/SupportPageComponents/HandlesPageComponents.php(14): Livewire\\Features\\SupportPageComponents\\SupportPageComponents::interceptTheRenderOfTheComponentAndRetreiveTheLayoutConfiguration()
#15 /home/saai/Documents/Projects/CGTA-CLUB/vendor/laravel/framework/src/Illuminate/Routing/ControllerDispatcher.php(46): Livewire\\Component->__invoke()
#16 /home/saai/Documents/Projects/CGTA-CLUB/vendor/laravel/framework/src/Illuminate/Routing/Route.php(259): Illuminate\\Routing\\ControllerDispatcher->dispatch()
#17 /home/saai/Documents/Projects/CGTA-CLUB/vendor/laravel/framework/src/Illuminate/Routing/Route.php(205): Illuminate\\Routing\\Route->runController()
#18 /home/saai/Documents/Projects/CGTA-CLUB/vendor/laravel/framework/src/Illuminate/Routing/Router.php(806): Illuminate\\Routing\\Route->run()
#19 /home/saai/Documents/Projects/CGTA-CLUB/vendor/laravel/framework/src/Illuminate/Pipeline/Pipeline.php(144): Illuminate\\Routing\\Router->Illuminate\\Routing\\{closure}()
#20 /home/saai/Documents/Projects/CGTA-CLUB/vendor/laravel/framework/src/Illuminate/Routing/Middleware/SubstituteBindings.php(50): Illuminate\\Pipeline\\Pipeline->Illuminate\\Pipeline\\{closure}()
#21 /home/saai/Documents/Projects/CGTA-CLUB/vendor/laravel/framework/src/Illuminate/Pipeline/Pipeline.php(183): Illuminate\\Routing\\Middleware\\SubstituteBindings->handle()
#22 /home/saai/Documents/Projects/CGTA-CLUB/vendor/laravel/framework/src/Illuminate/Foundation/Http/Middleware/VerifyCsrfToken.php(78): Illuminate\\Pipeline\\Pipeline->Illuminate\\Pipeline\\{closure}()
#23 /home/saai/Documents/Projects/CGTA-CLUB/vendor/laravel/framework/src/Illuminate/Pipeline/Pipeline.php(183): Illuminate\\Foundation\\Http\\Middleware\\VerifyCsrfToken->handle()
#24 /home/saai/Documents/Projects/CGTA-CLUB/vendor/laravel/framework/src/Illuminate/View/Middleware/ShareErrorsFromSession.php(49): Illuminate\\Pipeline\\Pipeline->Illuminate\\Pipeline\\{closure}()
#25 /home/saai/Documents/Projects/CGTA-CLUB/vendor/laravel/framework/src/Illuminate/Pipeline/Pipeline.php(183): Illuminate\\View\\Middleware\\ShareErrorsFromSession->handle()
#26 /home/saai/Documents/Projects/CGTA-CLUB/vendor/laravel/framework/src/Illuminate/Session/Middleware/StartSession.php(121): Illuminate\\Pipeline\\Pipeline->Illuminate\\Pipeline\\{closure}()
#27 /home/saai/Documents/Projects/CGTA-CLUB/vendor/laravel/framework/src/Illuminate/Session/Middleware/StartSession.php(64): Illuminate\\Session\\Middleware\\StartSession->handleStatefulRequest()
#28 /home/saai/Documents/Projects/CGTA-CLUB/vendor/laravel/framework/src/Illuminate/Pipeline/Pipeline.php(183): Illuminate\\Session\\Middleware\\StartSession->handle()
#29 /home/saai/Documents/Projects/CGTA-CLUB/vendor/laravel/framework/src/Illuminate/Cookie/Middleware/AddQueuedCookiesToResponse.php(37): Illuminate\\Pipeline\\Pipeline->Illuminate\\Pipeline\\{closure}()
#30 /home/saai/Documents/Projects/CGTA-CLUB/vendor/laravel/framework/src/Illuminate/Pipeline/Pipeline.php(183): Illuminate\\Cookie\\Middleware\\AddQueuedCookiesToResponse->handle()
#31 /home/saai/Documents/Projects/CGTA-CLUB/vendor/laravel/framework/src/Illuminate/Cookie/Middleware/EncryptCookies.php(67): Illuminate\\Pipeline\\Pipeline->Illuminate\\Pipeline\\{closure}()
#32 /home/saai/Documents/Projects/CGTA-CLUB/vendor/laravel/framework/src/Illuminate/Pipeline/Pipeline.php(183): Illuminate\\Cookie\\Middleware\\EncryptCookies->handle()
#33 /home/saai/Documents/Projects/CGTA-CLUB/vendor/laravel/framework/src/Illuminate/Pipeline/Pipeline.php(119): Illuminate\\Pipeline\\Pipeline->Illuminate\\Pipeline\\{closure}()
#34 /home/saai/Documents/Projects/CGTA-CLUB/vendor/laravel/framework/src/Illuminate/Routing/Router.php(805): Illuminate\\Pipeline\\Pipeline->then()
#35 /home/saai/Documents/Projects/CGTA-CLUB/vendor/laravel/framework/src/Illuminate/Routing/Router.php(784): Illuminate\\Routing\\Router->runRouteWithinStack()
#36 /home/saai/Documents/Projects/CGTA-CLUB/vendor/laravel/framework/src/Illuminate/Routing/Router.php(748): Illuminate\\Routing\\Router->runRoute()
#37 /home/saai/Documents/Projects/CGTA-CLUB/vendor/laravel/framework/src/Illuminate/Routing/Router.php(737): Illuminate\\Routing\\Router->dispatchToRoute()
#38 /home/saai/Documents/Projects/CGTA-CLUB/vendor/laravel/framework/src/Illuminate/Foundation/Http/Kernel.php(200): Illuminate\\Routing\\Router->dispatch()
#39 /home/saai/Documents/Projects/CGTA-CLUB/vendor/laravel/framework/src/Illuminate/Pipeline/Pipeline.php(144): Illuminate\\Foundation\\Http\\Kernel->Illuminate\\Foundation\\Http\\{closure}()
#40 /home/saai/Documents/Projects/CGTA-CLUB/vendor/livewire/livewire/src/Features/SupportDisablingBackButtonCache/DisableBackButtonCacheMiddleware.php(19): Illuminate\\Pipeline\\Pipeline->Illuminate\\Pipeline\\{closure}()
#41 /home/saai/Documents/Projects/CGTA-CLUB/vendor/laravel/framework/src/Illuminate/Pipeline/Pipeline.php(183): Livewire\\Features\\SupportDisablingBackButtonCache\\DisableBackButtonCacheMiddleware->handle()
#42 /home/saai/Documents/Projects/CGTA-CLUB/vendor/laravel/framework/src/Illuminate/Foundation/Http/Middleware/TransformsRequest.php(21): Illuminate\\Pipeline\\Pipeline->Illuminate\\Pipeline\\{closure}()
#43 /home/saai/Documents/Projects/CGTA-CLUB/vendor/laravel/framework/src/Illuminate/Foundation/Http/Middleware/ConvertEmptyStringsToNull.php(31): Illuminate\\Foundation\\Http\\Middleware\\TransformsRequest->handle()
#44 /home/saai/Documents/Projects/CGTA-CLUB/vendor/laravel/framework/src/Illuminate/Pipeline/Pipeline.php(183): Illuminate\\Foundation\\Http\\Middleware\\ConvertEmptyStringsToNull->handle()
#45 /home/saai/Documents/Projects/CGTA-CLUB/vendor/laravel/framework/src/Illuminate/Foundation/Http/Middleware/TransformsRequest.php(21): Illuminate\\Pipeline\\Pipeline->Illuminate\\Pipeline\\{closure}()
#46 /home/saai/Documents/Projects/CGTA-CLUB/vendor/laravel/framework/src/Illuminate/Foundation/Http/Middleware/TrimStrings.php(40): Illuminate\\Foundation\\Http\\Middleware\\TransformsRequest->handle()
#47 /home/saai/Documents/Projects/CGTA-CLUB/vendor/laravel/framework/src/Illuminate/Pipeline/Pipeline.php(183): Illuminate\\Foundation\\Http\\Middleware\\TrimStrings->handle()
#48 /home/saai/Documents/Projects/CGTA-CLUB/vendor/laravel/framework/src/Illuminate/Foundation/Http/Middleware/ValidatePostSize.php(27): Illuminate\\Pipeline\\Pipeline->Illuminate\\Pipeline\\{closure}()
#49 /home/saai/Documents/Projects/CGTA-CLUB/vendor/laravel/framework/src/Illuminate/Pipeline/Pipeline.php(183): Illuminate\\Foundation\\Http\\Middleware\\ValidatePostSize->handle()
#50 /home/saai/Documents/Projects/CGTA-CLUB/vendor/laravel/framework/src/Illuminate/Foundation/Http/Middleware/PreventRequestsDuringMaintenance.php(99): Illuminate\\Pipeline\\Pipeline->Illuminate\\Pipeline\\{closure}()
#51 /home/saai/Documents/Projects/CGTA-CLUB/vendor/laravel/framework/src/Illuminate/Pipeline/Pipeline.php(183): Illuminate\\Foundation\\Http\\Middleware\\PreventRequestsDuringMaintenance->handle()
#52 /home/saai/Documents/Projects/CGTA-CLUB/vendor/laravel/framework/src/Illuminate/Http/Middleware/HandleCors.php(49): Illuminate\\Pipeline\\Pipeline->Illuminate\\Pipeline\\{closure}()
#53 /home/saai/Documents/Projects/CGTA-CLUB/vendor/laravel/framework/src/Illuminate/Pipeline/Pipeline.php(183): Illuminate\\Http\\Middleware\\HandleCors->handle()
#54 /home/saai/Documents/Projects/CGTA-CLUB/vendor/laravel/framework/src/Illuminate/Http/Middleware/TrustProxies.php(39): Illuminate\\Pipeline\\Pipeline->Illuminate\\Pipeline\\{closure}()
#55 /home/saai/Documents/Projects/CGTA-CLUB/vendor/laravel/framework/src/Illuminate/Pipeline/Pipeline.php(183): Illuminate\\Http\\Middleware\\TrustProxies->handle()
#56 /home/saai/Documents/Projects/CGTA-CLUB/vendor/laravel/framework/src/Illuminate/Pipeline/Pipeline.php(119): Illuminate\\Pipeline\\Pipeline->Illuminate\\Pipeline\\{closure}()
#57 /home/saai/Documents/Projects/CGTA-CLUB/vendor/laravel/framework/src/Illuminate/Foundation/Http/Kernel.php(175): Illuminate\\Pipeline\\Pipeline->then()
#58 /home/saai/Documents/Projects/CGTA-CLUB/vendor/laravel/framework/src/Illuminate/Foundation/Http/Kernel.php(144): Illuminate\\Foundation\\Http\\Kernel->sendRequestThroughRouter()
#59 /home/saai/Documents/Projects/CGTA-CLUB/public/index.php(51): Illuminate\\Foundation\\Http\\Kernel->handle()
#60 /home/saai/Documents/Projects/CGTA-CLUB/vendor/laravel/framework/src/Illuminate/Foundation/resources/server.php(16): require_once('...')
#61 {main}

[previous exception] [object] (ErrorException(code: 0): Undefined variable $events at /home/saai/Documents/Projects/CGTA-CLUB/storage/framework/views/9759f8a711c2e3867bf1f4fda53d5354.php:114)
[stacktrace]
#0 /home/saai/Documents/Projects/CGTA-CLUB/vendor/laravel/framework/src/Illuminate/Foundation/Bootstrap/HandleExceptions.php(255): Illuminate\\Foundation\\Bootstrap\\HandleExceptions->handleError()
#1 /home/saai/Documents/Projects/CGTA-CLUB/storage/framework/views/9759f8a711c2e3867bf1f4fda53d5354.php(114): Illuminate\\Foundation\\Bootstrap\\HandleExceptions->Illuminate\\Foundation\\Bootstrap\\{closure}()
#2 /home/saai/Documents/Projects/CGTA-CLUB/vendor/livewire/livewire/src/Mechanisms/ExtendBlade/ExtendedCompilerEngine.php(37): include('...')
#3 /home/saai/Documents/Projects/CGTA-CLUB/vendor/livewire/livewire/src/Mechanisms/ExtendBlade/ExtendedCompilerEngine.php(38): App\\Livewire\\Pages\\Member\\Member->Livewire\\Mechanisms\\ExtendBlade\\{closure}()
#4 /home/saai/Documents/Projects/CGTA-CLUB/vendor/laravel/framework/src/Illuminate/View/Engines/CompilerEngine.php(72): Livewire\\Mechanisms\\ExtendBlade\\ExtendedCompilerEngine->evaluatePath()
#5 /home/saai/Documents/Projects/CGTA-CLUB/vendor/livewire/livewire/src/Mechanisms/ExtendBlade/ExtendedCompilerEngine.php(16): Illuminate\\View\\Engines\\CompilerEngine->get()
#6 /home/saai/Documents/Projects/CGTA-CLUB/vendor/laravel/framework/src/Illuminate/View/View.php(207): Livewire\\Mechanisms\\ExtendBlade\\ExtendedCompilerEngine->get()
#7 /home/saai/Documents/Projects/CGTA-CLUB/vendor/laravel/framework/src/Illuminate/View/View.php(190): Illuminate\\View\\View->getContents()
#8 /home/saai/Documents/Projects/CGTA-CLUB/vendor/laravel/framework/src/Illuminate/View/View.php(159): Illuminate\\View\\View->renderContents()
#9 /home/saai/Documents/Projects/CGTA-CLUB/vendor/livewire/livewire/src/Mechanisms/HandleComponents/HandleComponents.php(241): Illuminate\\View\\View->render()
#10 /home/saai/Documents/Projects/CGTA-CLUB/vendor/livewire/livewire/src/Mechanisms/HandleComponents/HandleComponents.php(285): Livewire\\Mechanisms\\HandleComponents\\HandleComponents->Livewire\\Mechanisms\\HandleComponents\\{closure}()
#11 /home/saai/Documents/Projects/CGTA-CLUB/vendor/livewire/livewire/src/Mechanisms/HandleComponents/HandleComponents.php(233): Livewire\\Mechanisms\\HandleComponents\\HandleComponents->trackInRenderStack()
#12 /home/saai/Documents/Projects/CGTA-CLUB/vendor/livewire/livewire/src/Mechanisms/HandleComponents/HandleComponents.php(54): Livewire\\Mechanisms\\HandleComponents\\HandleComponents->render()
#13 /home/saai/Documents/Projects/CGTA-CLUB/vendor/livewire/livewire/src/LivewireManager.php(73): Livewire\\Mechanisms\\HandleComponents\\HandleComponents->mount()
#14 /home/saai/Documents/Projects/CGTA-CLUB/vendor/livewire/livewire/src/Features/SupportPageComponents/HandlesPageComponents.php(17): Livewire\\LivewireManager->mount()
#15 /home/saai/Documents/Projects/CGTA-CLUB/vendor/livewire/livewire/src/Features/SupportPageComponents/SupportPageComponents.php(117): Livewire\\Component->Livewire\\Features\\SupportPageComponents\\{closure}()
#16 /home/saai/Documents/Projects/CGTA-CLUB/vendor/livewire/livewire/src/Features/SupportPageComponents/HandlesPageComponents.php(14): Livewire\\Features\\SupportPageComponents\\SupportPageComponents::interceptTheRenderOfTheComponentAndRetreiveTheLayoutConfiguration()
#17 /home/saai/Documents/Projects/CGTA-CLUB/vendor/laravel/framework/src/Illuminate/Routing/ControllerDispatcher.php(46): Livewire\\Component->__invoke()
#18 /home/saai/Documents/Projects/CGTA-CLUB/vendor/laravel/framework/src/Illuminate/Routing/Route.php(259): Illuminate\\Routing\\ControllerDispatcher->dispatch()
#19 /home/saai/Documents/Projects/CGTA-CLUB/vendor/laravel/framework/src/Illuminate/Routing/Route.php(205): Illuminate\\Routing\\Route->runController()
#20 /home/saai/Documents/Projects/CGTA-CLUB/vendor/laravel/framework/src/Illuminate/Routing/Router.php(806): Illuminate\\Routing\\Route->run()
#21 /home/saai/Documents/Projects/CGTA-CLUB/vendor/laravel/framework/src/Illuminate/Pipeline/Pipeline.php(144): Illuminate\\Routing\\Router->Illuminate\\Routing\\{closure}()
#22 /home/saai/Documents/Projects/CGTA-CLUB/vendor/laravel/framework/src/Illuminate/Routing/Middleware/SubstituteBindings.php(50): Illuminate\\Pipeline\\Pipeline->Illuminate\\Pipeline\\{closure}()
#23 /home/saai/Documents/Projects/CGTA-CLUB/vendor/laravel/framework/src/Illuminate/Pipeline/Pipeline.php(183): Illuminate\\Routing\\Middleware\\SubstituteBindings->handle()
#24 /home/saai/Documents/Projects/CGTA-CLUB/vendor/laravel/framework/src/Illuminate/Foundation/Http/Middleware/VerifyCsrfToken.php(78): Illuminate\\Pipeline\\Pipeline->Illuminate\\Pipeline\\{closure}()
#25 /home/saai/Documents/Projects/CGTA-CLUB/vendor/laravel/framework/src/Illuminate/Pipeline/Pipeline.php(183): Illuminate\\Foundation\\Http\\Middleware\\VerifyCsrfToken->handle()
#26 /home/saai/Documents/Projects/CGTA-CLUB/vendor/laravel/framework/src/Illuminate/View/Middleware/ShareErrorsFromSession.php(49): Illuminate\\Pipeline\\Pipeline->Illuminate\\Pipeline\\{closure}()
#27 /home/saai/Documents/Projects/CGTA-CLUB/vendor/laravel/framework/src/Illuminate/Pipeline/Pipeline.php(183): Illuminate\\View\\Middleware\\ShareErrorsFromSession->handle()
#28 /home/saai/Documents/Projects/CGTA-CLUB/vendor/laravel/framework/src/Illuminate/Session/Middleware/StartSession.php(121): Illuminate\\Pipeline\\Pipeline->Illuminate\\Pipeline\\{closure}()
#29 /home/saai/Documents/Projects/CGTA-CLUB/vendor/laravel/framework/src/Illuminate/Session/Middleware/StartSession.php(64): Illuminate\\Session\\Middleware\\StartSession->handleStatefulRequest()
#30 /home/saai/Documents/Projects/CGTA-CLUB/vendor/laravel/framework/src/Illuminate/Pipeline/Pipeline.php(183): Illuminate\\Session\\Middleware\\StartSession->handle()
#31 /home/saai/Documents/Projects/CGTA-CLUB/vendor/laravel/framework/src/Illuminate/Cookie/Middleware/AddQueuedCookiesToResponse.php(37): Illuminate\\Pipeline\\Pipeline->Illuminate\\Pipeline\\{closure}()
#32 /home/saai/Documents/Projects/CGTA-CLUB/vendor/laravel/framework/src/Illuminate/Pipeline/Pipeline.php(183): Illuminate\\Cookie\\Middleware\\AddQueuedCookiesToResponse->handle()
#33 /home/saai/Documents/Projects/CGTA-CLUB/vendor/laravel/framework/src/Illuminate/Cookie/Middleware/EncryptCookies.php(67): Illuminate\\Pipeline\\Pipeline->Illuminate\\Pipeline\\{closure}()
#34 /home/saai/Documents/Projects/CGTA-CLUB/vendor/laravel/framework/src/Illuminate/Pipeline/Pipeline.php(183): Illuminate\\Cookie\\Middleware\\EncryptCookies->handle()
#35 /home/saai/Documents/Projects/CGTA-CLUB/vendor/laravel/framework/src/Illuminate/Pipeline/Pipeline.php(119): Illuminate\\Pipeline\\Pipeline->Illuminate\\Pipeline\\{closure}()
#36 /home/saai/Documents/Projects/CGTA-CLUB/vendor/laravel/framework/src/Illuminate/Routing/Router.php(805): Illuminate\\Pipeline\\Pipeline->then()
#37 /home/saai/Documents/Projects/CGTA-CLUB/vendor/laravel/framework/src/Illuminate/Routing/Router.php(784): Illuminate\\Routing\\Router->runRouteWithinStack()
#38 /home/saai/Documents/Projects/CGTA-CLUB/vendor/laravel/framework/src/Illuminate/Routing/Router.php(748): Illuminate\\Routing\\Router->runRoute()
#39 /home/saai/Documents/Projects/CGTA-CLUB/vendor/laravel/framework/src/Illuminate/Routing/Router.php(737): Illuminate\\Routing\\Router->dispatchToRoute()
#40 /home/saai/Documents/Projects/CGTA-CLUB/vendor/laravel/framework/src/Illuminate/Foundation/Http/Kernel.php(200): Illuminate\\Routing\\Router->dispatch()
#41 /home/saai/Documents/Projects/CGTA-CLUB/vendor/laravel/framework/src/Illuminate/Pipeline/Pipeline.php(144): Illuminate\\Foundation\\Http\\Kernel->Illuminate\\Foundation\\Http\\{closure}()
#42 /home/saai/Documents/Projects/CGTA-CLUB/vendor/livewire/livewire/src/Features/SupportDisablingBackButtonCache/DisableBackButtonCacheMiddleware.php(19): Illuminate\\Pipeline\\Pipeline->Illuminate\\Pipeline\\{closure}()
#43 /home/saai/Documents/Projects/CGTA-CLUB/vendor/laravel/framework/src/Illuminate/Pipeline/Pipeline.php(183): Livewire\\Features\\SupportDisablingBackButtonCache\\DisableBackButtonCacheMiddleware->handle()
#44 /home/saai/Documents/Projects/CGTA-CLUB/vendor/laravel/framework/src/Illuminate/Foundation/Http/Middleware/TransformsRequest.php(21): Illuminate\\Pipeline\\Pipeline->Illuminate\\Pipeline\\{closure}()
#45 /home/saai/Documents/Projects/CGTA-CLUB/vendor/laravel/framework/src/Illuminate/Foundation/Http/Middleware/ConvertEmptyStringsToNull.php(31): Illuminate\\Foundation\\Http\\Middleware\\TransformsRequest->handle()
#46 /home/saai/Documents/Projects/CGTA-CLUB/vendor/laravel/framework/src/Illuminate/Pipeline/Pipeline.php(183): Illuminate\\Foundation\\Http\\Middleware\\ConvertEmptyStringsToNull->handle()
#47 /home/saai/Documents/Projects/CGTA-CLUB/vendor/laravel/framework/src/Illuminate/Foundation/Http/Middleware/TransformsRequest.php(21): Illuminate\\Pipeline\\Pipeline->Illuminate\\Pipeline\\{closure}()
#48 /home/saai/Documents/Projects/CGTA-CLUB/vendor/laravel/framework/src/Illuminate/Foundation/Http/Middleware/TrimStrings.php(40): Illuminate\\Foundation\\Http\\Middleware\\TransformsRequest->handle()
#49 /home/saai/Documents/Projects/CGTA-CLUB/vendor/laravel/framework/src/Illuminate/Pipeline/Pipeline.php(183): Illuminate\\Foundation\\Http\\Middleware\\TrimStrings->handle()
#50 /home/saai/Documents/Projects/CGTA-CLUB/vendor/laravel/framework/src/Illuminate/Foundation/Http/Middleware/ValidatePostSize.php(27): Illuminate\\Pipeline\\Pipeline->Illuminate\\Pipeline\\{closure}()
#51 /home/saai/Documents/Projects/CGTA-CLUB/vendor/laravel/framework/src/Illuminate/Pipeline/Pipeline.php(183): Illuminate\\Foundation\\Http\\Middleware\\ValidatePostSize->handle()
#52 /home/saai/Documents/Projects/CGTA-CLUB/vendor/laravel/framework/src/Illuminate/Foundation/Http/Middleware/PreventRequestsDuringMaintenance.php(99): Illuminate\\Pipeline\\Pipeline->Illuminate\\Pipeline\\{closure}()
#53 /home/saai/Documents/Projects/CGTA-CLUB/vendor/laravel/framework/src/Illuminate/Pipeline/Pipeline.php(183): Illuminate\\Foundation\\Http\\Middleware\\PreventRequestsDuringMaintenance->handle()
#54 /home/saai/Documents/Projects/CGTA-CLUB/vendor/laravel/framework/src/Illuminate/Http/Middleware/HandleCors.php(49): Illuminate\\Pipeline\\Pipeline->Illuminate\\Pipeline\\{closure}()
#55 /home/saai/Documents/Projects/CGTA-CLUB/vendor/laravel/framework/src/Illuminate/Pipeline/Pipeline.php(183): Illuminate\\Http\\Middleware\\HandleCors->handle()
#56 /home/saai/Documents/Projects/CGTA-CLUB/vendor/laravel/framework/src/Illuminate/Http/Middleware/TrustProxies.php(39): Illuminate\\Pipeline\\Pipeline->Illuminate\\Pipeline\\{closure}()
#57 /home/saai/Documents/Projects/CGTA-CLUB/vendor/laravel/framework/src/Illuminate/Pipeline/Pipeline.php(183): Illuminate\\Http\\Middleware\\TrustProxies->handle()
#58 /home/saai/Documents/Projects/CGTA-CLUB/vendor/laravel/framework/src/Illuminate/Pipeline/Pipeline.php(119): Illuminate\\Pipeline\\Pipeline->Illuminate\\Pipeline\\{closure}()
#59 /home/saai/Documents/Projects/CGTA-CLUB/vendor/laravel/framework/src/Illuminate/Foundation/Http/Kernel.php(175): Illuminate\\Pipeline\\Pipeline->then()
#60 /home/saai/Documents/Projects/CGTA-CLUB/vendor/laravel/framework/src/Illuminate/Foundation/Http/Kernel.php(144): Illuminate\\Foundation\\Http\\Kernel->sendRequestThroughRouter()
#61 /home/saai/Documents/Projects/CGTA-CLUB/public/index.php(51): Illuminate\\Foundation\\Http\\Kernel->handle()
#62 /home/saai/Documents/Projects/CGTA-CLUB/vendor/laravel/framework/src/Illuminate/Foundation/resources/server.php(16): require_once('...')
#63 {main}
"} 
[2025-01-16 00:48:42] local.ERROR: syntax error, unexpected end of file {"view":{"view":"/home/saai/Documents/Projects/CGTA-CLUB/resources/views/livewire/pages/member/member-comp/member-card.blade.php","data":[]},"exception":"[object] (Spatie\\LaravelIgnition\\Exceptions\\ViewException(code: 0): syntax error, unexpected end of file at /home/saai/Documents/Projects/CGTA-CLUB/resources/views/livewire/pages/member/member-comp/member-card.blade.php:111)
[stacktrace]
#0 /home/saai/Documents/Projects/CGTA-CLUB/vendor/livewire/livewire/src/Mechanisms/ExtendBlade/ExtendedCompilerEngine.php(37): include('...')
#1 /home/saai/Documents/Projects/CGTA-CLUB/vendor/livewire/livewire/src/Mechanisms/ExtendBlade/ExtendedCompilerEngine.php(38): App\\Livewire\\Pages\\Member\\Member->Livewire\\Mechanisms\\ExtendBlade\\{closure}()
#2 /home/saai/Documents/Projects/CGTA-CLUB/vendor/laravel/framework/src/Illuminate/View/Engines/CompilerEngine.php(72): Livewire\\Mechanisms\\ExtendBlade\\ExtendedCompilerEngine->evaluatePath()
#3 /home/saai/Documents/Projects/CGTA-CLUB/vendor/livewire/livewire/src/Mechanisms/ExtendBlade/ExtendedCompilerEngine.php(16): Illuminate\\View\\Engines\\CompilerEngine->get()
#4 /home/saai/Documents/Projects/CGTA-CLUB/vendor/laravel/framework/src/Illuminate/View/View.php(207): Livewire\\Mechanisms\\ExtendBlade\\ExtendedCompilerEngine->get()
#5 /home/saai/Documents/Projects/CGTA-CLUB/vendor/laravel/framework/src/Illuminate/View/View.php(190): Illuminate\\View\\View->getContents()
#6 /home/saai/Documents/Projects/CGTA-CLUB/vendor/laravel/framework/src/Illuminate/View/View.php(159): Illuminate\\View\\View->renderContents()
#7 /home/saai/Documents/Projects/CGTA-CLUB/vendor/livewire/livewire/src/Mechanisms/HandleComponents/HandleComponents.php(241): Illuminate\\View\\View->render()
#8 /home/saai/Documents/Projects/CGTA-CLUB/vendor/livewire/livewire/src/Mechanisms/HandleComponents/HandleComponents.php(285): Livewire\\Mechanisms\\HandleComponents\\HandleComponents->Livewire\\Mechanisms\\HandleComponents\\{closure}()
#9 /home/saai/Documents/Projects/CGTA-CLUB/vendor/livewire/livewire/src/Mechanisms/HandleComponents/HandleComponents.php(233): Livewire\\Mechanisms\\HandleComponents\\HandleComponents->trackInRenderStack()
#10 /home/saai/Documents/Projects/CGTA-CLUB/vendor/livewire/livewire/src/Mechanisms/HandleComponents/HandleComponents.php(54): Livewire\\Mechanisms\\HandleComponents\\HandleComponents->render()
#11 /home/saai/Documents/Projects/CGTA-CLUB/vendor/livewire/livewire/src/LivewireManager.php(73): Livewire\\Mechanisms\\HandleComponents\\HandleComponents->mount()
#12 /home/saai/Documents/Projects/CGTA-CLUB/vendor/livewire/livewire/src/Features/SupportPageComponents/HandlesPageComponents.php(17): Livewire\\LivewireManager->mount()
#13 /home/saai/Documents/Projects/CGTA-CLUB/vendor/livewire/livewire/src/Features/SupportPageComponents/SupportPageComponents.php(117): Livewire\\Component->Livewire\\Features\\SupportPageComponents\\{closure}()
#14 /home/saai/Documents/Projects/CGTA-CLUB/vendor/livewire/livewire/src/Features/SupportPageComponents/HandlesPageComponents.php(14): Livewire\\Features\\SupportPageComponents\\SupportPageComponents::interceptTheRenderOfTheComponentAndRetreiveTheLayoutConfiguration()
#15 /home/saai/Documents/Projects/CGTA-CLUB/vendor/laravel/framework/src/Illuminate/Routing/ControllerDispatcher.php(46): Livewire\\Component->__invoke()
#16 /home/saai/Documents/Projects/CGTA-CLUB/vendor/laravel/framework/src/Illuminate/Routing/Route.php(259): Illuminate\\Routing\\ControllerDispatcher->dispatch()
#17 /home/saai/Documents/Projects/CGTA-CLUB/vendor/laravel/framework/src/Illuminate/Routing/Route.php(205): Illuminate\\Routing\\Route->runController()
#18 /home/saai/Documents/Projects/CGTA-CLUB/vendor/laravel/framework/src/Illuminate/Routing/Router.php(806): Illuminate\\Routing\\Route->run()
#19 /home/saai/Documents/Projects/CGTA-CLUB/vendor/laravel/framework/src/Illuminate/Pipeline/Pipeline.php(144): Illuminate\\Routing\\Router->Illuminate\\Routing\\{closure}()
#20 /home/saai/Documents/Projects/CGTA-CLUB/vendor/laravel/framework/src/Illuminate/Routing/Middleware/SubstituteBindings.php(50): Illuminate\\Pipeline\\Pipeline->Illuminate\\Pipeline\\{closure}()
#21 /home/saai/Documents/Projects/CGTA-CLUB/vendor/laravel/framework/src/Illuminate/Pipeline/Pipeline.php(183): Illuminate\\Routing\\Middleware\\SubstituteBindings->handle()
#22 /home/saai/Documents/Projects/CGTA-CLUB/vendor/laravel/framework/src/Illuminate/Foundation/Http/Middleware/VerifyCsrfToken.php(78): Illuminate\\Pipeline\\Pipeline->Illuminate\\Pipeline\\{closure}()
#23 /home/saai/Documents/Projects/CGTA-CLUB/vendor/laravel/framework/src/Illuminate/Pipeline/Pipeline.php(183): Illuminate\\Foundation\\Http\\Middleware\\VerifyCsrfToken->handle()
#24 /home/saai/Documents/Projects/CGTA-CLUB/vendor/laravel/framework/src/Illuminate/View/Middleware/ShareErrorsFromSession.php(49): Illuminate\\Pipeline\\Pipeline->Illuminate\\Pipeline\\{closure}()
#25 /home/saai/Documents/Projects/CGTA-CLUB/vendor/laravel/framework/src/Illuminate/Pipeline/Pipeline.php(183): Illuminate\\View\\Middleware\\ShareErrorsFromSession->handle()
#26 /home/saai/Documents/Projects/CGTA-CLUB/vendor/laravel/framework/src/Illuminate/Session/Middleware/StartSession.php(121): Illuminate\\Pipeline\\Pipeline->Illuminate\\Pipeline\\{closure}()
#27 /home/saai/Documents/Projects/CGTA-CLUB/vendor/laravel/framework/src/Illuminate/Session/Middleware/StartSession.php(64): Illuminate\\Session\\Middleware\\StartSession->handleStatefulRequest()
#28 /home/saai/Documents/Projects/CGTA-CLUB/vendor/laravel/framework/src/Illuminate/Pipeline/Pipeline.php(183): Illuminate\\Session\\Middleware\\StartSession->handle()
#29 /home/saai/Documents/Projects/CGTA-CLUB/vendor/laravel/framework/src/Illuminate/Cookie/Middleware/AddQueuedCookiesToResponse.php(37): Illuminate\\Pipeline\\Pipeline->Illuminate\\Pipeline\\{closure}()
#30 /home/saai/Documents/Projects/CGTA-CLUB/vendor/laravel/framework/src/Illuminate/Pipeline/Pipeline.php(183): Illuminate\\Cookie\\Middleware\\AddQueuedCookiesToResponse->handle()
#31 /home/saai/Documents/Projects/CGTA-CLUB/vendor/laravel/framework/src/Illuminate/Cookie/Middleware/EncryptCookies.php(67): Illuminate\\Pipeline\\Pipeline->Illuminate\\Pipeline\\{closure}()
#32 /home/saai/Documents/Projects/CGTA-CLUB/vendor/laravel/framework/src/Illuminate/Pipeline/Pipeline.php(183): Illuminate\\Cookie\\Middleware\\EncryptCookies->handle()
#33 /home/saai/Documents/Projects/CGTA-CLUB/vendor/laravel/framework/src/Illuminate/Pipeline/Pipeline.php(119): Illuminate\\Pipeline\\Pipeline->Illuminate\\Pipeline\\{closure}()
#34 /home/saai/Documents/Projects/CGTA-CLUB/vendor/laravel/framework/src/Illuminate/Routing/Router.php(805): Illuminate\\Pipeline\\Pipeline->then()
#35 /home/saai/Documents/Projects/CGTA-CLUB/vendor/laravel/framework/src/Illuminate/Routing/Router.php(784): Illuminate\\Routing\\Router->runRouteWithinStack()
#36 /home/saai/Documents/Projects/CGTA-CLUB/vendor/laravel/framework/src/Illuminate/Routing/Router.php(748): Illuminate\\Routing\\Router->runRoute()
#37 /home/saai/Documents/Projects/CGTA-CLUB/vendor/laravel/framework/src/Illuminate/Routing/Router.php(737): Illuminate\\Routing\\Router->dispatchToRoute()
#38 /home/saai/Documents/Projects/CGTA-CLUB/vendor/laravel/framework/src/Illuminate/Foundation/Http/Kernel.php(200): Illuminate\\Routing\\Router->dispatch()
#39 /home/saai/Documents/Projects/CGTA-CLUB/vendor/laravel/framework/src/Illuminate/Pipeline/Pipeline.php(144): Illuminate\\Foundation\\Http\\Kernel->Illuminate\\Foundation\\Http\\{closure}()
#40 /home/saai/Documents/Projects/CGTA-CLUB/vendor/livewire/livewire/src/Features/SupportDisablingBackButtonCache/DisableBackButtonCacheMiddleware.php(19): Illuminate\\Pipeline\\Pipeline->Illuminate\\Pipeline\\{closure}()
#41 /home/saai/Documents/Projects/CGTA-CLUB/vendor/laravel/framework/src/Illuminate/Pipeline/Pipeline.php(183): Livewire\\Features\\SupportDisablingBackButtonCache\\DisableBackButtonCacheMiddleware->handle()
#42 /home/saai/Documents/Projects/CGTA-CLUB/vendor/laravel/framework/src/Illuminate/Foundation/Http/Middleware/TransformsRequest.php(21): Illuminate\\Pipeline\\Pipeline->Illuminate\\Pipeline\\{closure}()
#43 /home/saai/Documents/Projects/CGTA-CLUB/vendor/laravel/framework/src/Illuminate/Foundation/Http/Middleware/ConvertEmptyStringsToNull.php(31): Illuminate\\Foundation\\Http\\Middleware\\TransformsRequest->handle()
#44 /home/saai/Documents/Projects/CGTA-CLUB/vendor/laravel/framework/src/Illuminate/Pipeline/Pipeline.php(183): Illuminate\\Foundation\\Http\\Middleware\\ConvertEmptyStringsToNull->handle()
#45 /home/saai/Documents/Projects/CGTA-CLUB/vendor/laravel/framework/src/Illuminate/Foundation/Http/Middleware/TransformsRequest.php(21): Illuminate\\Pipeline\\Pipeline->Illuminate\\Pipeline\\{closure}()
#46 /home/saai/Documents/Projects/CGTA-CLUB/vendor/laravel/framework/src/Illuminate/Foundation/Http/Middleware/TrimStrings.php(40): Illuminate\\Foundation\\Http\\Middleware\\TransformsRequest->handle()
#47 /home/saai/Documents/Projects/CGTA-CLUB/vendor/laravel/framework/src/Illuminate/Pipeline/Pipeline.php(183): Illuminate\\Foundation\\Http\\Middleware\\TrimStrings->handle()
#48 /home/saai/Documents/Projects/CGTA-CLUB/vendor/laravel/framework/src/Illuminate/Foundation/Http/Middleware/ValidatePostSize.php(27): Illuminate\\Pipeline\\Pipeline->Illuminate\\Pipeline\\{closure}()
#49 /home/saai/Documents/Projects/CGTA-CLUB/vendor/laravel/framework/src/Illuminate/Pipeline/Pipeline.php(183): Illuminate\\Foundation\\Http\\Middleware\\ValidatePostSize->handle()
#50 /home/saai/Documents/Projects/CGTA-CLUB/vendor/laravel/framework/src/Illuminate/Foundation/Http/Middleware/PreventRequestsDuringMaintenance.php(99): Illuminate\\Pipeline\\Pipeline->Illuminate\\Pipeline\\{closure}()
#51 /home/saai/Documents/Projects/CGTA-CLUB/vendor/laravel/framework/src/Illuminate/Pipeline/Pipeline.php(183): Illuminate\\Foundation\\Http\\Middleware\\PreventRequestsDuringMaintenance->handle()
#52 /home/saai/Documents/Projects/CGTA-CLUB/vendor/laravel/framework/src/Illuminate/Http/Middleware/HandleCors.php(49): Illuminate\\Pipeline\\Pipeline->Illuminate\\Pipeline\\{closure}()
#53 /home/saai/Documents/Projects/CGTA-CLUB/vendor/laravel/framework/src/Illuminate/Pipeline/Pipeline.php(183): Illuminate\\Http\\Middleware\\HandleCors->handle()
#54 /home/saai/Documents/Projects/CGTA-CLUB/vendor/laravel/framework/src/Illuminate/Http/Middleware/TrustProxies.php(39): Illuminate\\Pipeline\\Pipeline->Illuminate\\Pipeline\\{closure}()
#55 /home/saai/Documents/Projects/CGTA-CLUB/vendor/laravel/framework/src/Illuminate/Pipeline/Pipeline.php(183): Illuminate\\Http\\Middleware\\TrustProxies->handle()
#56 /home/saai/Documents/Projects/CGTA-CLUB/vendor/laravel/framework/src/Illuminate/Pipeline/Pipeline.php(119): Illuminate\\Pipeline\\Pipeline->Illuminate\\Pipeline\\{closure}()
#57 /home/saai/Documents/Projects/CGTA-CLUB/vendor/laravel/framework/src/Illuminate/Foundation/Http/Kernel.php(175): Illuminate\\Pipeline\\Pipeline->then()
#58 /home/saai/Documents/Projects/CGTA-CLUB/vendor/laravel/framework/src/Illuminate/Foundation/Http/Kernel.php(144): Illuminate\\Foundation\\Http\\Kernel->sendRequestThroughRouter()
#59 /home/saai/Documents/Projects/CGTA-CLUB/public/index.php(51): Illuminate\\Foundation\\Http\\Kernel->handle()
#60 /home/saai/Documents/Projects/CGTA-CLUB/vendor/laravel/framework/src/Illuminate/Foundation/resources/server.php(16): require_once('...')
#61 {main}

[previous exception] [object] (ParseError(code: 0): syntax error, unexpected end of file at /home/saai/Documents/Projects/CGTA-CLUB/storage/framework/views/d7fdeaf881a4a1659a19da097d9a0dad.php:112)
[stacktrace]
#0 /home/saai/Documents/Projects/CGTA-CLUB/vendor/livewire/livewire/src/Mechanisms/ExtendBlade/ExtendedCompilerEngine.php(38): App\\Livewire\\Pages\\Member\\MemberComp\\MemberCard->Livewire\\Mechanisms\\ExtendBlade\\{closure}()
#1 /home/saai/Documents/Projects/CGTA-CLUB/vendor/laravel/framework/src/Illuminate/View/Engines/CompilerEngine.php(72): Livewire\\Mechanisms\\ExtendBlade\\ExtendedCompilerEngine->evaluatePath()
#2 /home/saai/Documents/Projects/CGTA-CLUB/vendor/livewire/livewire/src/Mechanisms/ExtendBlade/ExtendedCompilerEngine.php(16): Illuminate\\View\\Engines\\CompilerEngine->get()
#3 /home/saai/Documents/Projects/CGTA-CLUB/vendor/laravel/framework/src/Illuminate/View/View.php(207): Livewire\\Mechanisms\\ExtendBlade\\ExtendedCompilerEngine->get()
#4 /home/saai/Documents/Projects/CGTA-CLUB/vendor/laravel/framework/src/Illuminate/View/View.php(190): Illuminate\\View\\View->getContents()
#5 /home/saai/Documents/Projects/CGTA-CLUB/vendor/laravel/framework/src/Illuminate/View/View.php(159): Illuminate\\View\\View->renderContents()
#6 /home/saai/Documents/Projects/CGTA-CLUB/vendor/livewire/livewire/src/Mechanisms/HandleComponents/HandleComponents.php(241): Illuminate\\View\\View->render()
#7 /home/saai/Documents/Projects/CGTA-CLUB/vendor/livewire/livewire/src/Mechanisms/HandleComponents/HandleComponents.php(285): Livewire\\Mechanisms\\HandleComponents\\HandleComponents->Livewire\\Mechanisms\\HandleComponents\\{closure}()
#8 /home/saai/Documents/Projects/CGTA-CLUB/vendor/livewire/livewire/src/Mechanisms/HandleComponents/HandleComponents.php(233): Livewire\\Mechanisms\\HandleComponents\\HandleComponents->trackInRenderStack()
#9 /home/saai/Documents/Projects/CGTA-CLUB/vendor/livewire/livewire/src/Mechanisms/HandleComponents/HandleComponents.php(54): Livewire\\Mechanisms\\HandleComponents\\HandleComponents->render()
#10 /home/saai/Documents/Projects/CGTA-CLUB/vendor/livewire/livewire/src/LivewireManager.php(73): Livewire\\Mechanisms\\HandleComponents\\HandleComponents->mount()
#11 /home/saai/Documents/Projects/CGTA-CLUB/storage/framework/views/9759f8a711c2e3867bf1f4fda53d5354.php(82): Livewire\\LivewireManager->mount()
#12 /home/saai/Documents/Projects/CGTA-CLUB/vendor/livewire/livewire/src/Mechanisms/ExtendBlade/ExtendedCompilerEngine.php(37): include('...')
#13 /home/saai/Documents/Projects/CGTA-CLUB/vendor/livewire/livewire/src/Mechanisms/ExtendBlade/ExtendedCompilerEngine.php(38): App\\Livewire\\Pages\\Member\\Member->Livewire\\Mechanisms\\ExtendBlade\\{closure}()
#14 /home/saai/Documents/Projects/CGTA-CLUB/vendor/laravel/framework/src/Illuminate/View/Engines/CompilerEngine.php(72): Livewire\\Mechanisms\\ExtendBlade\\ExtendedCompilerEngine->evaluatePath()
#15 /home/saai/Documents/Projects/CGTA-CLUB/vendor/livewire/livewire/src/Mechanisms/ExtendBlade/ExtendedCompilerEngine.php(16): Illuminate\\View\\Engines\\CompilerEngine->get()
#16 /home/saai/Documents/Projects/CGTA-CLUB/vendor/laravel/framework/src/Illuminate/View/View.php(207): Livewire\\Mechanisms\\ExtendBlade\\ExtendedCompilerEngine->get()
#17 /home/saai/Documents/Projects/CGTA-CLUB/vendor/laravel/framework/src/Illuminate/View/View.php(190): Illuminate\\View\\View->getContents()
#18 /home/saai/Documents/Projects/CGTA-CLUB/vendor/laravel/framework/src/Illuminate/View/View.php(159): Illuminate\\View\\View->renderContents()
#19 /home/saai/Documents/Projects/CGTA-CLUB/vendor/livewire/livewire/src/Mechanisms/HandleComponents/HandleComponents.php(241): Illuminate\\View\\View->render()
#20 /home/saai/Documents/Projects/CGTA-CLUB/vendor/livewire/livewire/src/Mechanisms/HandleComponents/HandleComponents.php(285): Livewire\\Mechanisms\\HandleComponents\\HandleComponents->Livewire\\Mechanisms\\HandleComponents\\{closure}()
#21 /home/saai/Documents/Projects/CGTA-CLUB/vendor/livewire/livewire/src/Mechanisms/HandleComponents/HandleComponents.php(233): Livewire\\Mechanisms\\HandleComponents\\HandleComponents->trackInRenderStack()
#22 /home/saai/Documents/Projects/CGTA-CLUB/vendor/livewire/livewire/src/Mechanisms/HandleComponents/HandleComponents.php(54): Livewire\\Mechanisms\\HandleComponents\\HandleComponents->render()
#23 /home/saai/Documents/Projects/CGTA-CLUB/vendor/livewire/livewire/src/LivewireManager.php(73): Livewire\\Mechanisms\\HandleComponents\\HandleComponents->mount()
#24 /home/saai/Documents/Projects/CGTA-CLUB/vendor/livewire/livewire/src/Features/SupportPageComponents/HandlesPageComponents.php(17): Livewire\\LivewireManager->mount()
#25 /home/saai/Documents/Projects/CGTA-CLUB/vendor/livewire/livewire/src/Features/SupportPageComponents/SupportPageComponents.php(117): Livewire\\Component->Livewire\\Features\\SupportPageComponents\\{closure}()
#26 /home/saai/Documents/Projects/CGTA-CLUB/vendor/livewire/livewire/src/Features/SupportPageComponents/HandlesPageComponents.php(14): Livewire\\Features\\SupportPageComponents\\SupportPageComponents::interceptTheRenderOfTheComponentAndRetreiveTheLayoutConfiguration()
#27 /home/saai/Documents/Projects/CGTA-CLUB/vendor/laravel/framework/src/Illuminate/Routing/ControllerDispatcher.php(46): Livewire\\Component->__invoke()
#28 /home/saai/Documents/Projects/CGTA-CLUB/vendor/laravel/framework/src/Illuminate/Routing/Route.php(259): Illuminate\\Routing\\ControllerDispatcher->dispatch()
#29 /home/saai/Documents/Projects/CGTA-CLUB/vendor/laravel/framework/src/Illuminate/Routing/Route.php(205): Illuminate\\Routing\\Route->runController()
#30 /home/saai/Documents/Projects/CGTA-CLUB/vendor/laravel/framework/src/Illuminate/Routing/Router.php(806): Illuminate\\Routing\\Route->run()
#31 /home/saai/Documents/Projects/CGTA-CLUB/vendor/laravel/framework/src/Illuminate/Pipeline/Pipeline.php(144): Illuminate\\Routing\\Router->Illuminate\\Routing\\{closure}()
#32 /home/saai/Documents/Projects/CGTA-CLUB/vendor/laravel/framework/src/Illuminate/Routing/Middleware/SubstituteBindings.php(50): Illuminate\\Pipeline\\Pipeline->Illuminate\\Pipeline\\{closure}()
#33 /home/saai/Documents/Projects/CGTA-CLUB/vendor/laravel/framework/src/Illuminate/Pipeline/Pipeline.php(183): Illuminate\\Routing\\Middleware\\SubstituteBindings->handle()
#34 /home/saai/Documents/Projects/CGTA-CLUB/vendor/laravel/framework/src/Illuminate/Foundation/Http/Middleware/VerifyCsrfToken.php(78): Illuminate\\Pipeline\\Pipeline->Illuminate\\Pipeline\\{closure}()
#35 /home/saai/Documents/Projects/CGTA-CLUB/vendor/laravel/framework/src/Illuminate/Pipeline/Pipeline.php(183): Illuminate\\Foundation\\Http\\Middleware\\VerifyCsrfToken->handle()
#36 /home/saai/Documents/Projects/CGTA-CLUB/vendor/laravel/framework/src/Illuminate/View/Middleware/ShareErrorsFromSession.php(49): Illuminate\\Pipeline\\Pipeline->Illuminate\\Pipeline\\{closure}()
#37 /home/saai/Documents/Projects/CGTA-CLUB/vendor/laravel/framework/src/Illuminate/Pipeline/Pipeline.php(183): Illuminate\\View\\Middleware\\ShareErrorsFromSession->handle()
#38 /home/saai/Documents/Projects/CGTA-CLUB/vendor/laravel/framework/src/Illuminate/Session/Middleware/StartSession.php(121): Illuminate\\Pipeline\\Pipeline->Illuminate\\Pipeline\\{closure}()
#39 /home/saai/Documents/Projects/CGTA-CLUB/vendor/laravel/framework/src/Illuminate/Session/Middleware/StartSession.php(64): Illuminate\\Session\\Middleware\\StartSession->handleStatefulRequest()
#40 /home/saai/Documents/Projects/CGTA-CLUB/vendor/laravel/framework/src/Illuminate/Pipeline/Pipeline.php(183): Illuminate\\Session\\Middleware\\StartSession->handle()
#41 /home/saai/Documents/Projects/CGTA-CLUB/vendor/laravel/framework/src/Illuminate/Cookie/Middleware/AddQueuedCookiesToResponse.php(37): Illuminate\\Pipeline\\Pipeline->Illuminate\\Pipeline\\{closure}()
#42 /home/saai/Documents/Projects/CGTA-CLUB/vendor/laravel/framework/src/Illuminate/Pipeline/Pipeline.php(183): Illuminate\\Cookie\\Middleware\\AddQueuedCookiesToResponse->handle()
#43 /home/saai/Documents/Projects/CGTA-CLUB/vendor/laravel/framework/src/Illuminate/Cookie/Middleware/EncryptCookies.php(67): Illuminate\\Pipeline\\Pipeline->Illuminate\\Pipeline\\{closure}()
#44 /home/saai/Documents/Projects/CGTA-CLUB/vendor/laravel/framework/src/Illuminate/Pipeline/Pipeline.php(183): Illuminate\\Cookie\\Middleware\\EncryptCookies->handle()
#45 /home/saai/Documents/Projects/CGTA-CLUB/vendor/laravel/framework/src/Illuminate/Pipeline/Pipeline.php(119): Illuminate\\Pipeline\\Pipeline->Illuminate\\Pipeline\\{closure}()
#46 /home/saai/Documents/Projects/CGTA-CLUB/vendor/laravel/framework/src/Illuminate/Routing/Router.php(805): Illuminate\\Pipeline\\Pipeline->then()
#47 /home/saai/Documents/Projects/CGTA-CLUB/vendor/laravel/framework/src/Illuminate/Routing/Router.php(784): Illuminate\\Routing\\Router->runRouteWithinStack()
#48 /home/saai/Documents/Projects/CGTA-CLUB/vendor/laravel/framework/src/Illuminate/Routing/Router.php(748): Illuminate\\Routing\\Router->runRoute()
#49 /home/saai/Documents/Projects/CGTA-CLUB/vendor/laravel/framework/src/Illuminate/Routing/Router.php(737): Illuminate\\Routing\\Router->dispatchToRoute()
#50 /home/saai/Documents/Projects/CGTA-CLUB/vendor/laravel/framework/src/Illuminate/Foundation/Http/Kernel.php(200): Illuminate\\Routing\\Router->dispatch()
#51 /home/saai/Documents/Projects/CGTA-CLUB/vendor/laravel/framework/src/Illuminate/Pipeline/Pipeline.php(144): Illuminate\\Foundation\\Http\\Kernel->Illuminate\\Foundation\\Http\\{closure}()
#52 /home/saai/Documents/Projects/CGTA-CLUB/vendor/livewire/livewire/src/Features/SupportDisablingBackButtonCache/DisableBackButtonCacheMiddleware.php(19): Illuminate\\Pipeline\\Pipeline->Illuminate\\Pipeline\\{closure}()
#53 /home/saai/Documents/Projects/CGTA-CLUB/vendor/laravel/framework/src/Illuminate/Pipeline/Pipeline.php(183): Livewire\\Features\\SupportDisablingBackButtonCache\\DisableBackButtonCacheMiddleware->handle()
#54 /home/saai/Documents/Projects/CGTA-CLUB/vendor/laravel/framework/src/Illuminate/Foundation/Http/Middleware/TransformsRequest.php(21): Illuminate\\Pipeline\\Pipeline->Illuminate\\Pipeline\\{closure}()
#55 /home/saai/Documents/Projects/CGTA-CLUB/vendor/laravel/framework/src/Illuminate/Foundation/Http/Middleware/ConvertEmptyStringsToNull.php(31): Illuminate\\Foundation\\Http\\Middleware\\TransformsRequest->handle()
#56 /home/saai/Documents/Projects/CGTA-CLUB/vendor/laravel/framework/src/Illuminate/Pipeline/Pipeline.php(183): Illuminate\\Foundation\\Http\\Middleware\\ConvertEmptyStringsToNull->handle()
#57 /home/saai/Documents/Projects/CGTA-CLUB/vendor/laravel/framework/src/Illuminate/Foundation/Http/Middleware/TransformsRequest.php(21): Illuminate\\Pipeline\\Pipeline->Illuminate\\Pipeline\\{closure}()
#58 /home/saai/Documents/Projects/CGTA-CLUB/vendor/laravel/framework/src/Illuminate/Foundation/Http/Middleware/TrimStrings.php(40): Illuminate\\Foundation\\Http\\Middleware\\TransformsRequest->handle()
#59 /home/saai/Documents/Projects/CGTA-CLUB/vendor/laravel/framework/src/Illuminate/Pipeline/Pipeline.php(183): Illuminate\\Foundation\\Http\\Middleware\\TrimStrings->handle()
#60 /home/saai/Documents/Projects/CGTA-CLUB/vendor/laravel/framework/src/Illuminate/Foundation/Http/Middleware/ValidatePostSize.php(27): Illuminate\\Pipeline\\Pipeline->Illuminate\\Pipeline\\{closure}()
#61 /home/saai/Documents/Projects/CGTA-CLUB/vendor/laravel/framework/src/Illuminate/Pipeline/Pipeline.php(183): Illuminate\\Foundation\\Http\\Middleware\\ValidatePostSize->handle()
#62 /home/saai/Documents/Projects/CGTA-CLUB/vendor/laravel/framework/src/Illuminate/Foundation/Http/Middleware/PreventRequestsDuringMaintenance.php(99): Illuminate\\Pipeline\\Pipeline->Illuminate\\Pipeline\\{closure}()
#63 /home/saai/Documents/Projects/CGTA-CLUB/vendor/laravel/framework/src/Illuminate/Pipeline/Pipeline.php(183): Illuminate\\Foundation\\Http\\Middleware\\PreventRequestsDuringMaintenance->handle()
#64 /home/saai/Documents/Projects/CGTA-CLUB/vendor/laravel/framework/src/Illuminate/Http/Middleware/HandleCors.php(49): Illuminate\\Pipeline\\Pipeline->Illuminate\\Pipeline\\{closure}()
#65 /home/saai/Documents/Projects/CGTA-CLUB/vendor/laravel/framework/src/Illuminate/Pipeline/Pipeline.php(183): Illuminate\\Http\\Middleware\\HandleCors->handle()
#66 /home/saai/Documents/Projects/CGTA-CLUB/vendor/laravel/framework/src/Illuminate/Http/Middleware/TrustProxies.php(39): Illuminate\\Pipeline\\Pipeline->Illuminate\\Pipeline\\{closure}()
#67 /home/saai/Documents/Projects/CGTA-CLUB/vendor/laravel/framework/src/Illuminate/Pipeline/Pipeline.php(183): Illuminate\\Http\\Middleware\\TrustProxies->handle()
#68 /home/saai/Documents/Projects/CGTA-CLUB/vendor/laravel/framework/src/Illuminate/Pipeline/Pipeline.php(119): Illuminate\\Pipeline\\Pipeline->Illuminate\\Pipeline\\{closure}()
#69 /home/saai/Documents/Projects/CGTA-CLUB/vendor/laravel/framework/src/Illuminate/Foundation/Http/Kernel.php(175): Illuminate\\Pipeline\\Pipeline->then()
#70 /home/saai/Documents/Projects/CGTA-CLUB/vendor/laravel/framework/src/Illuminate/Foundation/Http/Kernel.php(144): Illuminate\\Foundation\\Http\\Kernel->sendRequestThroughRouter()
#71 /home/saai/Documents/Projects/CGTA-CLUB/public/index.php(51): Illuminate\\Foundation\\Http\\Kernel->handle()
#72 /home/saai/Documents/Projects/CGTA-CLUB/vendor/laravel/framework/src/Illuminate/Foundation/resources/server.php(16): require_once('...')
#73 {main}
"} 
[2025-01-16 00:56:09] local.ERROR: Livewire only supports one HTML element per component. Multiple root elements detected for component: [pages.member.member-comp.member-card] {"exception":"[object] (Livewire\\Features\\SupportMultipleRootElementDetection\\MultipleRootElementsDetectedException(code: 0): Livewire only supports one HTML element per component. Multiple root elements detected for component: [pages.member.member-comp.member-card] at /home/saai/Documents/Projects/CGTA-CLUB/vendor/livewire/livewire/src/Features/SupportMultipleRootElementDetection/SupportMultipleRootElementDetection.php:27)
[stacktrace]
#0 /home/saai/Documents/Projects/CGTA-CLUB/vendor/livewire/livewire/src/Features/SupportMultipleRootElementDetection/SupportMultipleRootElementDetection.php(16): Livewire\\Features\\SupportMultipleRootElementDetection\\SupportMultipleRootElementDetection->warnAgainstMoreThanOneRootElement()
#1 /home/saai/Documents/Projects/CGTA-CLUB/vendor/livewire/livewire/src/EventBus.php(73): Livewire\\Features\\SupportMultipleRootElementDetection\\SupportMultipleRootElementDetection::Livewire\\Features\\SupportMultipleRootElementDetection\\{closure}()
#2 /home/saai/Documents/Projects/CGTA-CLUB/vendor/livewire/livewire/src/Mechanisms/HandleComponents/HandleComponents.php(72): Livewire\\EventBus->Livewire\\{closure}()
#3 /home/saai/Documents/Projects/CGTA-CLUB/vendor/livewire/livewire/src/LivewireManager.php(73): Livewire\\Mechanisms\\HandleComponents\\HandleComponents->mount()
#4 /home/saai/Documents/Projects/CGTA-CLUB/storage/framework/views/9759f8a711c2e3867bf1f4fda53d5354.php(82): Livewire\\LivewireManager->mount()
#5 /home/saai/Documents/Projects/CGTA-CLUB/vendor/livewire/livewire/src/Mechanisms/ExtendBlade/ExtendedCompilerEngine.php(37): include('...')
#6 /home/saai/Documents/Projects/CGTA-CLUB/vendor/livewire/livewire/src/Mechanisms/ExtendBlade/ExtendedCompilerEngine.php(38): App\\Livewire\\Pages\\Member\\Member->Livewire\\Mechanisms\\ExtendBlade\\{closure}()
#7 /home/saai/Documents/Projects/CGTA-CLUB/vendor/laravel/framework/src/Illuminate/View/Engines/CompilerEngine.php(72): Livewire\\Mechanisms\\ExtendBlade\\ExtendedCompilerEngine->evaluatePath()
#8 /home/saai/Documents/Projects/CGTA-CLUB/vendor/livewire/livewire/src/Mechanisms/ExtendBlade/ExtendedCompilerEngine.php(16): Illuminate\\View\\Engines\\CompilerEngine->get()
#9 /home/saai/Documents/Projects/CGTA-CLUB/vendor/laravel/framework/src/Illuminate/View/View.php(207): Livewire\\Mechanisms\\ExtendBlade\\ExtendedCompilerEngine->get()
#10 /home/saai/Documents/Projects/CGTA-CLUB/vendor/laravel/framework/src/Illuminate/View/View.php(190): Illuminate\\View\\View->getContents()
#11 /home/saai/Documents/Projects/CGTA-CLUB/vendor/laravel/framework/src/Illuminate/View/View.php(159): Illuminate\\View\\View->renderContents()
#12 /home/saai/Documents/Projects/CGTA-CLUB/vendor/livewire/livewire/src/Mechanisms/HandleComponents/HandleComponents.php(241): Illuminate\\View\\View->render()
#13 /home/saai/Documents/Projects/CGTA-CLUB/vendor/livewire/livewire/src/Mechanisms/HandleComponents/HandleComponents.php(285): Livewire\\Mechanisms\\HandleComponents\\HandleComponents->Livewire\\Mechanisms\\HandleComponents\\{closure}()
#14 /home/saai/Documents/Projects/CGTA-CLUB/vendor/livewire/livewire/src/Mechanisms/HandleComponents/HandleComponents.php(233): Livewire\\Mechanisms\\HandleComponents\\HandleComponents->trackInRenderStack()
#15 /home/saai/Documents/Projects/CGTA-CLUB/vendor/livewire/livewire/src/Mechanisms/HandleComponents/HandleComponents.php(54): Livewire\\Mechanisms\\HandleComponents\\HandleComponents->render()
#16 /home/saai/Documents/Projects/CGTA-CLUB/vendor/livewire/livewire/src/LivewireManager.php(73): Livewire\\Mechanisms\\HandleComponents\\HandleComponents->mount()
#17 /home/saai/Documents/Projects/CGTA-CLUB/vendor/livewire/livewire/src/Features/SupportPageComponents/HandlesPageComponents.php(17): Livewire\\LivewireManager->mount()
#18 /home/saai/Documents/Projects/CGTA-CLUB/vendor/livewire/livewire/src/Features/SupportPageComponents/SupportPageComponents.php(117): Livewire\\Component->Livewire\\Features\\SupportPageComponents\\{closure}()
#19 /home/saai/Documents/Projects/CGTA-CLUB/vendor/livewire/livewire/src/Features/SupportPageComponents/HandlesPageComponents.php(14): Livewire\\Features\\SupportPageComponents\\SupportPageComponents::interceptTheRenderOfTheComponentAndRetreiveTheLayoutConfiguration()
#20 /home/saai/Documents/Projects/CGTA-CLUB/vendor/laravel/framework/src/Illuminate/Routing/ControllerDispatcher.php(46): Livewire\\Component->__invoke()
#21 /home/saai/Documents/Projects/CGTA-CLUB/vendor/laravel/framework/src/Illuminate/Routing/Route.php(259): Illuminate\\Routing\\ControllerDispatcher->dispatch()
#22 /home/saai/Documents/Projects/CGTA-CLUB/vendor/laravel/framework/src/Illuminate/Routing/Route.php(205): Illuminate\\Routing\\Route->runController()
#23 /home/saai/Documents/Projects/CGTA-CLUB/vendor/laravel/framework/src/Illuminate/Routing/Router.php(806): Illuminate\\Routing\\Route->run()
#24 /home/saai/Documents/Projects/CGTA-CLUB/vendor/laravel/framework/src/Illuminate/Pipeline/Pipeline.php(144): Illuminate\\Routing\\Router->Illuminate\\Routing\\{closure}()
#25 /home/saai/Documents/Projects/CGTA-CLUB/vendor/laravel/framework/src/Illuminate/Routing/Middleware/SubstituteBindings.php(50): Illuminate\\Pipeline\\Pipeline->Illuminate\\Pipeline\\{closure}()
#26 /home/saai/Documents/Projects/CGTA-CLUB/vendor/laravel/framework/src/Illuminate/Pipeline/Pipeline.php(183): Illuminate\\Routing\\Middleware\\SubstituteBindings->handle()
#27 /home/saai/Documents/Projects/CGTA-CLUB/vendor/laravel/framework/src/Illuminate/Foundation/Http/Middleware/VerifyCsrfToken.php(78): Illuminate\\Pipeline\\Pipeline->Illuminate\\Pipeline\\{closure}()
#28 /home/saai/Documents/Projects/CGTA-CLUB/vendor/laravel/framework/src/Illuminate/Pipeline/Pipeline.php(183): Illuminate\\Foundation\\Http\\Middleware\\VerifyCsrfToken->handle()
#29 /home/saai/Documents/Projects/CGTA-CLUB/vendor/laravel/framework/src/Illuminate/View/Middleware/ShareErrorsFromSession.php(49): Illuminate\\Pipeline\\Pipeline->Illuminate\\Pipeline\\{closure}()
#30 /home/saai/Documents/Projects/CGTA-CLUB/vendor/laravel/framework/src/Illuminate/Pipeline/Pipeline.php(183): Illuminate\\View\\Middleware\\ShareErrorsFromSession->handle()
#31 /home/saai/Documents/Projects/CGTA-CLUB/vendor/laravel/framework/src/Illuminate/Session/Middleware/StartSession.php(121): Illuminate\\Pipeline\\Pipeline->Illuminate\\Pipeline\\{closure}()
#32 /home/saai/Documents/Projects/CGTA-CLUB/vendor/laravel/framework/src/Illuminate/Session/Middleware/StartSession.php(64): Illuminate\\Session\\Middleware\\StartSession->handleStatefulRequest()
#33 /home/saai/Documents/Projects/CGTA-CLUB/vendor/laravel/framework/src/Illuminate/Pipeline/Pipeline.php(183): Illuminate\\Session\\Middleware\\StartSession->handle()
#34 /home/saai/Documents/Projects/CGTA-CLUB/vendor/laravel/framework/src/Illuminate/Cookie/Middleware/AddQueuedCookiesToResponse.php(37): Illuminate\\Pipeline\\Pipeline->Illuminate\\Pipeline\\{closure}()
#35 /home/saai/Documents/Projects/CGTA-CLUB/vendor/laravel/framework/src/Illuminate/Pipeline/Pipeline.php(183): Illuminate\\Cookie\\Middleware\\AddQueuedCookiesToResponse->handle()
#36 /home/saai/Documents/Projects/CGTA-CLUB/vendor/laravel/framework/src/Illuminate/Cookie/Middleware/EncryptCookies.php(67): Illuminate\\Pipeline\\Pipeline->Illuminate\\Pipeline\\{closure}()
#37 /home/saai/Documents/Projects/CGTA-CLUB/vendor/laravel/framework/src/Illuminate/Pipeline/Pipeline.php(183): Illuminate\\Cookie\\Middleware\\EncryptCookies->handle()
#38 /home/saai/Documents/Projects/CGTA-CLUB/vendor/laravel/framework/src/Illuminate/Pipeline/Pipeline.php(119): Illuminate\\Pipeline\\Pipeline->Illuminate\\Pipeline\\{closure}()
#39 /home/saai/Documents/Projects/CGTA-CLUB/vendor/laravel/framework/src/Illuminate/Routing/Router.php(805): Illuminate\\Pipeline\\Pipeline->then()
#40 /home/saai/Documents/Projects/CGTA-CLUB/vendor/laravel/framework/src/Illuminate/Routing/Router.php(784): Illuminate\\Routing\\Router->runRouteWithinStack()
#41 /home/saai/Documents/Projects/CGTA-CLUB/vendor/laravel/framework/src/Illuminate/Routing/Router.php(748): Illuminate\\Routing\\Router->runRoute()
#42 /home/saai/Documents/Projects/CGTA-CLUB/vendor/laravel/framework/src/Illuminate/Routing/Router.php(737): Illuminate\\Routing\\Router->dispatchToRoute()
#43 /home/saai/Documents/Projects/CGTA-CLUB/vendor/laravel/framework/src/Illuminate/Foundation/Http/Kernel.php(200): Illuminate\\Routing\\Router->dispatch()
#44 /home/saai/Documents/Projects/CGTA-CLUB/vendor/laravel/framework/src/Illuminate/Pipeline/Pipeline.php(144): Illuminate\\Foundation\\Http\\Kernel->Illuminate\\Foundation\\Http\\{closure}()
#45 /home/saai/Documents/Projects/CGTA-CLUB/vendor/livewire/livewire/src/Features/SupportDisablingBackButtonCache/DisableBackButtonCacheMiddleware.php(19): Illuminate\\Pipeline\\Pipeline->Illuminate\\Pipeline\\{closure}()
#46 /home/saai/Documents/Projects/CGTA-CLUB/vendor/laravel/framework/src/Illuminate/Pipeline/Pipeline.php(183): Livewire\\Features\\SupportDisablingBackButtonCache\\DisableBackButtonCacheMiddleware->handle()
#47 /home/saai/Documents/Projects/CGTA-CLUB/vendor/laravel/framework/src/Illuminate/Foundation/Http/Middleware/TransformsRequest.php(21): Illuminate\\Pipeline\\Pipeline->Illuminate\\Pipeline\\{closure}()
#48 /home/saai/Documents/Projects/CGTA-CLUB/vendor/laravel/framework/src/Illuminate/Foundation/Http/Middleware/ConvertEmptyStringsToNull.php(31): Illuminate\\Foundation\\Http\\Middleware\\TransformsRequest->handle()
#49 /home/saai/Documents/Projects/CGTA-CLUB/vendor/laravel/framework/src/Illuminate/Pipeline/Pipeline.php(183): Illuminate\\Foundation\\Http\\Middleware\\ConvertEmptyStringsToNull->handle()
#50 /home/saai/Documents/Projects/CGTA-CLUB/vendor/laravel/framework/src/Illuminate/Foundation/Http/Middleware/TransformsRequest.php(21): Illuminate\\Pipeline\\Pipeline->Illuminate\\Pipeline\\{closure}()
#51 /home/saai/Documents/Projects/CGTA-CLUB/vendor/laravel/framework/src/Illuminate/Foundation/Http/Middleware/TrimStrings.php(40): Illuminate\\Foundation\\Http\\Middleware\\TransformsRequest->handle()
#52 /home/saai/Documents/Projects/CGTA-CLUB/vendor/laravel/framework/src/Illuminate/Pipeline/Pipeline.php(183): Illuminate\\Foundation\\Http\\Middleware\\TrimStrings->handle()
#53 /home/saai/Documents/Projects/CGTA-CLUB/vendor/laravel/framework/src/Illuminate/Foundation/Http/Middleware/ValidatePostSize.php(27): Illuminate\\Pipeline\\Pipeline->Illuminate\\Pipeline\\{closure}()
#54 /home/saai/Documents/Projects/CGTA-CLUB/vendor/laravel/framework/src/Illuminate/Pipeline/Pipeline.php(183): Illuminate\\Foundation\\Http\\Middleware\\ValidatePostSize->handle()
#55 /home/saai/Documents/Projects/CGTA-CLUB/vendor/laravel/framework/src/Illuminate/Foundation/Http/Middleware/PreventRequestsDuringMaintenance.php(99): Illuminate\\Pipeline\\Pipeline->Illuminate\\Pipeline\\{closure}()
#56 /home/saai/Documents/Projects/CGTA-CLUB/vendor/laravel/framework/src/Illuminate/Pipeline/Pipeline.php(183): Illuminate\\Foundation\\Http\\Middleware\\PreventRequestsDuringMaintenance->handle()
#57 /home/saai/Documents/Projects/CGTA-CLUB/vendor/laravel/framework/src/Illuminate/Http/Middleware/HandleCors.php(49): Illuminate\\Pipeline\\Pipeline->Illuminate\\Pipeline\\{closure}()
#58 /home/saai/Documents/Projects/CGTA-CLUB/vendor/laravel/framework/src/Illuminate/Pipeline/Pipeline.php(183): Illuminate\\Http\\Middleware\\HandleCors->handle()
#59 /home/saai/Documents/Projects/CGTA-CLUB/vendor/laravel/framework/src/Illuminate/Http/Middleware/TrustProxies.php(39): Illuminate\\Pipeline\\Pipeline->Illuminate\\Pipeline\\{closure}()
#60 /home/saai/Documents/Projects/CGTA-CLUB/vendor/laravel/framework/src/Illuminate/Pipeline/Pipeline.php(183): Illuminate\\Http\\Middleware\\TrustProxies->handle()
#61 /home/saai/Documents/Projects/CGTA-CLUB/vendor/laravel/framework/src/Illuminate/Pipeline/Pipeline.php(119): Illuminate\\Pipeline\\Pipeline->Illuminate\\Pipeline\\{closure}()
#62 /home/saai/Documents/Projects/CGTA-CLUB/vendor/laravel/framework/src/Illuminate/Foundation/Http/Kernel.php(175): Illuminate\\Pipeline\\Pipeline->then()
#63 /home/saai/Documents/Projects/CGTA-CLUB/vendor/laravel/framework/src/Illuminate/Foundation/Http/Kernel.php(144): Illuminate\\Foundation\\Http\\Kernel->sendRequestThroughRouter()
#64 /home/saai/Documents/Projects/CGTA-CLUB/public/index.php(51): Illuminate\\Foundation\\Http\\Kernel->handle()
#65 /home/saai/Documents/Projects/CGTA-CLUB/vendor/laravel/framework/src/Illuminate/Foundation/resources/server.php(16): require_once('...')
#66 {main}
"} 
[2025-01-16 00:56:48] local.ERROR: Livewire only supports one HTML element per component. Multiple root elements detected for component: [pages.member.member-comp.member-card] {"exception":"[object] (Livewire\\Features\\SupportMultipleRootElementDetection\\MultipleRootElementsDetectedException(code: 0): Livewire only supports one HTML element per component. Multiple root elements detected for component: [pages.member.member-comp.member-card] at /home/saai/Documents/Projects/CGTA-CLUB/vendor/livewire/livewire/src/Features/SupportMultipleRootElementDetection/SupportMultipleRootElementDetection.php:27)
[stacktrace]
#0 /home/saai/Documents/Projects/CGTA-CLUB/vendor/livewire/livewire/src/Features/SupportMultipleRootElementDetection/SupportMultipleRootElementDetection.php(16): Livewire\\Features\\SupportMultipleRootElementDetection\\SupportMultipleRootElementDetection->warnAgainstMoreThanOneRootElement()
#1 /home/saai/Documents/Projects/CGTA-CLUB/vendor/livewire/livewire/src/EventBus.php(73): Livewire\\Features\\SupportMultipleRootElementDetection\\SupportMultipleRootElementDetection::Livewire\\Features\\SupportMultipleRootElementDetection\\{closure}()
#2 /home/saai/Documents/Projects/CGTA-CLUB/vendor/livewire/livewire/src/Mechanisms/HandleComponents/HandleComponents.php(72): Livewire\\EventBus->Livewire\\{closure}()
#3 /home/saai/Documents/Projects/CGTA-CLUB/vendor/livewire/livewire/src/LivewireManager.php(73): Livewire\\Mechanisms\\HandleComponents\\HandleComponents->mount()
#4 /home/saai/Documents/Projects/CGTA-CLUB/storage/framework/views/9759f8a711c2e3867bf1f4fda53d5354.php(82): Livewire\\LivewireManager->mount()
#5 /home/saai/Documents/Projects/CGTA-CLUB/vendor/livewire/livewire/src/Mechanisms/ExtendBlade/ExtendedCompilerEngine.php(37): include('...')
#6 /home/saai/Documents/Projects/CGTA-CLUB/vendor/livewire/livewire/src/Mechanisms/ExtendBlade/ExtendedCompilerEngine.php(38): App\\Livewire\\Pages\\Member\\Member->Livewire\\Mechanisms\\ExtendBlade\\{closure}()
#7 /home/saai/Documents/Projects/CGTA-CLUB/vendor/laravel/framework/src/Illuminate/View/Engines/CompilerEngine.php(72): Livewire\\Mechanisms\\ExtendBlade\\ExtendedCompilerEngine->evaluatePath()
#8 /home/saai/Documents/Projects/CGTA-CLUB/vendor/livewire/livewire/src/Mechanisms/ExtendBlade/ExtendedCompilerEngine.php(16): Illuminate\\View\\Engines\\CompilerEngine->get()
#9 /home/saai/Documents/Projects/CGTA-CLUB/vendor/laravel/framework/src/Illuminate/View/View.php(207): Livewire\\Mechanisms\\ExtendBlade\\ExtendedCompilerEngine->get()
#10 /home/saai/Documents/Projects/CGTA-CLUB/vendor/laravel/framework/src/Illuminate/View/View.php(190): Illuminate\\View\\View->getContents()
#11 /home/saai/Documents/Projects/CGTA-CLUB/vendor/laravel/framework/src/Illuminate/View/View.php(159): Illuminate\\View\\View->renderContents()
#12 /home/saai/Documents/Projects/CGTA-CLUB/vendor/livewire/livewire/src/Mechanisms/HandleComponents/HandleComponents.php(241): Illuminate\\View\\View->render()
#13 /home/saai/Documents/Projects/CGTA-CLUB/vendor/livewire/livewire/src/Mechanisms/HandleComponents/HandleComponents.php(285): Livewire\\Mechanisms\\HandleComponents\\HandleComponents->Livewire\\Mechanisms\\HandleComponents\\{closure}()
#14 /home/saai/Documents/Projects/CGTA-CLUB/vendor/livewire/livewire/src/Mechanisms/HandleComponents/HandleComponents.php(233): Livewire\\Mechanisms\\HandleComponents\\HandleComponents->trackInRenderStack()
#15 /home/saai/Documents/Projects/CGTA-CLUB/vendor/livewire/livewire/src/Mechanisms/HandleComponents/HandleComponents.php(54): Livewire\\Mechanisms\\HandleComponents\\HandleComponents->render()
#16 /home/saai/Documents/Projects/CGTA-CLUB/vendor/livewire/livewire/src/LivewireManager.php(73): Livewire\\Mechanisms\\HandleComponents\\HandleComponents->mount()
#17 /home/saai/Documents/Projects/CGTA-CLUB/vendor/livewire/livewire/src/Features/SupportPageComponents/HandlesPageComponents.php(17): Livewire\\LivewireManager->mount()
#18 /home/saai/Documents/Projects/CGTA-CLUB/vendor/livewire/livewire/src/Features/SupportPageComponents/SupportPageComponents.php(117): Livewire\\Component->Livewire\\Features\\SupportPageComponents\\{closure}()
#19 /home/saai/Documents/Projects/CGTA-CLUB/vendor/livewire/livewire/src/Features/SupportPageComponents/HandlesPageComponents.php(14): Livewire\\Features\\SupportPageComponents\\SupportPageComponents::interceptTheRenderOfTheComponentAndRetreiveTheLayoutConfiguration()
#20 /home/saai/Documents/Projects/CGTA-CLUB/vendor/laravel/framework/src/Illuminate/Routing/ControllerDispatcher.php(46): Livewire\\Component->__invoke()
#21 /home/saai/Documents/Projects/CGTA-CLUB/vendor/laravel/framework/src/Illuminate/Routing/Route.php(259): Illuminate\\Routing\\ControllerDispatcher->dispatch()
#22 /home/saai/Documents/Projects/CGTA-CLUB/vendor/laravel/framework/src/Illuminate/Routing/Route.php(205): Illuminate\\Routing\\Route->runController()
#23 /home/saai/Documents/Projects/CGTA-CLUB/vendor/laravel/framework/src/Illuminate/Routing/Router.php(806): Illuminate\\Routing\\Route->run()
#24 /home/saai/Documents/Projects/CGTA-CLUB/vendor/laravel/framework/src/Illuminate/Pipeline/Pipeline.php(144): Illuminate\\Routing\\Router->Illuminate\\Routing\\{closure}()
#25 /home/saai/Documents/Projects/CGTA-CLUB/vendor/laravel/framework/src/Illuminate/Routing/Middleware/SubstituteBindings.php(50): Illuminate\\Pipeline\\Pipeline->Illuminate\\Pipeline\\{closure}()
#26 /home/saai/Documents/Projects/CGTA-CLUB/vendor/laravel/framework/src/Illuminate/Pipeline/Pipeline.php(183): Illuminate\\Routing\\Middleware\\SubstituteBindings->handle()
#27 /home/saai/Documents/Projects/CGTA-CLUB/vendor/laravel/framework/src/Illuminate/Foundation/Http/Middleware/VerifyCsrfToken.php(78): Illuminate\\Pipeline\\Pipeline->Illuminate\\Pipeline\\{closure}()
#28 /home/saai/Documents/Projects/CGTA-CLUB/vendor/laravel/framework/src/Illuminate/Pipeline/Pipeline.php(183): Illuminate\\Foundation\\Http\\Middleware\\VerifyCsrfToken->handle()
#29 /home/saai/Documents/Projects/CGTA-CLUB/vendor/laravel/framework/src/Illuminate/View/Middleware/ShareErrorsFromSession.php(49): Illuminate\\Pipeline\\Pipeline->Illuminate\\Pipeline\\{closure}()
#30 /home/saai/Documents/Projects/CGTA-CLUB/vendor/laravel/framework/src/Illuminate/Pipeline/Pipeline.php(183): Illuminate\\View\\Middleware\\ShareErrorsFromSession->handle()
#31 /home/saai/Documents/Projects/CGTA-CLUB/vendor/laravel/framework/src/Illuminate/Session/Middleware/StartSession.php(121): Illuminate\\Pipeline\\Pipeline->Illuminate\\Pipeline\\{closure}()
#32 /home/saai/Documents/Projects/CGTA-CLUB/vendor/laravel/framework/src/Illuminate/Session/Middleware/StartSession.php(64): Illuminate\\Session\\Middleware\\StartSession->handleStatefulRequest()
#33 /home/saai/Documents/Projects/CGTA-CLUB/vendor/laravel/framework/src/Illuminate/Pipeline/Pipeline.php(183): Illuminate\\Session\\Middleware\\StartSession->handle()
#34 /home/saai/Documents/Projects/CGTA-CLUB/vendor/laravel/framework/src/Illuminate/Cookie/Middleware/AddQueuedCookiesToResponse.php(37): Illuminate\\Pipeline\\Pipeline->Illuminate\\Pipeline\\{closure}()
#35 /home/saai/Documents/Projects/CGTA-CLUB/vendor/laravel/framework/src/Illuminate/Pipeline/Pipeline.php(183): Illuminate\\Cookie\\Middleware\\AddQueuedCookiesToResponse->handle()
#36 /home/saai/Documents/Projects/CGTA-CLUB/vendor/laravel/framework/src/Illuminate/Cookie/Middleware/EncryptCookies.php(67): Illuminate\\Pipeline\\Pipeline->Illuminate\\Pipeline\\{closure}()
#37 /home/saai/Documents/Projects/CGTA-CLUB/vendor/laravel/framework/src/Illuminate/Pipeline/Pipeline.php(183): Illuminate\\Cookie\\Middleware\\EncryptCookies->handle()
#38 /home/saai/Documents/Projects/CGTA-CLUB/vendor/laravel/framework/src/Illuminate/Pipeline/Pipeline.php(119): Illuminate\\Pipeline\\Pipeline->Illuminate\\Pipeline\\{closure}()
#39 /home/saai/Documents/Projects/CGTA-CLUB/vendor/laravel/framework/src/Illuminate/Routing/Router.php(805): Illuminate\\Pipeline\\Pipeline->then()
#40 /home/saai/Documents/Projects/CGTA-CLUB/vendor/laravel/framework/src/Illuminate/Routing/Router.php(784): Illuminate\\Routing\\Router->runRouteWithinStack()
#41 /home/saai/Documents/Projects/CGTA-CLUB/vendor/laravel/framework/src/Illuminate/Routing/Router.php(748): Illuminate\\Routing\\Router->runRoute()
#42 /home/saai/Documents/Projects/CGTA-CLUB/vendor/laravel/framework/src/Illuminate/Routing/Router.php(737): Illuminate\\Routing\\Router->dispatchToRoute()
#43 /home/saai/Documents/Projects/CGTA-CLUB/vendor/laravel/framework/src/Illuminate/Foundation/Http/Kernel.php(200): Illuminate\\Routing\\Router->dispatch()
#44 /home/saai/Documents/Projects/CGTA-CLUB/vendor/laravel/framework/src/Illuminate/Pipeline/Pipeline.php(144): Illuminate\\Foundation\\Http\\Kernel->Illuminate\\Foundation\\Http\\{closure}()
#45 /home/saai/Documents/Projects/CGTA-CLUB/vendor/livewire/livewire/src/Features/SupportDisablingBackButtonCache/DisableBackButtonCacheMiddleware.php(19): Illuminate\\Pipeline\\Pipeline->Illuminate\\Pipeline\\{closure}()
#46 /home/saai/Documents/Projects/CGTA-CLUB/vendor/laravel/framework/src/Illuminate/Pipeline/Pipeline.php(183): Livewire\\Features\\SupportDisablingBackButtonCache\\DisableBackButtonCacheMiddleware->handle()
#47 /home/saai/Documents/Projects/CGTA-CLUB/vendor/laravel/framework/src/Illuminate/Foundation/Http/Middleware/TransformsRequest.php(21): Illuminate\\Pipeline\\Pipeline->Illuminate\\Pipeline\\{closure}()
#48 /home/saai/Documents/Projects/CGTA-CLUB/vendor/laravel/framework/src/Illuminate/Foundation/Http/Middleware/ConvertEmptyStringsToNull.php(31): Illuminate\\Foundation\\Http\\Middleware\\TransformsRequest->handle()
#49 /home/saai/Documents/Projects/CGTA-CLUB/vendor/laravel/framework/src/Illuminate/Pipeline/Pipeline.php(183): Illuminate\\Foundation\\Http\\Middleware\\ConvertEmptyStringsToNull->handle()
#50 /home/saai/Documents/Projects/CGTA-CLUB/vendor/laravel/framework/src/Illuminate/Foundation/Http/Middleware/TransformsRequest.php(21): Illuminate\\Pipeline\\Pipeline->Illuminate\\Pipeline\\{closure}()
#51 /home/saai/Documents/Projects/CGTA-CLUB/vendor/laravel/framework/src/Illuminate/Foundation/Http/Middleware/TrimStrings.php(40): Illuminate\\Foundation\\Http\\Middleware\\TransformsRequest->handle()
#52 /home/saai/Documents/Projects/CGTA-CLUB/vendor/laravel/framework/src/Illuminate/Pipeline/Pipeline.php(183): Illuminate\\Foundation\\Http\\Middleware\\TrimStrings->handle()
#53 /home/saai/Documents/Projects/CGTA-CLUB/vendor/laravel/framework/src/Illuminate/Foundation/Http/Middleware/ValidatePostSize.php(27): Illuminate\\Pipeline\\Pipeline->Illuminate\\Pipeline\\{closure}()
#54 /home/saai/Documents/Projects/CGTA-CLUB/vendor/laravel/framework/src/Illuminate/Pipeline/Pipeline.php(183): Illuminate\\Foundation\\Http\\Middleware\\ValidatePostSize->handle()
#55 /home/saai/Documents/Projects/CGTA-CLUB/vendor/laravel/framework/src/Illuminate/Foundation/Http/Middleware/PreventRequestsDuringMaintenance.php(99): Illuminate\\Pipeline\\Pipeline->Illuminate\\Pipeline\\{closure}()
#56 /home/saai/Documents/Projects/CGTA-CLUB/vendor/laravel/framework/src/Illuminate/Pipeline/Pipeline.php(183): Illuminate\\Foundation\\Http\\Middleware\\PreventRequestsDuringMaintenance->handle()
#57 /home/saai/Documents/Projects/CGTA-CLUB/vendor/laravel/framework/src/Illuminate/Http/Middleware/HandleCors.php(49): Illuminate\\Pipeline\\Pipeline->Illuminate\\Pipeline\\{closure}()
#58 /home/saai/Documents/Projects/CGTA-CLUB/vendor/laravel/framework/src/Illuminate/Pipeline/Pipeline.php(183): Illuminate\\Http\\Middleware\\HandleCors->handle()
#59 /home/saai/Documents/Projects/CGTA-CLUB/vendor/laravel/framework/src/Illuminate/Http/Middleware/TrustProxies.php(39): Illuminate\\Pipeline\\Pipeline->Illuminate\\Pipeline\\{closure}()
#60 /home/saai/Documents/Projects/CGTA-CLUB/vendor/laravel/framework/src/Illuminate/Pipeline/Pipeline.php(183): Illuminate\\Http\\Middleware\\TrustProxies->handle()
#61 /home/saai/Documents/Projects/CGTA-CLUB/vendor/laravel/framework/src/Illuminate/Pipeline/Pipeline.php(119): Illuminate\\Pipeline\\Pipeline->Illuminate\\Pipeline\\{closure}()
#62 /home/saai/Documents/Projects/CGTA-CLUB/vendor/laravel/framework/src/Illuminate/Foundation/Http/Kernel.php(175): Illuminate\\Pipeline\\Pipeline->then()
#63 /home/saai/Documents/Projects/CGTA-CLUB/vendor/laravel/framework/src/Illuminate/Foundation/Http/Kernel.php(144): Illuminate\\Foundation\\Http\\Kernel->sendRequestThroughRouter()
#64 /home/saai/Documents/Projects/CGTA-CLUB/public/index.php(51): Illuminate\\Foundation\\Http\\Kernel->handle()
#65 /home/saai/Documents/Projects/CGTA-CLUB/vendor/laravel/framework/src/Illuminate/Foundation/resources/server.php(16): require_once('...')
#66 {main}
"} 
